motion_id,name,description,type,file
derived_mirror_c9ccf8d5-b96c-11e4-a802-0aaa78deedf9,Derived Mirror Walk Arc Right,Post-retarget sagittal mirror of vetted natural female Walk Arc Left,Motion,download/c9ccf8d5-b96c-11e4-a802-0aaa78deedf9.fbx
c9c72233-b96c-11e4-a802-0aaa78deedf9,Body Block,Blocking Body With Arms,Motion,download/c9c72233-b96c-11e4-a802-0aaa78deedf9.fbx
c9c69305-b96c-11e4-a802-0aaa78deedf9,Double Dagger Stab,Static Double Dagger Stab With Outward Grip,Motion,download/c9c69305-b96c-11e4-a802-0aaa78deedf9.fbx
c9c6b165-b96c-11e4-a802-0aaa78deedf9,Zombie Stand Up,Zombie Laying On Back To Standing Up,Motion,download/c9c6b165-b96c-11e4-a802-0aaa78deedf9.fbx
c9c6fa80-b96c-11e4-a802-0aaa78deedf9,Hip Hop Dancing,Hip Hop Dancing Bboy Variation One,Motion,download/c9c6fa80-b96c-11e4-a802-0aaa78deedf9.fbx
c9c6ba36-b96c-11e4-a802-0aaa78deedf9,Slow Jog Backwards,Jogging Slowly In Reverse Varying Angles Of Twist,Motion,download/c9c6ba36-b96c-11e4-a802-0aaa78deedf9.fbx
c9c646a9-b96c-11e4-a802-0aaa78deedf9,Reloading,Gun Reload While Walking,Motion,download/c9c646a9-b96c-11e4-a802-0aaa78deedf9.fbx
c9c650df-b96c-11e4-a802-0aaa78deedf9,Dancing,"Female ""African Noodle"" Dance",Motion,download/c9c650df-b96c-11e4-a802-0aaa78deedf9.fbx
c9c65d8a-b96c-11e4-a802-0aaa78deedf9,Hip Hop Dancing,Female Hip Hop 'Body Wave' Dancing,Motion,download/c9c65d8a-b96c-11e4-a802-0aaa78deedf9.fbx
c9c671b2-b96c-11e4-a802-0aaa78deedf9,Strut Walking,Male Strut Walk,Motion,download/c9c671b2-b96c-11e4-a802-0aaa78deedf9.fbx
c9c64ab0-b96c-11e4-a802-0aaa78deedf9,Jumping Down,Male Menacing Jump Down,Motion,download/c9c64ab0-b96c-11e4-a802-0aaa78deedf9.fbx
c9c5f9cb-b96c-11e4-a802-0aaa78deedf9,Punching,Hook With The Lead Hand,Motion,download/c9c5f9cb-b96c-11e4-a802-0aaa78deedf9.fbx
d3a09098-c43e-49e7-85f3-fcc86760517a,Standing 2H Magic Attack 01,Two Handed Casting Spell Fowards,Motion,download/d3a09098-c43e-49e7-85f3-fcc86760517a.fbx
14edbafc-0099-4c35-9f66-25e095c7fcd6,Catwalk Idle To Twist R,Female Idle To Twist Right Idle,Motion,download/14edbafc-0099-4c35-9f66-25e095c7fcd6.fbx
51e30f03-9fbf-4d0a-a1b4-489f94e85245,Standing Idle 03,Playing With Magic,Motion,download/51e30f03-9fbf-4d0a-a1b4-489f94e85245.fbx
946fd0d3-815b-4653-8be1-1a2e5b9cc688,Catwalk Walk Forward HighKnees,Female Walk Forward - Knees High,Motion,download/946fd0d3-815b-4653-8be1-1a2e5b9cc688.fbx
c9ceef5f-b96c-11e4-a802-0aaa78deedf9,Unarmed Turn Left 90,Turning 90 Degrees Left,Motion,download/c9ceef5f-b96c-11e4-a802-0aaa78deedf9.fbx
c9cad4c4-b96c-11e4-a802-0aaa78deedf9,Start Plank,Start Plank From Fitness Idle,Motion,download/c9cad4c4-b96c-11e4-a802-0aaa78deedf9.fbx
c9caee1d-b96c-11e4-a802-0aaa78deedf9,Center Block,High Center Block,Motion,download/c9caee1d-b96c-11e4-a802-0aaa78deedf9.fbx
c9c9f63d-b96c-11e4-a802-0aaa78deedf9,Talking On Phone,Female Standing Talking On Phone,Motion,download/c9c9f63d-b96c-11e4-a802-0aaa78deedf9.fbx
c9ca84cb-b96c-11e4-a802-0aaa78deedf9,Drop Kick,Male Kicking With Both Legs,Motion,download/c9ca84cb-b96c-11e4-a802-0aaa78deedf9.fbx
c9cb0ab6-b96c-11e4-a802-0aaa78deedf9,Salute,Formal Military Salute,Motion,download/c9cb0ab6-b96c-11e4-a802-0aaa78deedf9.fbx
c9cb3f36-b96c-11e4-a802-0aaa78deedf9,Goalkeeper Catch,Goalkeeper Catching Ball Medium Height,Motion,download/c9cb3f36-b96c-11e4-a802-0aaa78deedf9.fbx
c9cb2022-b96c-11e4-a802-0aaa78deedf9,Snatch,Ending Snatch Workout To Fitness Idle,Motion,download/c9cb2022-b96c-11e4-a802-0aaa78deedf9.fbx
c9cb49e8-b96c-11e4-a802-0aaa78deedf9,Goalkeeper Catch,Goalkeeper Jump Catching Ball High Height,Motion,download/c9cb49e8-b96c-11e4-a802-0aaa78deedf9.fbx
c9cac4cf-b96c-11e4-a802-0aaa78deedf9,Situp To Idle,Situp Transition To Fitness Idle,Motion,download/c9cac4cf-b96c-11e4-a802-0aaa78deedf9.fbx
c9cadde1-b96c-11e4-a802-0aaa78deedf9,Illegal Elbow Punch,Illegal Elbow To The Head,Motion,download/c9cadde1-b96c-11e4-a802-0aaa78deedf9.fbx
c9ca9cba-b96c-11e4-a802-0aaa78deedf9,Swinging,Male Two Arm Swing Onto Platform,Motion,download/c9ca9cba-b96c-11e4-a802-0aaa78deedf9.fbx
c9ca7c38-b96c-11e4-a802-0aaa78deedf9,Golf Pre-Putt,Putt Pre-Shot Looking Routine,Motion,download/c9ca7c38-b96c-11e4-a802-0aaa78deedf9.fbx
c9ca9a5a-b96c-11e4-a802-0aaa78deedf9,Flying Knee Punch Combo,Jumping Knee Followed By A Punch,Motion,download/c9ca9a5a-b96c-11e4-a802-0aaa78deedf9.fbx
c9c9ed52-b96c-11e4-a802-0aaa78deedf9,Right Turn W/ Briefcase,Male Right Turn With Briefcase,Motion,download/c9c9ed52-b96c-11e4-a802-0aaa78deedf9.fbx
c9ca099c-b96c-11e4-a802-0aaa78deedf9,Opening Door Inwards,Male Walking And Opening A Door Inwards,Motion,download/c9ca099c-b96c-11e4-a802-0aaa78deedf9.fbx
c9ca76d1-b96c-11e4-a802-0aaa78deedf9,Golf Bad Shot,Bad Shot Reaction Var 3,Motion,download/c9ca76d1-b96c-11e4-a802-0aaa78deedf9.fbx
c9c9611b-b96c-11e4-a802-0aaa78deedf9,Climbing To Top,Climbing Up A Ladder To Standing,Motion,download/c9c9611b-b96c-11e4-a802-0aaa78deedf9.fbx
c9c99d44-b96c-11e4-a802-0aaa78deedf9,Stand To Cover,Standing Ready To Standing Cover,Motion,download/c9c99d44-b96c-11e4-a802-0aaa78deedf9.fbx
c9c9941c-b96c-11e4-a802-0aaa78deedf9,Excited,Super Excited,Motion,download/c9c9941c-b96c-11e4-a802-0aaa78deedf9.fbx
c9c97399-b96c-11e4-a802-0aaa78deedf9,Jump,Jumping In Place,Motion,download/c9c97399-b96c-11e4-a802-0aaa78deedf9.fbx
c9c9ce91-b96c-11e4-a802-0aaa78deedf9,Freehang Climb,Freehang Climb To Standing,Motion,download/c9c9ce91-b96c-11e4-a802-0aaa78deedf9.fbx
c9c8b661-b96c-11e4-a802-0aaa78deedf9,Start Walking,Walking From Standing,Motion,download/c9c8b661-b96c-11e4-a802-0aaa78deedf9.fbx
c9c8bb8a-b96c-11e4-a802-0aaa78deedf9,Pilot Flips Switches,Pilot Flips High Switches In A Helicopter,Motion,download/c9c8bb8a-b96c-11e4-a802-0aaa78deedf9.fbx
c9c98e99-b96c-11e4-a802-0aaa78deedf9,Idle,Looking Over Both Shoulders,Motion,download/c9c98e99-b96c-11e4-a802-0aaa78deedf9.fbx
c9c8335e-b96c-11e4-a802-0aaa78deedf9,Standing Up,Sitting To Standing,Motion,download/c9c8335e-b96c-11e4-a802-0aaa78deedf9.fbx
c9c84492-b96c-11e4-a802-0aaa78deedf9,Rifle Aiming Idle,Rifle Standing Aiming Idle,Motion,download/c9c84492-b96c-11e4-a802-0aaa78deedf9.fbx
c9c8707d-b96c-11e4-a802-0aaa78deedf9,Jogging,Jogging,Motion,download/c9c8707d-b96c-11e4-a802-0aaa78deedf9.fbx
c9c8bf13-b96c-11e4-a802-0aaa78deedf9,Block With Rifle,Blocking With Rifle,Motion,download/c9c8bf13-b96c-11e4-a802-0aaa78deedf9.fbx
c9c8f19f-b96c-11e4-a802-0aaa78deedf9,Dismissing Gesture,Dismissing With Back Hand,Motion,download/c9c8f19f-b96c-11e4-a802-0aaa78deedf9.fbx
c9c863fe-b96c-11e4-a802-0aaa78deedf9,Firing Rifle,Firing A Rifle While Standing,Motion,download/c9c863fe-b96c-11e4-a802-0aaa78deedf9.fbx
c9c867ac-b96c-11e4-a802-0aaa78deedf9,Jog In Circle,Jog In A Circle,Motion,download/c9c867ac-b96c-11e4-a802-0aaa78deedf9.fbx
c9c90592-b96c-11e4-a802-0aaa78deedf9,Receive Uppercut To The Face,Receive An Uppercut Punch To The Face,Motion,download/c9c90592-b96c-11e4-a802-0aaa78deedf9.fbx
c9c8d7db-b96c-11e4-a802-0aaa78deedf9,Running To Turn,Fast Run To 180 Degree Turn,Motion,download/c9c8d7db-b96c-11e4-a802-0aaa78deedf9.fbx
c9c8d27d-b96c-11e4-a802-0aaa78deedf9,Look Over Shoulder,Quick Nervous Look Over Right Shoulder,Motion,download/c9c8d27d-b96c-11e4-a802-0aaa78deedf9.fbx
c9c8aa0e-b96c-11e4-a802-0aaa78deedf9,Dodging,Dodging While Holding Rifle,Motion,download/c9c8aa0e-b96c-11e4-a802-0aaa78deedf9.fbx
c9c81fce-b96c-11e4-a802-0aaa78deedf9,Running,Action Move Running And Rolling,Motion,download/c9c81fce-b96c-11e4-a802-0aaa78deedf9.fbx
c9c817ba-b96c-11e4-a802-0aaa78deedf9,Change Direction,Change Direction 180 Degrees While Running,Motion,download/c9c817ba-b96c-11e4-a802-0aaa78deedf9.fbx
c9c80a75-b96c-11e4-a802-0aaa78deedf9,Strafe,Left Male Strafe,Motion,download/c9c80a75-b96c-11e4-a802-0aaa78deedf9.fbx
c9c8276d-b96c-11e4-a802-0aaa78deedf9,Run To Stop,Run To Stop Against Object,Motion,download/c9c8276d-b96c-11e4-a802-0aaa78deedf9.fbx
c9c83790-b96c-11e4-a802-0aaa78deedf9,Running,Turn To Silly Run Away,Motion,download/c9c83790-b96c-11e4-a802-0aaa78deedf9.fbx
c9c795b6-b96c-11e4-a802-0aaa78deedf9,Beckoning,Waving Someone Over While Seated,Motion,download/c9c795b6-b96c-11e4-a802-0aaa78deedf9.fbx
c9c6d61e-b96c-11e4-a802-0aaa78deedf9,Opening,Opening And Closing Cabinet Door,Motion,download/c9c6d61e-b96c-11e4-a802-0aaa78deedf9.fbx
c9c71cfd-b96c-11e4-a802-0aaa78deedf9,Hurricane Kick,Flying Hurricane Kick,Motion,download/c9c71cfd-b96c-11e4-a802-0aaa78deedf9.fbx
c9c6e172-b96c-11e4-a802-0aaa78deedf9,Hip Hop Dancing,Hip Hop Dancing Side To Side,Motion,download/c9c6e172-b96c-11e4-a802-0aaa78deedf9.fbx
c9c71941-b96c-11e4-a802-0aaa78deedf9,Entry,Jogging Around Ring Entry Sequence,Motion,download/c9c71941-b96c-11e4-a802-0aaa78deedf9.fbx
c9c779c3-b96c-11e4-a802-0aaa78deedf9,Skateboarding,Skateboard Kick Push,Motion,download/c9c779c3-b96c-11e4-a802-0aaa78deedf9.fbx
c9c7996a-b96c-11e4-a802-0aaa78deedf9,Standing Greeting,Greeting While Standing,Motion,download/c9c7996a-b96c-11e4-a802-0aaa78deedf9.fbx
c9c7438e-b96c-11e4-a802-0aaa78deedf9,Hip Hop Dancing,Hip Hop Dance Moonwalk,Motion,download/c9c7438e-b96c-11e4-a802-0aaa78deedf9.fbx
c9c76e97-b96c-11e4-a802-0aaa78deedf9,Shooting Arrow,Shooting With Bow And Arrow,Motion,download/c9c76e97-b96c-11e4-a802-0aaa78deedf9.fbx
c9c7a268-b96c-11e4-a802-0aaa78deedf9,Punching Bag,Various Punches To A Punching Bag,Motion,download/c9c7a268-b96c-11e4-a802-0aaa78deedf9.fbx
c9c94322-b96c-11e4-a802-0aaa78deedf9,Left Turn 45,45 Degree Left Turn From Idle,Motion,download/c9c94322-b96c-11e4-a802-0aaa78deedf9.fbx
c9c88e27-b96c-11e4-a802-0aaa78deedf9,Run Backwards,Run Backwards To Crouched Stop,Motion,download/c9c88e27-b96c-11e4-a802-0aaa78deedf9.fbx
c9c78b50-b96c-11e4-a802-0aaa78deedf9,Checking Dice,Looking Under A Cup To Peek At Dice,Motion,download/c9c78b50-b96c-11e4-a802-0aaa78deedf9.fbx
c9c88541-b96c-11e4-a802-0aaa78deedf9,Strafing,Rifle Standing To Start Run Strafing Right,Motion,download/c9c88541-b96c-11e4-a802-0aaa78deedf9.fbx
c9c89ca4-b96c-11e4-a802-0aaa78deedf9,Strafing,Left Upright Strafe Walk To Stop,Motion,download/c9c89ca4-b96c-11e4-a802-0aaa78deedf9.fbx
c9c9067d-b96c-11e4-a802-0aaa78deedf9,Walk With Rifle,Quickly Walk Forward With Rifle,Motion,download/c9c9067d-b96c-11e4-a802-0aaa78deedf9.fbx
c9c8d359-b96c-11e4-a802-0aaa78deedf9,Shoved,Reacting To Being Shoved While Piloting,Motion,download/c9c8d359-b96c-11e4-a802-0aaa78deedf9.fbx
c9c94c6f-b96c-11e4-a802-0aaa78deedf9,Mutant Flexing Muscles,Mutant Flexing Muscles From Standing Idle,Motion,download/c9c94c6f-b96c-11e4-a802-0aaa78deedf9.fbx
c9c914f6-b96c-11e4-a802-0aaa78deedf9,Sitting And Pointing,Sitting And Pointing Forward,Motion,download/c9c914f6-b96c-11e4-a802-0aaa78deedf9.fbx
c9c8f267-b96c-11e4-a802-0aaa78deedf9,Button Pushing,Pushing A Button With The Right Hand,Motion,download/c9c8f267-b96c-11e4-a802-0aaa78deedf9.fbx
c9c72c68-b96c-11e4-a802-0aaa78deedf9,Run,Run Forward Facing Sideways,Motion,download/c9c72c68-b96c-11e4-a802-0aaa78deedf9.fbx
c9c71dbc-b96c-11e4-a802-0aaa78deedf9,Entry,Entering Ring,Motion,download/c9c71dbc-b96c-11e4-a802-0aaa78deedf9.fbx
c9c83b2a-b96c-11e4-a802-0aaa78deedf9,Running,Running While Carrying Someone,Motion,download/c9c83b2a-b96c-11e4-a802-0aaa78deedf9.fbx
c9c864bb-b96c-11e4-a802-0aaa78deedf9,Grabbing Ammo,Rummaging For Ammo To Aiming,Motion,download/c9c864bb-b96c-11e4-a802-0aaa78deedf9.fbx
c9c872b9-b96c-11e4-a802-0aaa78deedf9,Throw Grenade,Throw Grenade While In Prone Position,Motion,download/c9c872b9-b96c-11e4-a802-0aaa78deedf9.fbx
c9c84c29-b96c-11e4-a802-0aaa78deedf9,Jumping Down,Squatting Jump Down To Squatting,Motion,download/c9c84c29-b96c-11e4-a802-0aaa78deedf9.fbx
c9c73b62-b96c-11e4-a802-0aaa78deedf9,Wave Hip Hop Dance,Waving The Arms Hip Hop Dance,Motion,download/c9c73b62-b96c-11e4-a802-0aaa78deedf9.fbx
c9c73579-b96c-11e4-a802-0aaa78deedf9,Salsa Dancing,Male Partner Salsa Variation Five,Motion,download/c9c73579-b96c-11e4-a802-0aaa78deedf9.fbx
c9c722ef-b96c-11e4-a802-0aaa78deedf9,Headbutt,Illegal Headbutt With Step,Motion,download/c9c722ef-b96c-11e4-a802-0aaa78deedf9.fbx
c9c82683-b96c-11e4-a802-0aaa78deedf9,Walk To Stop,Walk To Stop While Carrying Someone,Motion,download/c9c82683-b96c-11e4-a802-0aaa78deedf9.fbx
c9c82832-b96c-11e4-a802-0aaa78deedf9,Rummaging,Reaching To Rummage Through Items,Motion,download/c9c82832-b96c-11e4-a802-0aaa78deedf9.fbx
c9c77c34-b96c-11e4-a802-0aaa78deedf9,Crawling,Crawling Forward On Hands And Knees,Motion,download/c9c77c34-b96c-11e4-a802-0aaa78deedf9.fbx
c9ccdbe3-b96c-11e4-a802-0aaa78deedf9,Walk Forward Arc Right,Walking Forward Right Arc In A Sad Disposition,Motion,download/c9ccdbe3-b96c-11e4-a802-0aaa78deedf9.fbx
c9cda6af-b96c-11e4-a802-0aaa78deedf9,Pick Fruit,Picking Fruit At Eye Level,Motion,download/c9cda6af-b96c-11e4-a802-0aaa78deedf9.fbx
c9cd9d13-b96c-11e4-a802-0aaa78deedf9,Dig And Plant Seeds,Kneeling Digging And Planting Seeds,Motion,download/c9cd9d13-b96c-11e4-a802-0aaa78deedf9.fbx
c9cd4c9d-b96c-11e4-a802-0aaa78deedf9,Backwards Rifle Walk,Walking Backwards With Rifle Down,Motion,download/c9cd4c9d-b96c-11e4-a802-0aaa78deedf9.fbx
c9cd4180-b96c-11e4-a802-0aaa78deedf9,Baseball Hit,Baseball Base Hit - Homerun,Motion,download/c9cd4180-b96c-11e4-a802-0aaa78deedf9.fbx
c9ccc82d-b96c-11e4-a802-0aaa78deedf9,Backward Right Turn,Backward Run Turning Right,Motion,download/c9ccc82d-b96c-11e4-a802-0aaa78deedf9.fbx
c9cca2dc-b96c-11e4-a802-0aaa78deedf9,Draw Sword 1,Transition From Standing To Drawing Sword,Motion,download/c9cca2dc-b96c-11e4-a802-0aaa78deedf9.fbx
c9cc9dae-b96c-11e4-a802-0aaa78deedf9,Soccer Trip,Tripping Over A Soccer Tackle,Motion,download/c9cc9dae-b96c-11e4-a802-0aaa78deedf9.fbx
c9cc1d13-b96c-11e4-a802-0aaa78deedf9,Breakdance Ending 1,Breakdance Finishing Combo Var 1,Motion,download/c9cc1d13-b96c-11e4-a802-0aaa78deedf9.fbx
c9cc38a8-b96c-11e4-a802-0aaa78deedf9,Breakdance Freeze Var 3,Breakdance Arch Freeze Var 3,Motion,download/c9cc38a8-b96c-11e4-a802-0aaa78deedf9.fbx
c9cc3a34-b96c-11e4-a802-0aaa78deedf9,Breakdance 1990,Breakdance Single Handstand Spin End,Motion,download/c9cc3a34-b96c-11e4-a802-0aaa78deedf9.fbx
a1feb8c6-44d3-4510-a8e5-9a9a28960830,Male Dynamic Pose,"Floating, Left Leg Bent, Hands Spread",Motion,download/a1feb8c6-44d3-4510-a8e5-9a9a28960830.fbx
401a9a92-26dc-4b13-962f-d8b509305909,Female Laying Pose,"Back Arched, Arms Supporting",Motion,download/401a9a92-26dc-4b13-962f-d8b509305909.fbx
d7386b89-a82f-4253-853d-4207b969e203,Female Laying Pose,"On Stomach, Elbows Supporting",Motion,download/d7386b89-a82f-4253-853d-4207b969e203.fbx
25c19dfb-999a-44dc-9140-b11a6c646226,Female Sitting Pose,"Arms Holding Left Knee, Reclining",Motion,download/25c19dfb-999a-44dc-9140-b11a6c646226.fbx
fec5edc4-5789-4583-8ae7-605f01ffe227,Male Sitting Pose,Reaching Left Hand Towards Right Toes,Motion,download/fec5edc4-5789-4583-8ae7-605f01ffe227.fbx
0635e50a-9988-4d8e-9d85-1db01c9c342c,Standing Torch Melee Attack 01,Left To Right Attack With Torch,Motion,download/0635e50a-9988-4d8e-9d85-1db01c9c342c.fbx
6fdaf340-4409-42b5-9940-ef3a2995b2c9,Crouch Torch Turn Right 90,Turning 90 Degrees Right,Motion,download/6fdaf340-4409-42b5-9940-ef3a2995b2c9.fbx
123cd592-6ad3-4ecc-9199-d4179124fa01,Standing Aim Idle 01,Aiming Idle With Bow,Motion,download/123cd592-6ad3-4ecc-9199-d4179124fa01.fbx
1bd02904-09ce-44fe-9b6e-6180fa949765,Standing Death Left 01,Death Reaction Falling Left With Bow,Motion,download/1bd02904-09ce-44fe-9b6e-6180fa949765.fbx
c9c8b7de-b96c-11e4-a802-0aaa78deedf9,Sitting Weapon Grab,Grab Melee Weapon While Sitting,Motion,download/c9c8b7de-b96c-11e4-a802-0aaa78deedf9.fbx
c9c89165-b96c-11e4-a802-0aaa78deedf9,Sitting,Little Girl Sitting On A Bench Swinging Her Legs,Motion,download/c9c89165-b96c-11e4-a802-0aaa78deedf9.fbx
c9c8e19e-b96c-11e4-a802-0aaa78deedf9,Stop Walking With Rifle,Walking With A Rifle To A Stop,Motion,download/c9c8e19e-b96c-11e4-a802-0aaa78deedf9.fbx
c9c81bb4-b96c-11e4-a802-0aaa78deedf9,Running Jump,Jumping From A Sprint,Motion,download/c9c81bb4-b96c-11e4-a802-0aaa78deedf9.fbx
c9c80cb1-b96c-11e4-a802-0aaa78deedf9,Strafe,Right Male Strafe,Motion,download/c9c80cb1-b96c-11e4-a802-0aaa78deedf9.fbx
c9c7853c-b96c-11e4-a802-0aaa78deedf9,Cards,Dealing Cards,Motion,download/c9c7853c-b96c-11e4-a802-0aaa78deedf9.fbx
c9c72478-b96c-11e4-a802-0aaa78deedf9,Walking Backwards,One Foot At A Time In Combat Pose,Motion,download/c9c72478-b96c-11e4-a802-0aaa78deedf9.fbx
c9c70e34-b96c-11e4-a802-0aaa78deedf9,Surprised,Finding Something And Wiggling Fingers,Motion,download/c9c70e34-b96c-11e4-a802-0aaa78deedf9.fbx
c9c76d0a-b96c-11e4-a802-0aaa78deedf9,Shooting Gun,Shooting Handgun,Motion,download/c9c76d0a-b96c-11e4-a802-0aaa78deedf9.fbx
c9c77821-b96c-11e4-a802-0aaa78deedf9,Guitar Playing,Playing The Bass Guitar,Motion,download/c9c77821-b96c-11e4-a802-0aaa78deedf9.fbx
c9c72f80-b96c-11e4-a802-0aaa78deedf9,Stable Sword Inward Slash,Inward Slashing With A Sword Standing Stable,Motion,download/c9c72f80-b96c-11e4-a802-0aaa78deedf9.fbx
c9c71b7f-b96c-11e4-a802-0aaa78deedf9,Taunt,Taunting Throwing Arms Back,Motion,download/c9c71b7f-b96c-11e4-a802-0aaa78deedf9.fbx
c9c6f519-b96c-11e4-a802-0aaa78deedf9,Samba Dancing,Afoxe Samba Reggae Dance,Motion,download/c9c6f519-b96c-11e4-a802-0aaa78deedf9.fbx
c9c6f90e-b96c-11e4-a802-0aaa78deedf9,Telling A Secret,Telling A Secret,Motion,download/c9c6f90e-b96c-11e4-a802-0aaa78deedf9.fbx
c9c797ea-b96c-11e4-a802-0aaa78deedf9,Falling,Falling In The Air Idle,Motion,download/c9c797ea-b96c-11e4-a802-0aaa78deedf9.fbx
c9c6aabc-b96c-11e4-a802-0aaa78deedf9,Grab Rifle And Put Back,Grabbing Rifle From Back And Putting Away,Motion,download/c9c6aabc-b96c-11e4-a802-0aaa78deedf9.fbx
c9c686c1-b96c-11e4-a802-0aaa78deedf9,Zombie Transition,Zombie Transition Alert To Ready,Motion,download/c9c686c1-b96c-11e4-a802-0aaa78deedf9.fbx
c9c609a9-b96c-11e4-a802-0aaa78deedf9,Walking,Male Happy Walk,Motion,download/c9c609a9-b96c-11e4-a802-0aaa78deedf9.fbx
f73f73aa-7b67-43ca-ad1b-f58e6f909e95,Crouch Turn Right 90,Turning 90 Degrees Right,Motion,download/f73f73aa-7b67-43ca-ad1b-f58e6f909e95.fbx
0b890d95-c50e-4ece-a663-56f1870cc4f4,Standing React Small From Back,Small Hit Reaction From The Back,Motion,download/0b890d95-c50e-4ece-a663-56f1870cc4f4.fbx
8bb39a74-9e3f-4a54-b9bf-5c9508d080b9,Standing Block End,Transition From Block Idle To Standing Idle,Motion,download/8bb39a74-9e3f-4a54-b9bf-5c9508d080b9.fbx
c9ce6cd3-b96c-11e4-a802-0aaa78deedf9,Laying Breathless,Laying While Breathless Idle,Motion,download/c9ce6cd3-b96c-11e4-a802-0aaa78deedf9.fbx
c9cda90f-b96c-11e4-a802-0aaa78deedf9,Wheelbarrow Walk,Walking With A Full Wheelbarrow,Motion,download/c9cda90f-b96c-11e4-a802-0aaa78deedf9.fbx
c9cd99fc-b96c-11e4-a802-0aaa78deedf9,Waving Gesture,Aj Waving Gesture,Motion,download/c9cd99fc-b96c-11e4-a802-0aaa78deedf9.fbx
c9ce819a-b96c-11e4-a802-0aaa78deedf9,Box Jump,Jump Up On Box,Motion,download/c9ce819a-b96c-11e4-a802-0aaa78deedf9.fbx
c9ce8798-b96c-11e4-a802-0aaa78deedf9,Run Forward,Rifle Run Forward,Motion,download/c9ce8798-b96c-11e4-a802-0aaa78deedf9.fbx
c9ce4bf3-b96c-11e4-a802-0aaa78deedf9,Injured Walk Backwards,Injured Walking Backwards,Motion,download/c9ce4bf3-b96c-11e4-a802-0aaa78deedf9.fbx
c9cdc22d-b96c-11e4-a802-0aaa78deedf9,Pistol Kneeling Idle,Kneeling Idle With Aimed Pistol,Motion,download/c9cdc22d-b96c-11e4-a802-0aaa78deedf9.fbx
c9cd49a6-b96c-11e4-a802-0aaa78deedf9,Shuffling,Doing The Shuffling Dance,Motion,download/c9cd49a6-b96c-11e4-a802-0aaa78deedf9.fbx
c9cd528d-b96c-11e4-a802-0aaa78deedf9,Rifle Run To Stop,Rifle Running To Standing,Motion,download/c9cd528d-b96c-11e4-a802-0aaa78deedf9.fbx
c9cd0c9e-b96c-11e4-a802-0aaa78deedf9,Hostage Situation Idle - Villain,Armed Villain Holding A Hostage From Behind,Motion,download/c9cd0c9e-b96c-11e4-a802-0aaa78deedf9.fbx
c9cc63b7-b96c-11e4-a802-0aaa78deedf9,Sword And Shield Attack,Sword And Shield High Attack,Motion,download/c9cc63b7-b96c-11e4-a802-0aaa78deedf9.fbx
c9cc7e5c-b96c-11e4-a802-0aaa78deedf9,Great Sword Slash,Great Sword Combo Slash,Motion,download/c9cc7e5c-b96c-11e4-a802-0aaa78deedf9.fbx
cf0d35fa-e14c-479d-9e70-422b7db09010,Standing Walk Right,Walking Right,Motion,download/cf0d35fa-e14c-479d-9e70-422b7db09010.fbx
c9ceec50-b96c-11e4-a802-0aaa78deedf9,Unarmed Jump,Jumping And Landing In Place,Motion,download/c9ceec50-b96c-11e4-a802-0aaa78deedf9.fbx
f3dd0bd6-674d-4adc-b3de-3772955f902c,Catwalk Idle To Walk Forward,Male Idle To Walk Forward,Motion,download/f3dd0bd6-674d-4adc-b3de-3772955f902c.fbx
c9cea51f-b96c-11e4-a802-0aaa78deedf9,Jump Up,Rifle Jump Up,Motion,download/c9cea51f-b96c-11e4-a802-0aaa78deedf9.fbx
c9cacd38-b96c-11e4-a802-0aaa78deedf9,Bicycle Crunch,Crunch Position With Cycling Legs,Motion,download/c9cacd38-b96c-11e4-a802-0aaa78deedf9.fbx
c9cc3e41-b96c-11e4-a802-0aaa78deedf9,Breakdance Ready,Ready To Breakdance,Motion,download/c9cc3e41-b96c-11e4-a802-0aaa78deedf9.fbx
c9cc4807-b96c-11e4-a802-0aaa78deedf9,Sword And Shield Jump,Sword And Shield Running Jump,Motion,download/c9cc4807-b96c-11e4-a802-0aaa78deedf9.fbx
c9cc4420-b96c-11e4-a802-0aaa78deedf9,Breakdance Uprock Var 1,Breakdance Uprock Var. 1,Motion,download/c9cc4420-b96c-11e4-a802-0aaa78deedf9.fbx
c9cb83ba-b96c-11e4-a802-0aaa78deedf9,Yelling While Standing,Long Yell While Standing Leaning Back,Motion,download/c9cb83ba-b96c-11e4-a802-0aaa78deedf9.fbx
c9cbe6de-b96c-11e4-a802-0aaa78deedf9,Northern Soul Spin,Northern Soul Dance Spin,Motion,download/c9cbe6de-b96c-11e4-a802-0aaa78deedf9.fbx
c9cbaade-b96c-11e4-a802-0aaa78deedf9,Esquiva 5,Capoeira Escape,Motion,download/c9cbaade-b96c-11e4-a802-0aaa78deedf9.fbx
c9cbb4c3-b96c-11e4-a802-0aaa78deedf9,Ginga Variation 3,Capoeira Step,Motion,download/c9cbb4c3-b96c-11e4-a802-0aaa78deedf9.fbx
c9cbdbba-b96c-11e4-a802-0aaa78deedf9,Zombie Neck Bite,Zombie Repeatedly Biting A Neck,Motion,download/c9cbdbba-b96c-11e4-a802-0aaa78deedf9.fbx
533dc8c1-5910-47e2-913b-d075f756f9f7,Female Laying Pose,"Right Arm Supporting, Left Arm Raised",Motion,download/533dc8c1-5910-47e2-913b-d075f756f9f7.fbx
5a2b8fe8-de70-4820-8591-c3a5f77d5612,Female Standing Pose,Right Foot Raised,Motion,download/5a2b8fe8-de70-4820-8591-c3a5f77d5612.fbx
e19de430-aebf-4500-a245-c6c35a5ba39e,Female Sitting Pose,"Legs Crossed, Reclining",Motion,download/e19de430-aebf-4500-a245-c6c35a5ba39e.fbx
d6f6495f-89d8-4743-9ca3-14c7500cb4ce,Female Dance Pose,"On Right Toes, Left Leg Raised",Motion,download/d6f6495f-89d8-4743-9ca3-14c7500cb4ce.fbx
c4a65a6e-5f25-4cf6-9a4c-6cde72b17d70,Catwalk Walk Start Turn 180 Right,Male Walk Start Turning 180 To The Right,Motion,download/c4a65a6e-5f25-4cf6-9a4c-6cde72b17d70.fbx
e8c2c8c3-6aec-46d8-a6ff-14bc248f7694,Standing Torch Idle 01,Standing Idle,Motion,download/e8c2c8c3-6aec-46d8-a6ff-14bc248f7694.fbx
cc3de474-7811-47ad-972c-152326c0b59a,Male Laying Pose,"On Left Side, Left Arm Supporting Head",Motion,download/cc3de474-7811-47ad-972c-152326c0b59a.fbx
9e1d4b43-a847-480f-877d-db3054c5a5ac,Male Dance Pose,Legs Spread Leaning Left,Motion,download/9e1d4b43-a847-480f-877d-db3054c5a5ac.fbx
862c138a-6460-4dfc-9789-a1343e018dc3,Standing Torch Jump,Jumping And Landing In Place With Torch,Motion,download/862c138a-6460-4dfc-9789-a1343e018dc3.fbx
9b834f51-0ba2-4e77-86fc-a4a97971ed88,Standing Torch Turn Left 180,Turning 180 Degrees Left With Torch,Motion,download/9b834f51-0ba2-4e77-86fc-a4a97971ed88.fbx
08b5a59f-899a-4d7a-a4fa-22cef5c6989b,Standing React Small From Left,Hit Reaction From The Left With Bow,Motion,download/08b5a59f-899a-4d7a-a4fa-22cef5c6989b.fbx
0b2ee33c-87ea-4f85-9c9e-f517f883de7a,Male Standing Pose,"Right Leg On Object, Hands Crossed",Motion,download/0b2ee33c-87ea-4f85-9c9e-f517f883de7a.fbx
c9ce5c22-b96c-11e4-a802-0aaa78deedf9,Backward Walking Turn,Drunken Walking Backward Right Turn,Motion,download/c9ce5c22-b96c-11e4-a802-0aaa78deedf9.fbx
c9cecdb9-b96c-11e4-a802-0aaa78deedf9,Standing Block React Large,Large Block Reaction With Axe,Motion,download/c9cecdb9-b96c-11e4-a802-0aaa78deedf9.fbx
c9ceea07-b96c-11e4-a802-0aaa78deedf9,Unarmed Idle,Standing Idle- Loop,Motion,download/c9ceea07-b96c-11e4-a802-0aaa78deedf9.fbx
c9cea6ae-b96c-11e4-a802-0aaa78deedf9,Jump Down,Rifle Jump Down,Motion,download/c9cea6ae-b96c-11e4-a802-0aaa78deedf9.fbx
c9ce97a2-b96c-11e4-a802-0aaa78deedf9,Walk Forward Left,Rifle Walk Forward Left,Motion,download/c9ce97a2-b96c-11e4-a802-0aaa78deedf9.fbx
c9ce9d03-b96c-11e4-a802-0aaa78deedf9,Walk Crouching Right,Rifle Crouched Walk Right,Motion,download/c9ce9d03-b96c-11e4-a802-0aaa78deedf9.fbx
c9ce7839-b96c-11e4-a802-0aaa78deedf9,Run Look Back,Running Looking Back,Motion,download/c9ce7839-b96c-11e4-a802-0aaa78deedf9.fbx
c9cd76b1-b96c-11e4-a802-0aaa78deedf9,Sitting Talking,Sitting And Talking To Another Person,Motion,download/c9cd76b1-b96c-11e4-a802-0aaa78deedf9.fbx
c9ccc2e9-b96c-11e4-a802-0aaa78deedf9,Standard Walk,Standard Walk,Motion,download/c9ccc2e9-b96c-11e4-a802-0aaa78deedf9.fbx
c9cd5941-b96c-11e4-a802-0aaa78deedf9,Rifle Turn,90 Degree Left Turn,Motion,download/c9cd5941-b96c-11e4-a802-0aaa78deedf9.fbx
c9c62a20-b96c-11e4-a802-0aaa78deedf9,Crouch To Stand,Crouch To Stand With Pistol,Motion,download/c9c62a20-b96c-11e4-a802-0aaa78deedf9.fbx
c9c93a8c-b96c-11e4-a802-0aaa78deedf9,Mutant Walking,Mutant Brutal Walk,Motion,download/c9c93a8c-b96c-11e4-a802-0aaa78deedf9.fbx
c9c7fb71-b96c-11e4-a802-0aaa78deedf9,Hook Punch,A Hook Punch,Motion,download/c9c7fb71-b96c-11e4-a802-0aaa78deedf9.fbx
c9c79c65-b96c-11e4-a802-0aaa78deedf9,Idle,Weight Shift Idle,Motion,download/c9c79c65-b96c-11e4-a802-0aaa78deedf9.fbx
c9c7972b-b96c-11e4-a802-0aaa78deedf9,Seated Idle,Seated Idle With Hands On A Table,Motion,download/c9c7972b-b96c-11e4-a802-0aaa78deedf9.fbx
c9cc2c4e-b96c-11e4-a802-0aaa78deedf9,Dribble,Forward Jog Dribbling Soccer Ball,Motion,download/c9cc2c4e-b96c-11e4-a802-0aaa78deedf9.fbx
c9c86577-b96c-11e4-a802-0aaa78deedf9,Skinning Test,Test Skinning Animation,Motion,download/c9c86577-b96c-11e4-a802-0aaa78deedf9.fbx
c9c8a27e-b96c-11e4-a802-0aaa78deedf9,Running To Stop,Stop Running To Aiming Rifle Idle,Motion,download/c9c8a27e-b96c-11e4-a802-0aaa78deedf9.fbx
c9c8a79e-b96c-11e4-a802-0aaa78deedf9,Emerging,Emerging Right From Cover To Aimed Rifle Walk,Motion,download/c9c8a79e-b96c-11e4-a802-0aaa78deedf9.fbx
c9cb1733-b96c-11e4-a802-0aaa78deedf9,Lead Jab,Short Head Jab,Motion,download/c9cb1733-b96c-11e4-a802-0aaa78deedf9.fbx
c9cb467a-b96c-11e4-a802-0aaa78deedf9,Goalkeeper Drop Kick,Goalkeeper Drop Kicking Ball,Motion,download/c9cb467a-b96c-11e4-a802-0aaa78deedf9.fbx
c9cb5616-b96c-11e4-a802-0aaa78deedf9,Head Hit,Receiving A Light Hit To The Head From A Right Punch,Motion,download/c9cb5616-b96c-11e4-a802-0aaa78deedf9.fbx
c9cb0f38-b96c-11e4-a802-0aaa78deedf9,Hook,Mid Hook Punch To The Body,Motion,download/c9cb0f38-b96c-11e4-a802-0aaa78deedf9.fbx
c9cbca55-b96c-11e4-a802-0aaa78deedf9,Pontera,Capoeira Front Kick,Motion,download/c9cbca55-b96c-11e4-a802-0aaa78deedf9.fbx
c9cbb628-b96c-11e4-a802-0aaa78deedf9,Macaco Side,Capoeira Side Step Flip Escape,Motion,download/c9cbb628-b96c-11e4-a802-0aaa78deedf9.fbx
c9cc3afa-b96c-11e4-a802-0aaa78deedf9,Breakdance 1990,Breakdance Single Handstand Spin,Motion,download/c9cc3afa-b96c-11e4-a802-0aaa78deedf9.fbx
c9cb4c24-b96c-11e4-a802-0aaa78deedf9,Goalkeeper Diving Save,Goalkeeper Right Diving Save,Motion,download/c9cb4c24-b96c-11e4-a802-0aaa78deedf9.fbx
c9cb2a1a-b96c-11e4-a802-0aaa78deedf9,Sumo High Pull,Start Sumo High Pull Workout From Fitness Idle,Motion,download/c9cb2a1a-b96c-11e4-a802-0aaa78deedf9.fbx
c9cb3c1a-b96c-11e4-a802-0aaa78deedf9,Goalkeeper Sidestep,Goalkeeper Left Sidestep,Motion,download/c9cb3c1a-b96c-11e4-a802-0aaa78deedf9.fbx
c9cc7906-b96c-11e4-a802-0aaa78deedf9,Great Sword Run,Great Sword Bacward Run,Motion,download/c9cc7906-b96c-11e4-a802-0aaa78deedf9.fbx
c9cc0a18-b96c-11e4-a802-0aaa78deedf9,Crouched To Standing,Crouch To Stand Transition,Motion,download/c9cc0a18-b96c-11e4-a802-0aaa78deedf9.fbx
c9cc1dea-b96c-11e4-a802-0aaa78deedf9,Breakdance Ending 2,Breakdance Finishing Combo Var 2,Motion,download/c9cc1dea-b96c-11e4-a802-0aaa78deedf9.fbx
c9cba4b1-b96c-11e4-a802-0aaa78deedf9,Chapa Giratoria 2,Capoeira Step Spin Kick,Motion,download/c9cba4b1-b96c-11e4-a802-0aaa78deedf9.fbx
c9cb027f-b96c-11e4-a802-0aaa78deedf9,Medium Hit To Head,Receiving A Medium Hit From A Left Punch,Motion,download/c9cb027f-b96c-11e4-a802-0aaa78deedf9.fbx
c9ca95cf-b96c-11e4-a802-0aaa78deedf9,Crouched Sneaking Left,Crouched Cover Sneaking Left,Motion,download/c9ca95cf-b96c-11e4-a802-0aaa78deedf9.fbx
c9c994dc-b96c-11e4-a802-0aaa78deedf9,Rejected,Being Rejected While Standing,Motion,download/c9c994dc-b96c-11e4-a802-0aaa78deedf9.fbx
c9c9e3b2-b96c-11e4-a802-0aaa78deedf9,Sheathing Sword,Sheathing A Sword,Motion,download/c9c9e3b2-b96c-11e4-a802-0aaa78deedf9.fbx
c9cac71d-b96c-11e4-a802-0aaa78deedf9,Swing To Land,Poor Swing In To Crouched Land,Motion,download/c9cac71d-b96c-11e4-a802-0aaa78deedf9.fbx
c9cab378-b96c-11e4-a802-0aaa78deedf9,Butterfly Twirl,Butterfly Twirl Kick,Motion,download/c9cab378-b96c-11e4-a802-0aaa78deedf9.fbx
c9c8524e-b96c-11e4-a802-0aaa78deedf9,Pulling Lever,Pulling A Lever Down,Motion,download/c9c8524e-b96c-11e4-a802-0aaa78deedf9.fbx
c9c8ac04-b96c-11e4-a802-0aaa78deedf9,Kneeling Down,Standing To Kneeling Down,Motion,download/c9c8ac04-b96c-11e4-a802-0aaa78deedf9.fbx
c9c85c47-b96c-11e4-a802-0aaa78deedf9,Moving Object,Holding Down To Moving Object,Motion,download/c9c85c47-b96c-11e4-a802-0aaa78deedf9.fbx
c9c86923-b96c-11e4-a802-0aaa78deedf9,Reload,Reload Rifle While In Crouch Position,Motion,download/c9c86923-b96c-11e4-a802-0aaa78deedf9.fbx
c9c72ec7-b96c-11e4-a802-0aaa78deedf9,Jogging With Box,Jogging While Carrying A Box,Motion,download/c9c72ec7-b96c-11e4-a802-0aaa78deedf9.fbx
c9c7701b-b96c-11e4-a802-0aaa78deedf9,Sword Fight One,Person B - Loser,Motion,download/c9c7701b-b96c-11e4-a802-0aaa78deedf9.fbx
c9c6ee60-b96c-11e4-a802-0aaa78deedf9,Swing Dancing,Swing Dance Shim Sham Variation 2,Motion,download/c9c6ee60-b96c-11e4-a802-0aaa78deedf9.fbx
c9c71e73-b96c-11e4-a802-0aaa78deedf9,Block,Blocking The Chest Area With Both Arms,Motion,download/c9c71e73-b96c-11e4-a802-0aaa78deedf9.fbx
c9c71abe-b96c-11e4-a802-0aaa78deedf9,Defeat,Covering Face In Shame After Defeat,Motion,download/c9c71abe-b96c-11e4-a802-0aaa78deedf9.fbx
c9c6e910-b96c-11e4-a802-0aaa78deedf9,Salsa Dancing,Salsa Dance Variation Five,Motion,download/c9c6e910-b96c-11e4-a802-0aaa78deedf9.fbx
c9c6c5eb-b96c-11e4-a802-0aaa78deedf9,Picking Up Object,Picking Up An Object With One Hand,Motion,download/c9c6c5eb-b96c-11e4-a802-0aaa78deedf9.fbx
c9c71ff7-b96c-11e4-a802-0aaa78deedf9,Elbow Punch,Illegal Elbow Rear Arm With Forward Step,Motion,download/c9c71ff7-b96c-11e4-a802-0aaa78deedf9.fbx
c9c69a9f-b96c-11e4-a802-0aaa78deedf9,Scary Clown Walk,Scary Clown Walking And Aiming,Motion,download/c9c69a9f-b96c-11e4-a802-0aaa78deedf9.fbx
c9c6c99a-b96c-11e4-a802-0aaa78deedf9,Rifle Block,Blocking With A Rifle,Motion,download/c9c6c99a-b96c-11e4-a802-0aaa78deedf9.fbx
c9c6af36-b96c-11e4-a802-0aaa78deedf9,Grab And Put Back Rifle,Grabbing Rifle From Shoulder And Putting Away,Motion,download/c9c6af36-b96c-11e4-a802-0aaa78deedf9.fbx
c9c66dfd-b96c-11e4-a802-0aaa78deedf9,Cheering,Male Cheering With Two Fists Pump,Motion,download/c9c66dfd-b96c-11e4-a802-0aaa78deedf9.fbx
c9c638d4-b96c-11e4-a802-0aaa78deedf9,Gunplay,Cover To Shooting,Motion,download/c9c638d4-b96c-11e4-a802-0aaa78deedf9.fbx
c9c63e81-b96c-11e4-a802-0aaa78deedf9,Kicking,Male Thrust Kick With The Lead Foot,Motion,download/c9c63e81-b96c-11e4-a802-0aaa78deedf9.fbx
c9c60ef2-b96c-11e4-a802-0aaa78deedf9,Clapping,Clap While Standing,Motion,download/c9c60ef2-b96c-11e4-a802-0aaa78deedf9.fbx
c9c89f96-b96c-11e4-a802-0aaa78deedf9,Strafe Right Stop,Stop Strafe Walk Right,Motion,download/c9c89f96-b96c-11e4-a802-0aaa78deedf9.fbx
c9c92c49-b96c-11e4-a802-0aaa78deedf9,Crouch Walking,Crouched Walking While Aiming Rifle,Motion,download/c9c92c49-b96c-11e4-a802-0aaa78deedf9.fbx
c9c94644-b96c-11e4-a802-0aaa78deedf9,Left Strafing Jump,Jumping While Strafing Left,Motion,download/c9c94644-b96c-11e4-a802-0aaa78deedf9.fbx
c9c95cf0-b96c-11e4-a802-0aaa78deedf9,Jump Attack,Mutant Jump Attack To Ready Pose,Motion,download/c9c95cf0-b96c-11e4-a802-0aaa78deedf9.fbx
c9c9204d-b96c-11e4-a802-0aaa78deedf9,Thoughtful Head Shake,Shaking Head No Thoughtfully,Motion,download/c9c9204d-b96c-11e4-a802-0aaa78deedf9.fbx
c9c86113-b96c-11e4-a802-0aaa78deedf9,Strafe Right,Rifle Walk Strafe Right,Motion,download/c9c86113-b96c-11e4-a802-0aaa78deedf9.fbx
c9c82f93-b96c-11e4-a802-0aaa78deedf9,Taking Punch,Getting Hit In The Face From Various Angles,Motion,download/c9c82f93-b96c-11e4-a802-0aaa78deedf9.fbx
c9c7f29d-b96c-11e4-a802-0aaa78deedf9,Sitting Thumbs Up,Giving Thumbs Up While Sitting,Motion,download/c9c7f29d-b96c-11e4-a802-0aaa78deedf9.fbx
c9c68950-b96c-11e4-a802-0aaa78deedf9,Shoved Reaction With Spin,Reaction To Getting Clipped While Walking Unaware,Motion,download/c9c68950-b96c-11e4-a802-0aaa78deedf9.fbx
c9c70794-b96c-11e4-a802-0aaa78deedf9,Defeated,Showing Frustration After A Loss,Motion,download/c9c70794-b96c-11e4-a802-0aaa78deedf9.fbx
c9c6f2d7-b96c-11e4-a802-0aaa78deedf9,Capoeira,Capoeira Idle,Motion,download/c9c6f2d7-b96c-11e4-a802-0aaa78deedf9.fbx
c9c70cc1-b96c-11e4-a802-0aaa78deedf9,Taunt,Taunting Pointing At Wrist,Motion,download/c9c70cc1-b96c-11e4-a802-0aaa78deedf9.fbx
c9c6c004-b96c-11e4-a802-0aaa78deedf9,Old Man Idle,Old Man Standing Idle,Motion,download/c9c6c004-b96c-11e4-a802-0aaa78deedf9.fbx
c9c70079-b96c-11e4-a802-0aaa78deedf9,Sitting Laughing,Sitting While Laughing,Motion,download/c9c70079-b96c-11e4-a802-0aaa78deedf9.fbx
c9c60e0e-b96c-11e4-a802-0aaa78deedf9,Reaction,Male Reaction Hit On The Left Side,Motion,download/c9c60e0e-b96c-11e4-a802-0aaa78deedf9.fbx
c9c62bc7-b96c-11e4-a802-0aaa78deedf9,Dying,Dying With Front Impact To The Head And Fall On One Knee,Motion,download/c9c62bc7-b96c-11e4-a802-0aaa78deedf9.fbx
c9c64b7c-b96c-11e4-a802-0aaa78deedf9,Jumping Down,Male Cape Jump Down,Motion,download/c9c64b7c-b96c-11e4-a802-0aaa78deedf9.fbx
c9c66d35-b96c-11e4-a802-0aaa78deedf9,Jumping Down,Jump Down With One Foot While Holding Rifle,Motion,download/c9c66d35-b96c-11e4-a802-0aaa78deedf9.fbx
c9c64d8d-b96c-11e4-a802-0aaa78deedf9,Jumping Down,Male Half Frog Style Jump Down,Motion,download/c9c64d8d-b96c-11e4-a802-0aaa78deedf9.fbx
c9c6a14d-b96c-11e4-a802-0aaa78deedf9,Praying,Kneeling In Prayer To Standing Up,Motion,download/c9c6a14d-b96c-11e4-a802-0aaa78deedf9.fbx
c9c62952-b96c-11e4-a802-0aaa78deedf9,Crouch To Stand,Male Crouch To Stand,Motion,download/c9c62952-b96c-11e4-a802-0aaa78deedf9.fbx
c9c661f0-b96c-11e4-a802-0aaa78deedf9,Hip Hop Dancing,Female Hip Hop 'Slide Step' Dancing,Motion,download/c9c661f0-b96c-11e4-a802-0aaa78deedf9.fbx
c9c65b7c-b96c-11e4-a802-0aaa78deedf9,Silly Dancing,Silly Dancing The Cabbage Patch,Motion,download/c9c65b7c-b96c-11e4-a802-0aaa78deedf9.fbx
c9c69bd5-b96c-11e4-a802-0aaa78deedf9,Rumba Dancing,Female Rumba Dancing -  Loop,Motion,download/c9c69bd5-b96c-11e4-a802-0aaa78deedf9.fbx
c9c6cbcb-b96c-11e4-a802-0aaa78deedf9,Joyful Jump,Ecstatic Jumping With Both Legs And Arms,Motion,download/c9c6cbcb-b96c-11e4-a802-0aaa78deedf9.fbx
c9c6b3ad-b96c-11e4-a802-0aaa78deedf9,Zombie Idle,Zombie Twitching Idle,Motion,download/c9c6b3ad-b96c-11e4-a802-0aaa78deedf9.fbx
48ed6c12-8d10-4198-9ab9-e68844953ced,Standing Torch Light Torch,Lighting Torch With Right Hand,Motion,download/48ed6c12-8d10-4198-9ab9-e68844953ced.fbx
f937b8c1-9bed-4db5-b22f-9f222edde76a,Female Standing Pose,"On Right Foot, Left Leg Raised",Motion,download/f937b8c1-9bed-4db5-b22f-9f222edde76a.fbx
b1dad3a3-859c-4af5-8b14-039c481eb7af,Catwalk Walk Turn 180 Tight,Female Walk Forward In A Tight Turn To The Right,Motion,download/b1dad3a3-859c-4af5-8b14-039c481eb7af.fbx
3cfc4484-fa37-47ea-af5a-c7833c782444,Female Dynamic Pose,"Floating, Bent Forwards",Motion,download/3cfc4484-fa37-47ea-af5a-c7833c782444.fbx
c9ceb7c2-b96c-11e4-a802-0aaa78deedf9,Standing Dodge Backward,Dodge Backward With Bow,Motion,download/c9ceb7c2-b96c-11e4-a802-0aaa78deedf9.fbx
c9cef1a4-b96c-11e4-a802-0aaa78deedf9,Unarmed Walk Forward,Walking Forward,Motion,download/c9cef1a4-b96c-11e4-a802-0aaa78deedf9.fbx
c9cb62f7-b96c-11e4-a802-0aaa78deedf9,Sitting Clap,Sitting Unethusiastic Clap,Motion,download/c9cb62f7-b96c-11e4-a802-0aaa78deedf9.fbx
c9cbd649-b96c-11e4-a802-0aaa78deedf9,Zombie Idle,Zombie Standing Idle,Motion,download/c9cbd649-b96c-11e4-a802-0aaa78deedf9.fbx
c9cb5da4-b96c-11e4-a802-0aaa78deedf9,Header Soccerball,Juggling Header Of A Soccer Ball,Motion,download/c9cb5da4-b96c-11e4-a802-0aaa78deedf9.fbx
c9cb3dab-b96c-11e4-a802-0aaa78deedf9,Goalkeeper Scoop,Goalkeeper Scooping The Ball From A Roll,Motion,download/c9cb3dab-b96c-11e4-a802-0aaa78deedf9.fbx
c9c8d597-b96c-11e4-a802-0aaa78deedf9,Removing Driver,Riding Passenger Attempts To Pull Driver Or Pilot Out Of Seat,Motion,download/c9c8d597-b96c-11e4-a802-0aaa78deedf9.fbx
c9c9470b-b96c-11e4-a802-0aaa78deedf9,Stepping Backward,Taking A Step Backward With Aiming Rifle,Motion,download/c9c9470b-b96c-11e4-a802-0aaa78deedf9.fbx
c9c94196-b96c-11e4-a802-0aaa78deedf9,Mutant Right Turn 45,Mutant 45 Degree Right Turn Game Blend,Motion,download/c9c94196-b96c-11e4-a802-0aaa78deedf9.fbx
c9c9d9d6-b96c-11e4-a802-0aaa78deedf9,Walk Strafe Left,Walking Strafe To The Left,Motion,download/c9c9d9d6-b96c-11e4-a802-0aaa78deedf9.fbx
c9c969f6-b96c-11e4-a802-0aaa78deedf9,Thriller Part 3,Thriller Dance Part 3,Motion,download/c9c969f6-b96c-11e4-a802-0aaa78deedf9.fbx
c9c955c6-b96c-11e4-a802-0aaa78deedf9,Kiss,Kissing A Shorter Person For A Long Period,Motion,download/c9c955c6-b96c-11e4-a802-0aaa78deedf9.fbx
c9c9cb6b-b96c-11e4-a802-0aaa78deedf9,Standing Cover Turn,Changing Direction In Stand Cover,Motion,download/c9c9cb6b-b96c-11e4-a802-0aaa78deedf9.fbx
c9c98b02-b96c-11e4-a802-0aaa78deedf9,Angry,Standing Angrily,Motion,download/c9c98b02-b96c-11e4-a802-0aaa78deedf9.fbx
c9c99f9f-b96c-11e4-a802-0aaa78deedf9,Cover To Stand,Crouch Cover To Standing Ready,Motion,download/c9c99f9f-b96c-11e4-a802-0aaa78deedf9.fbx
c9ca07b4-b96c-11e4-a802-0aaa78deedf9,Using A Fax Machine,Female Standing While Using A Fax Machine On A Table,Motion,download/c9ca07b4-b96c-11e4-a802-0aaa78deedf9.fbx
c9c883bd-b96c-11e4-a802-0aaa78deedf9,Bboy Uprock Start,Bboy Uprock Start,Motion,download/c9c883bd-b96c-11e4-a802-0aaa78deedf9.fbx
c9c8a04e-b96c-11e4-a802-0aaa78deedf9,Strafing,Left Crouched Strafe Walk To Stop,Motion,download/c9c8a04e-b96c-11e4-a802-0aaa78deedf9.fbx
a89b7a58-36a2-4f20-8b68-9f44c4352e66,Standing Torch Turn Right 180,Turning 180 Degrees Right With Torch,Motion,download/a89b7a58-36a2-4f20-8b68-9f44c4352e66.fbx
1af419c6-a2a3-4c7e-9bfb-ef25a6a48bbb,Standing Torch Run Forward Stop,Running Forwards To Standing Idle,Motion,download/1af419c6-a2a3-4c7e-9bfb-ef25a6a48bbb.fbx
c7d5ec2b-c398-4cbd-8440-352c51488ce6,Male Locomotion Pose,Running Forward,Motion,download/c7d5ec2b-c398-4cbd-8440-352c51488ce6.fbx
b556be04-9f5c-4008-a419-c600e689a695,Male Sitting Pose,"Reclined, Right Leg Crossed, Hands Behind Head",Motion,download/b556be04-9f5c-4008-a419-c600e689a695.fbx
1ab011f2-96c0-475d-8ef7-e453c95c2fa3,Catwalk Twist R To Walk 180,Male Twist Right Idle To Walk 180 - Turning Right,Motion,download/1ab011f2-96c0-475d-8ef7-e453c95c2fa3.fbx
bb7b9d57-8448-40aa-a789-e21237d1692b,Standing Run Left,Running Left,Motion,download/bb7b9d57-8448-40aa-a789-e21237d1692b.fbx
be5e14b7-edd1-43cd-8bf8-31b4f8da7f70,Female Dance Pose,"On Right Toe, Arms Raised",Motion,download/be5e14b7-edd1-43cd-8bf8-31b4f8da7f70.fbx
76269744-4ce3-4955-b398-a9c7860835e5,Female Dynamic Pose,"On Left Toes, Looking Left",Motion,download/76269744-4ce3-4955-b398-a9c7860835e5.fbx
93b3f62c-9ecf-434c-ba7b-9f0753cd3a79,Standing Walk Back,Walking Backwards,Motion,download/93b3f62c-9ecf-434c-ba7b-9f0753cd3a79.fbx
294bc85d-6503-49fe-85e0-a200913e7104,Catwalk Idle Twist R,Male Twist Right Idle,Motion,download/294bc85d-6503-49fe-85e0-a200913e7104.fbx
3c2bd588-7254-4de0-8f78-93517c9d51e9,Catwalk Walk Forward Arc 90R,Male Walk Forward Turning Right 90 In An Arc,Motion,download/3c2bd588-7254-4de0-8f78-93517c9d51e9.fbx
c9cda83e-b96c-11e4-a802-0aaa78deedf9,Wheelbarrow Idle,Holding A Full Wheelbarrow Idle,Motion,download/c9cda83e-b96c-11e4-a802-0aaa78deedf9.fbx
c9ce9930-b96c-11e4-a802-0aaa78deedf9,Walk Left,Rifle Walk Left,Motion,download/c9ce9930-b96c-11e4-a802-0aaa78deedf9.fbx
c9ca9b8a-b96c-11e4-a802-0aaa78deedf9,Grab And Slam,Grabbing And Slamming Someone To The Ground,Motion,download/c9ca9b8a-b96c-11e4-a802-0aaa78deedf9.fbx
c9ca5e77-b96c-11e4-a802-0aaa78deedf9,Golf Drive,Short Driving Shot,Motion,download/c9ca5e77-b96c-11e4-a802-0aaa78deedf9.fbx
c9ca582c-b96c-11e4-a802-0aaa78deedf9,Bouncing Fight Idle,Bouncing Fight Idle With Guard Up,Motion,download/c9ca582c-b96c-11e4-a802-0aaa78deedf9.fbx
c9c9f1c9-b96c-11e4-a802-0aaa78deedf9,Talking At Watercooler,Having A Chat At The Watercooler,Motion,download/c9c9f1c9-b96c-11e4-a802-0aaa78deedf9.fbx
c9c943dc-b96c-11e4-a802-0aaa78deedf9,Prone Left Turn,Turning Left While Prone Game Blend,Motion,download/c9c943dc-b96c-11e4-a802-0aaa78deedf9.fbx
c9c915fd-b96c-11e4-a802-0aaa78deedf9,Angry Gesture,Angrily Pumping Fists Forward,Motion,download/c9c915fd-b96c-11e4-a802-0aaa78deedf9.fbx
c9c8ff29-b96c-11e4-a802-0aaa78deedf9,Aim Pistol,Aim Pistol While Sitting,Motion,download/c9c8ff29-b96c-11e4-a802-0aaa78deedf9.fbx
c9c96857-b96c-11e4-a802-0aaa78deedf9,Left Strafe Walking,Strafe Walking To The Left,Motion,download/c9c96857-b96c-11e4-a802-0aaa78deedf9.fbx
c9c985b7-b96c-11e4-a802-0aaa78deedf9,Right Strafe Walk,Walking Strafe To The Right,Motion,download/c9c985b7-b96c-11e4-a802-0aaa78deedf9.fbx
c9c94d31-b96c-11e4-a802-0aaa78deedf9,Turn Left,Turn Left While Aiming,Motion,download/c9c94d31-b96c-11e4-a802-0aaa78deedf9.fbx
c9c961f4-b96c-11e4-a802-0aaa78deedf9,Prone Backwards Stop,Transition Into Prone From Prone Backwards,Motion,download/c9c961f4-b96c-11e4-a802-0aaa78deedf9.fbx
c9c95bed-b96c-11e4-a802-0aaa78deedf9,Dodge While Sitting,Dodge To The Right While Sitting,Motion,download/c9c95bed-b96c-11e4-a802-0aaa78deedf9.fbx
c9c94952-b96c-11e4-a802-0aaa78deedf9,Prone Firing Rifle,Prone Fire Rifle Upper Body,Motion,download/c9c94952-b96c-11e4-a802-0aaa78deedf9.fbx
c9ce986c-b96c-11e4-a802-0aaa78deedf9,Walk Right,Rifle Walk Right,Motion,download/c9ce986c-b96c-11e4-a802-0aaa78deedf9.fbx
c9ce89ec-b96c-11e4-a802-0aaa78deedf9,Turn 90 Left,Rifle Turn 90 Left,Motion,download/c9ce89ec-b96c-11e4-a802-0aaa78deedf9.fbx
c9ce4e73-b96c-11e4-a802-0aaa78deedf9,Injured Run,Injured Running,Motion,download/c9ce4e73-b96c-11e4-a802-0aaa78deedf9.fbx
c9cda1e7-b96c-11e4-a802-0aaa78deedf9,Holding Walk,Holding An Object While Walking,Motion,download/c9cda1e7-b96c-11e4-a802-0aaa78deedf9.fbx
c9cd5c3e-b96c-11e4-a802-0aaa78deedf9,Rifle Turn,90 Degree Right Turn,Motion,download/c9cd5c3e-b96c-11e4-a802-0aaa78deedf9.fbx
c9ceeaca-b96c-11e4-a802-0aaa78deedf9,Unarmed Idle Looking Ver. 1,Looking Around,Motion,download/c9ceeaca-b96c-11e4-a802-0aaa78deedf9.fbx
c9ceab40-b96c-11e4-a802-0aaa78deedf9,Death From The Front,Rifle Death From The Front,Motion,download/c9ceab40-b96c-11e4-a802-0aaa78deedf9.fbx
c9ccbff5-b96c-11e4-a802-0aaa78deedf9,Sheath A Great Sword 2,Transition From Idle To Sheathing A Great Sword,Motion,download/c9ccbff5-b96c-11e4-a802-0aaa78deedf9.fbx
c9cc98d6-b96c-11e4-a802-0aaa78deedf9,Great Sword Attack,Great Sword Hilt Melee,Motion,download/c9cc98d6-b96c-11e4-a802-0aaa78deedf9.fbx
c9ccb285-b96c-11e4-a802-0aaa78deedf9,Strike Foward Jog,Jogging And Kicking A Soccerball Forward,Motion,download/c9ccb285-b96c-11e4-a802-0aaa78deedf9.fbx
c9cd6ffc-b96c-11e4-a802-0aaa78deedf9,Rifle Crouch Walk To Kneel,Rifle Crouch Walking To Kneel Idle,Motion,download/c9cd6ffc-b96c-11e4-a802-0aaa78deedf9.fbx
c9cd5646-b96c-11e4-a802-0aaa78deedf9,Rifle Side Step,Rifle Right Side Step,Motion,download/c9cd5646-b96c-11e4-a802-0aaa78deedf9.fbx
c9cd423b-b96c-11e4-a802-0aaa78deedf9,Flying Kick,Flying Sidekick From A Run,Motion,download/c9cd423b-b96c-11e4-a802-0aaa78deedf9.fbx
c9cd4bdf-b96c-11e4-a802-0aaa78deedf9,Rifle Walk,Walking With Rifle Down,Motion,download/c9cd4bdf-b96c-11e4-a802-0aaa78deedf9.fbx
c9cd0754-b96c-11e4-a802-0aaa78deedf9,Double Leg Takedown - Attacker,Mma Takedown To Ground And Pound,Motion,download/c9cd0754-b96c-11e4-a802-0aaa78deedf9.fbx
c9ccf814-b96c-11e4-a802-0aaa78deedf9,Walk,Female Walk,Motion,download/c9ccf814-b96c-11e4-a802-0aaa78deedf9.fbx
c9cd01ff-b96c-11e4-a802-0aaa78deedf9,Ninja Idle,Female Ninja Idle Var. 1,Motion,download/c9cd01ff-b96c-11e4-a802-0aaa78deedf9.fbx
c9ccfe2b-b96c-11e4-a802-0aaa78deedf9,Jump,Female Forward Running Jump,Motion,download/c9ccfe2b-b96c-11e4-a802-0aaa78deedf9.fbx
c9cc8b14-b96c-11e4-a802-0aaa78deedf9,Great Sword Impact,Great Sword Crouching Unblocked Impact,Motion,download/c9cc8b14-b96c-11e4-a802-0aaa78deedf9.fbx
c9ccad56-b96c-11e4-a802-0aaa78deedf9,Sitting,Sitting And Impatiently Waiting,Motion,download/c9ccad56-b96c-11e4-a802-0aaa78deedf9.fbx
c9cb4ff3-b96c-11e4-a802-0aaa78deedf9,Livershot Knockdown,Receiving A Hit To The Liver,Motion,download/c9cb4ff3-b96c-11e4-a802-0aaa78deedf9.fbx
613d9213-012b-4808-b40a-68b98c4a0983,Unarmed Grab Torch From Wall,Picking Up Torch From Wall,Motion,download/613d9213-012b-4808-b40a-68b98c4a0983.fbx
052c9f6e-23ca-46bf-b4fb-e9656cf9f880,Standing Torch Run Forward Stop At Edge,Running Forwards To Quick Stop At Edge,Motion,download/052c9f6e-23ca-46bf-b4fb-e9656cf9f880.fbx
450813fa-bfde-4176-83e5-fd02b3ca188a,Crouch Idle 03 Looking Over,Crouching Looking Over Object With Bow,Motion,download/450813fa-bfde-4176-83e5-fd02b3ca188a.fbx
1fe07cde-9aa2-478b-870e-397601e63507,Male Standing Pose,"Legs Crossed, Leaning On Object",Motion,download/1fe07cde-9aa2-478b-870e-397601e63507.fbx
fbd14d0d-6ef3-48d4-933c-f4bdc4ff2e24,Male Locomotion Pose,Walking Forward,Motion,download/fbd14d0d-6ef3-48d4-933c-f4bdc4ff2e24.fbx
8a09b39c-7163-4efe-bb74-baa30451b7bc,Female Locomotion Pose,"Walking, Right Arm On Hip",Motion,download/8a09b39c-7163-4efe-bb74-baa30451b7bc.fbx
c96c0db9-4302-4412-98c6-9e945a02568a,Female Standing Pose,"Right Hand On Hip, Left Arm Raised",Motion,download/c96c0db9-4302-4412-98c6-9e945a02568a.fbx
3e37cc56-9ee0-492d-bde5-ca12a12dae43,Catwalk Walk Stop,Male Walk Forward To Idle,Motion,download/3e37cc56-9ee0-492d-bde5-ca12a12dae43.fbx
190db7fa-5603-4cdb-b4f8-a04488c693c4,Catwalk Walk Forward Turn 90L,Female Walk Forward Turning Left 90,Motion,download/190db7fa-5603-4cdb-b4f8-a04488c693c4.fbx
38a6c4a9-90c8-4a88-8c65-a4fb799fc798,Standing Land To Standing Idle,Landing From Running Jump Into Standing Idle,Motion,download/38a6c4a9-90c8-4a88-8c65-a4fb799fc798.fbx
c6ca21c6-7bb8-4c07-aded-ef4f2de9f977,Catwalk Walk Start Turn 180 Right,Female Walk Start Turning 180 To The Right,Motion,download/c6ca21c6-7bb8-4c07-aded-ef4f2de9f977.fbx
fc6ff619-4203-40a8-b19b-b0d0712ddf0f,Standing Idle 04,Here'S The Windup…And The Pitch…BOOM,Motion,download/fc6ff619-4203-40a8-b19b-b0d0712ddf0f.fbx
d14eb4fe-2433-4cad-a93d-d1dd88dfb29c,Standing React Small From Right,Hit Reaction From The Right With Bow,Motion,download/d14eb4fe-2433-4cad-a93d-d1dd88dfb29c.fbx
3838bc60-16cc-4871-98c1-63a2aee41e27,Male Sitting Pose,"Reclined, Facepalm",Motion,download/3838bc60-16cc-4871-98c1-63a2aee41e27.fbx
e12b3441-c3cd-4bc5-8460-3ca8d0113754,Standing Torch Idle 04,Standing Idle Looking Behind,Motion,download/e12b3441-c3cd-4bc5-8460-3ca8d0113754.fbx
56367d81-f361-4958-b721-a2e5dbd79ece,Catwalk Walk Forward Arc 90L,Male Walk Forward Turning Left 90 In An Arc,Motion,download/56367d81-f361-4958-b721-a2e5dbd79ece.fbx
8e0cf713-44d4-4a6e-af01-64e83af3fbb5,Standing React Large From Left,Large Hit Reaction From The Left,Motion,download/8e0cf713-44d4-4a6e-af01-64e83af3fbb5.fbx
d913bcef-fae2-46ce-ac3c-ad4882be4022,Standing To Crouch,Transition From Standing To Crouching With Bow,Motion,download/d913bcef-fae2-46ce-ac3c-ad4882be4022.fbx
c9cdacd5-b96c-11e4-a802-0aaa78deedf9,Wheelbarrow Walk,Walking With An Empty Wheelbarrow,Motion,download/c9cdacd5-b96c-11e4-a802-0aaa78deedf9.fbx
c9c9678e-b96c-11e4-a802-0aaa78deedf9,Thriller Part 2,Thriller Dance Part 2,Motion,download/c9c9678e-b96c-11e4-a802-0aaa78deedf9.fbx
c9c92aaa-b96c-11e4-a802-0aaa78deedf9,Crouch Walking Backwards,Crouched Walking Backwards While Aiming Rifle,Motion,download/c9c92aaa-b96c-11e4-a802-0aaa78deedf9.fbx
c9c79f59-b96c-11e4-a802-0aaa78deedf9,Roar,Belting Out A Load Roar,Motion,download/c9c79f59-b96c-11e4-a802-0aaa78deedf9.fbx
c9c8e009-b96c-11e4-a802-0aaa78deedf9,Start Climbing Ladder,Standing To Climb Ladder Quickly,Motion,download/c9c8e009-b96c-11e4-a802-0aaa78deedf9.fbx
c9c74449-b96c-11e4-a802-0aaa78deedf9,Push,Pushing Heavy Object,Motion,download/c9c74449-b96c-11e4-a802-0aaa78deedf9.fbx
c9c87673-b96c-11e4-a802-0aaa78deedf9,Prone Reloading,Reloading Rifle In Prone,Motion,download/c9c87673-b96c-11e4-a802-0aaa78deedf9.fbx
c9c8ebe2-b96c-11e4-a802-0aaa78deedf9,Sitting Gun Motion,Sitting And Motioning With A Gun,Motion,download/c9c8ebe2-b96c-11e4-a802-0aaa78deedf9.fbx
c9c8ba11-b96c-11e4-a802-0aaa78deedf9,Kicking Out,Kicking While Sitting On Ground,Motion,download/c9c8ba11-b96c-11e4-a802-0aaa78deedf9.fbx
c9c8939f-b96c-11e4-a802-0aaa78deedf9,Reloading,Reloading Rifle While Standing,Motion,download/c9c8939f-b96c-11e4-a802-0aaa78deedf9.fbx
c9c930cf-b96c-11e4-a802-0aaa78deedf9,Turning Right 45 Degrees,45 Degree Right Turn While Aiming A Rifle,Motion,download/c9c930cf-b96c-11e4-a802-0aaa78deedf9.fbx
c9c91939-b96c-11e4-a802-0aaa78deedf9,Thoughtful Head Nod,Thoughtfully Nodding Head Yes,Motion,download/c9c91939-b96c-11e4-a802-0aaa78deedf9.fbx
c9c8f860-b96c-11e4-a802-0aaa78deedf9,Look Around,Look Around Nervously,Motion,download/c9c8f860-b96c-11e4-a802-0aaa78deedf9.fbx
c9c737a8-b96c-11e4-a802-0aaa78deedf9,Wave Hip Hop Dance,Wave Hip Hop Dance Variation Two,Motion,download/c9c737a8-b96c-11e4-a802-0aaa78deedf9.fbx
c9c714c2-b96c-11e4-a802-0aaa78deedf9,Victory,Celebrating After A Win,Motion,download/c9c714c2-b96c-11e4-a802-0aaa78deedf9.fbx
c9c77a86-b96c-11e4-a802-0aaa78deedf9,Guitar Playing,Playing A Guitar,Motion,download/c9c77a86-b96c-11e4-a802-0aaa78deedf9.fbx
c9cc2f59-b96c-11e4-a802-0aaa78deedf9,Receive,Soccer Idle Chest Receive,Motion,download/c9cc2f59-b96c-11e4-a802-0aaa78deedf9.fbx
c9c8518f-b96c-11e4-a802-0aaa78deedf9,Strafe,Strafe Left While Aiming Rifle,Motion,download/c9c8518f-b96c-11e4-a802-0aaa78deedf9.fbx
c9c7a853-b96c-11e4-a802-0aaa78deedf9,Catwalk Walking,Catwalk Walk,Motion,download/c9c7a853-b96c-11e4-a802-0aaa78deedf9.fbx
c9c878a5-b96c-11e4-a802-0aaa78deedf9,Prone Forward,Moving Forward While In Prone Position,Motion,download/c9c878a5-b96c-11e4-a802-0aaa78deedf9.fbx
c9c858e6-b96c-11e4-a802-0aaa78deedf9,Treading Water,Floating,Motion,download/c9c858e6-b96c-11e4-a802-0aaa78deedf9.fbx
c9c803b5-b96c-11e4-a802-0aaa78deedf9,Climbing,Pulling Up To A Ledge,Motion,download/c9c803b5-b96c-11e4-a802-0aaa78deedf9.fbx
c9c87c58-b96c-11e4-a802-0aaa78deedf9,Crouch To Standing With Rifle,Standing Up From A Crouched Position With An Aimed Rifle,Motion,download/c9c87c58-b96c-11e4-a802-0aaa78deedf9.fbx
c9c8476e-b96c-11e4-a802-0aaa78deedf9,Jumping Down,Jumping Down Over A Railing,Motion,download/c9c8476e-b96c-11e4-a802-0aaa78deedf9.fbx
c9c85afc-b96c-11e4-a802-0aaa78deedf9,Prone Firing Rifle,Firing A Rifle While Prone,Motion,download/c9c85afc-b96c-11e4-a802-0aaa78deedf9.fbx
c9c78799-b96c-11e4-a802-0aaa78deedf9,Bartending,Pouring And Serving Drinks,Motion,download/c9c78799-b96c-11e4-a802-0aaa78deedf9.fbx
c9cbcff1-b96c-11e4-a802-0aaa78deedf9,Ginga Sideways To Au,Capoeira Step To Cartwheel,Motion,download/c9cbcff1-b96c-11e4-a802-0aaa78deedf9.fbx
c9cb00f4-b96c-11e4-a802-0aaa78deedf9,Hit To Body,Receiving A Body Hit By A Right Uppercut,Motion,download/c9cb00f4-b96c-11e4-a802-0aaa78deedf9.fbx
c9c9f051-b96c-11e4-a802-0aaa78deedf9,Left Turn W/ Briefcase,Female Left Turn With Briefcase,Motion,download/c9c9f051-b96c-11e4-a802-0aaa78deedf9.fbx
c9cb1b52-b96c-11e4-a802-0aaa78deedf9,Medium Step Forward,Medium Boxing Step Forward,Motion,download/c9cb1b52-b96c-11e4-a802-0aaa78deedf9.fbx
c9caceb2-b96c-11e4-a802-0aaa78deedf9,Jumping Jacks,Standard Jumping Jacks,Motion,download/c9caceb2-b96c-11e4-a802-0aaa78deedf9.fbx
c9cae0e3-b96c-11e4-a802-0aaa78deedf9,Illegal Knee,Muay Thai Illegal Knee,Motion,download/c9cae0e3-b96c-11e4-a802-0aaa78deedf9.fbx
c9cad7c6-b96c-11e4-a802-0aaa78deedf9,Pistol To Idle,Trasition From Pistol To Fitness Idle,Motion,download/c9cad7c6-b96c-11e4-a802-0aaa78deedf9.fbx
c9cad282-b96c-11e4-a802-0aaa78deedf9,Burpee End,End Burpee Workout To Fitness Idle,Motion,download/c9cad282-b96c-11e4-a802-0aaa78deedf9.fbx
c9c99af5-b96c-11e4-a802-0aaa78deedf9,Left Turn,Standing Left Turn,Motion,download/c9c99af5-b96c-11e4-a802-0aaa78deedf9.fbx
c9cadd1a-b96c-11e4-a802-0aaa78deedf9,Idle,Bouncing Boxing Idle,Motion,download/c9cadd1a-b96c-11e4-a802-0aaa78deedf9.fbx
c9cac954-b96c-11e4-a802-0aaa78deedf9,Wall Crash,Swing To Crashing Into A Wall,Motion,download/c9cac954-b96c-11e4-a802-0aaa78deedf9.fbx
c9caf411-b96c-11e4-a802-0aaa78deedf9,Right Block,Low Right Block,Motion,download/c9caf411-b96c-11e4-a802-0aaa78deedf9.fbx
c9cb43d1-b96c-11e4-a802-0aaa78deedf9,Goalkeeper Placing Ball,Goalkeeper Placing Ball To Short Pass,Motion,download/c9cb43d1-b96c-11e4-a802-0aaa78deedf9.fbx
c9cb6238-b96c-11e4-a802-0aaa78deedf9,Transition,Low Kick To Idle Transition,Motion,download/c9cb6238-b96c-11e4-a802-0aaa78deedf9.fbx
c9c84b67-b96c-11e4-a802-0aaa78deedf9,Start Walking,Start Walking While Aiming,Motion,download/c9c84b67-b96c-11e4-a802-0aaa78deedf9.fbx
c9c91dff-b96c-11e4-a802-0aaa78deedf9,Aiming Gun,Picking Up Gun From Ground To Aiming,Motion,download/c9c91dff-b96c-11e4-a802-0aaa78deedf9.fbx
c9c8f597-b96c-11e4-a802-0aaa78deedf9,Sitting Rubbing Arm,Sitting And Rubbing Arm,Motion,download/c9c8f597-b96c-11e4-a802-0aaa78deedf9.fbx
c9c954ff-b96c-11e4-a802-0aaa78deedf9,Knock Off Assailant,Knock Off Assailant While Sitting,Motion,download/c9c954ff-b96c-11e4-a802-0aaa78deedf9.fbx
c9c92dd4-b96c-11e4-a802-0aaa78deedf9,Crouch Stop Walking,Stops Crouched Walking While Aiming Rifle,Motion,download/c9c92dd4-b96c-11e4-a802-0aaa78deedf9.fbx
c9c93cdc-b96c-11e4-a802-0aaa78deedf9,Mutant Run,Mutant Running,Motion,download/c9c93cdc-b96c-11e4-a802-0aaa78deedf9.fbx
c9c921db-b96c-11e4-a802-0aaa78deedf9,Shoulder Rubbing,Rubbing A Shoulder,Motion,download/c9c921db-b96c-11e4-a802-0aaa78deedf9.fbx
109c3aed-2655-4350-be05-627ab90bde79,Standing Torch Walk Forward Stop,Walking Forward To Standing Idle,Motion,download/109c3aed-2655-4350-be05-627ab90bde79.fbx
c9cea00a-b96c-11e4-a802-0aaa78deedf9,Walk Crouching Backward Left,Rifle Crouched Walk Backward Left,Motion,download/c9cea00a-b96c-11e4-a802-0aaa78deedf9.fbx
42836840-1f8f-4600-864f-79d068571da9,Female Dynamic Pose,"Floating, Legs Bent And Arms Spread",Motion,download/42836840-1f8f-4600-864f-79d068571da9.fbx
024f56e2-6fc2-475a-b051-b9bebcf272f2,Catwalk Walk Forward 02,Male Walk Forward 02,Motion,download/024f56e2-6fc2-475a-b051-b9bebcf272f2.fbx
b9dd768c-c4b9-4b75-aebe-c4e068f4fb5c,Catwalk Sequence 05,"Female Sequence - Twist Left, Walk 180",Motion,download/b9dd768c-c4b9-4b75-aebe-c4e068f4fb5c.fbx
c9cea9b8-b96c-11e4-a802-0aaa78deedf9,Death From Back Headshot,Rifle Death From Back Headshot,Motion,download/c9cea9b8-b96c-11e4-a802-0aaa78deedf9.fbx
c9ce9c39-b96c-11e4-a802-0aaa78deedf9,Walk Crouching Forward,Rifle Crouched Walk Forward,Motion,download/c9ce9c39-b96c-11e4-a802-0aaa78deedf9.fbx
c9ce96df-b96c-11e4-a802-0aaa78deedf9,Walk Forward Right,Rifle Walk Forward Right,Motion,download/c9ce96df-b96c-11e4-a802-0aaa78deedf9.fbx
c9ccdb25-b96c-11e4-a802-0aaa78deedf9,Sad Walk,Walking Forward In A Sad Disposition,Motion,download/c9ccdb25-b96c-11e4-a802-0aaa78deedf9.fbx
c9cc8d52-b96c-11e4-a802-0aaa78deedf9,Great Sword High Spin Attack,Great Sword High Spin Attack From Run,Motion,download/c9cc8d52-b96c-11e4-a802-0aaa78deedf9.fbx
c9cee294-b96c-11e4-a802-0aaa78deedf9,Standing Turn Left 90,Turning 90 Degrees Left With Axe,Motion,download/c9cee294-b96c-11e4-a802-0aaa78deedf9.fbx
c9cee94e-b96c-11e4-a802-0aaa78deedf9,Unarmed Equip Over Shoulder,Equipping Axe Over The Shoulder,Motion,download/c9cee94e-b96c-11e4-a802-0aaa78deedf9.fbx
b099a412-5194-4a60-850f-2306308fba1e,Standing React Small From Right,Small Hit Reaction From The Right,Motion,download/b099a412-5194-4a60-850f-2306308fba1e.fbx
c9cd4a64-b96c-11e4-a802-0aaa78deedf9,Hokey Pokey,Doing The Hokey Pokey,Motion,download/c9cd4a64-b96c-11e4-a802-0aaa78deedf9.fbx
c9ccd767-b96c-11e4-a802-0aaa78deedf9,Laying Idle,Laying On Back Looking Around,Motion,download/c9ccd767-b96c-11e4-a802-0aaa78deedf9.fbx
c9cd191c-b96c-11e4-a802-0aaa78deedf9,Walk Backward,Female Ninja Walk Backward,Motion,download/c9cd191c-b96c-11e4-a802-0aaa78deedf9.fbx
c9cd8d90-b96c-11e4-a802-0aaa78deedf9,Box Idle,Carrying A Box,Motion,download/c9cd8d90-b96c-11e4-a802-0aaa78deedf9.fbx
c9cce068-b96c-11e4-a802-0aaa78deedf9,Run Backward Arc Right,Running Backward Right Arc In A Sad Disposition,Motion,download/c9cce068-b96c-11e4-a802-0aaa78deedf9.fbx
c9cd534a-b96c-11e4-a802-0aaa78deedf9,Rifle Backward Run To Stop,Rifle Running Backward To Standing,Motion,download/c9cd534a-b96c-11e4-a802-0aaa78deedf9.fbx
c9ccf5d3-b96c-11e4-a802-0aaa78deedf9,Run Backward,Happy Run Backward,Motion,download/c9ccf5d3-b96c-11e4-a802-0aaa78deedf9.fbx
c9cd46a9-b96c-11e4-a802-0aaa78deedf9,Chicken Dance,Doing The Chicken Dance,Motion,download/c9cd46a9-b96c-11e4-a802-0aaa78deedf9.fbx
c9cd5b7f-b96c-11e4-a802-0aaa78deedf9,Rifle Turn,45 Degree Right Turn,Motion,download/c9cd5b7f-b96c-11e4-a802-0aaa78deedf9.fbx
c9cd60ba-b96c-11e4-a802-0aaa78deedf9,Rifle Kneel To Stand,Rifle Kneeling To Standing,Motion,download/c9cd60ba-b96c-11e4-a802-0aaa78deedf9.fbx
c9cd5052-b96c-11e4-a802-0aaa78deedf9,Rifle Idle,Rifle Idle Looking Around,Motion,download/c9cd5052-b96c-11e4-a802-0aaa78deedf9.fbx
c9cd2845-b96c-11e4-a802-0aaa78deedf9,Mma Kick,Mma Spinning Back Kick,Motion,download/c9cd2845-b96c-11e4-a802-0aaa78deedf9.fbx
c9ccfb22-b96c-11e4-a802-0aaa78deedf9,Run Forward,Female Run Forward,Motion,download/c9ccfb22-b96c-11e4-a802-0aaa78deedf9.fbx
c9cccf35-b96c-11e4-a802-0aaa78deedf9,Edge Slip,Slipping Off An Edge Then Regaining Balance,Motion,download/c9cccf35-b96c-11e4-a802-0aaa78deedf9.fbx
c9ccdd62-b96c-11e4-a802-0aaa78deedf9,Walk Backward Arc Right,Walking Backward Right Arc In A Sad Disposition,Motion,download/c9ccdd62-b96c-11e4-a802-0aaa78deedf9.fbx
c9cb647f-b96c-11e4-a802-0aaa78deedf9,Sitting Clap,Sitting Unethusiastic Clap,Motion,download/c9cb647f-b96c-11e4-a802-0aaa78deedf9.fbx
c9cc6546-b96c-11e4-a802-0aaa78deedf9,Sword And Shield Idle,Sword And Shield Look Around Idle,Motion,download/c9cc6546-b96c-11e4-a802-0aaa78deedf9.fbx
c9cca162-b96c-11e4-a802-0aaa78deedf9,Kick To The Groin,Receive A Kick To The Groin To Standing,Motion,download/c9cca162-b96c-11e4-a802-0aaa78deedf9.fbx
c9cc6aba-b96c-11e4-a802-0aaa78deedf9,Sword And Shield Death,Sword And Shield Falling Back Death,Motion,download/c9cc6aba-b96c-11e4-a802-0aaa78deedf9.fbx
c9cbee0c-b96c-11e4-a802-0aaa78deedf9,Zombie Crawl,Zombie Crawling Forward,Motion,download/c9cbee0c-b96c-11e4-a802-0aaa78deedf9.fbx
c9cc0fd8-b96c-11e4-a802-0aaa78deedf9,Harvesting,Harvesting With A Sythe,Motion,download/c9cc0fd8-b96c-11e4-a802-0aaa78deedf9.fbx
c9cc615b-b96c-11e4-a802-0aaa78deedf9,Sword And Shield Crouch Block,Sword And Shield Blocked Impact,Motion,download/c9cc615b-b96c-11e4-a802-0aaa78deedf9.fbx
c9cc20fd-b96c-11e4-a802-0aaa78deedf9,Breakdance Footwork To Idle,Breakdance Ground Footwork To Stand Idle,Motion,download/c9cc20fd-b96c-11e4-a802-0aaa78deedf9.fbx
c9cb76de-b96c-11e4-a802-0aaa78deedf9,Sitting Yell,Short Yell Sitting Forward,Motion,download/c9cb76de-b96c-11e4-a802-0aaa78deedf9.fbx
c9c6fcc0-b96c-11e4-a802-0aaa78deedf9,Yelling,Yelling In Anger,Motion,download/c9c6fcc0-b96c-11e4-a802-0aaa78deedf9.fbx
c9c6d6e6-b96c-11e4-a802-0aaa78deedf9,Opening A Lid,Opening The Lid On A Chest Or Box,Motion,download/c9c6d6e6-b96c-11e4-a802-0aaa78deedf9.fbx
c9cc2a0c-b96c-11e4-a802-0aaa78deedf9,Quarterback Pass,Quarterback Scramble And Pass,Motion,download/c9cc2a0c-b96c-11e4-a802-0aaa78deedf9.fbx
c9c6ae7b-b96c-11e4-a802-0aaa78deedf9,Put Back Rifle Behind Shoulder,Putting Rifle Away Behind The Shoulder,Motion,download/c9c6ae7b-b96c-11e4-a802-0aaa78deedf9.fbx
c9c76f5c-b96c-11e4-a802-0aaa78deedf9,Sword Fight One,Person A - Winner,Motion,download/c9c76f5c-b96c-11e4-a802-0aaa78deedf9.fbx
c9c693bf-b96c-11e4-a802-0aaa78deedf9,Pointing,Pointing Behind With Thumb,Motion,download/c9c693bf-b96c-11e4-a802-0aaa78deedf9.fbx
c9cc264d-b96c-11e4-a802-0aaa78deedf9,Football Hike,Football Fieldgoal Hike,Motion,download/c9cc264d-b96c-11e4-a802-0aaa78deedf9.fbx
c9c684c5-b96c-11e4-a802-0aaa78deedf9,Zombie Kicking,Zombie Thrust Kick With Rear Foot,Motion,download/c9c684c5-b96c-11e4-a802-0aaa78deedf9.fbx
c9c6b74c-b96c-11e4-a802-0aaa78deedf9,Pistol Idle,Ready Alert Two Hand Pistol Grip,Motion,download/c9c6b74c-b96c-11e4-a802-0aaa78deedf9.fbx
c9c699a5-b96c-11e4-a802-0aaa78deedf9,Sitting,Sit With Fidgeting Feet,Motion,download/c9c699a5-b96c-11e4-a802-0aaa78deedf9.fbx
c9c6a383-b96c-11e4-a802-0aaa78deedf9,Grenade Throw,Throwing A Grenade While Kneeling Pulling Pin With Teeth,Motion,download/c9c6a383-b96c-11e4-a802-0aaa78deedf9.fbx
c9c61439-b96c-11e4-a802-0aaa78deedf9,Walking,Male Hurried Walk,Motion,download/c9c61439-b96c-11e4-a802-0aaa78deedf9.fbx
c9c65e61-b96c-11e4-a802-0aaa78deedf9,Hip Hop Dancing,Female Hip Hop 'Kick Step' Dancing,Motion,download/c9c65e61-b96c-11e4-a802-0aaa78deedf9.fbx
c9c63186-b96c-11e4-a802-0aaa78deedf9,Dying,Dying Rear Impact Falling On Two Knees,Motion,download/c9c63186-b96c-11e4-a802-0aaa78deedf9.fbx
c9c641cc-b96c-11e4-a802-0aaa78deedf9,Injured Walking,Walking With Arm Injury,Motion,download/c9c641cc-b96c-11e4-a802-0aaa78deedf9.fbx
c9c68200-b96c-11e4-a802-0aaa78deedf9,Zombie Headbutt,Zombie Headbutt With Hand Grab,Motion,download/c9c68200-b96c-11e4-a802-0aaa78deedf9.fbx
c9c63db2-b96c-11e4-a802-0aaa78deedf9,Roundhouse Kick,Roundhouse Kick With Front Foot Advancing,Motion,download/c9c63db2-b96c-11e4-a802-0aaa78deedf9.fbx
c9cb23e7-b96c-11e4-a802-0aaa78deedf9,Back Squat,Starting Back Squat Workout From Fitness Idle,Motion,download/c9cb23e7-b96c-11e4-a802-0aaa78deedf9.fbx
c9cacf79-b96c-11e4-a802-0aaa78deedf9,Start Jumping Jacks,Start Jumping Jacks From Fitness Idle,Motion,download/c9cacf79-b96c-11e4-a802-0aaa78deedf9.fbx
c9ca643c-b96c-11e4-a802-0aaa78deedf9,Golf Putt,Medium Putting Shot,Motion,download/c9ca643c-b96c-11e4-a802-0aaa78deedf9.fbx
c9ca7e66-b96c-11e4-a802-0aaa78deedf9,Kip Up,Male Kip Up To Standing,Motion,download/c9ca7e66-b96c-11e4-a802-0aaa78deedf9.fbx
c9cb01c1-b96c-11e4-a802-0aaa78deedf9,Big Hit To Head,Receiving A Big Hit From A Left Punch,Motion,download/c9cb01c1-b96c-11e4-a802-0aaa78deedf9.fbx
c9cb1672-b96c-11e4-a802-0aaa78deedf9,Lead Jab,Mid Body Jab,Motion,download/c9cb1672-b96c-11e4-a802-0aaa78deedf9.fbx
c9cb3946-b96c-11e4-a802-0aaa78deedf9,Taunt,Boxing Taunt,Motion,download/c9cb3946-b96c-11e4-a802-0aaa78deedf9.fbx
c9cad888-b96c-11e4-a802-0aaa78deedf9,Stop Jumping Jacks,Stop Jumping Jacks To Fitness Idle,Motion,download/c9cad888-b96c-11e4-a802-0aaa78deedf9.fbx
c9c9fe56-b96c-11e4-a802-0aaa78deedf9,Standing W/Briefcase Idle,Standing Idle Holding Suitcase,Motion,download/c9c9fe56-b96c-11e4-a802-0aaa78deedf9.fbx
c9ca94bd-b96c-11e4-a802-0aaa78deedf9,Idle,Crouched For Cover Against Object,Motion,download/c9ca94bd-b96c-11e4-a802-0aaa78deedf9.fbx
c9c94891-b96c-11e4-a802-0aaa78deedf9,Stepping Forward,Taking A Step Forward With Aiming Rifle,Motion,download/c9c94891-b96c-11e4-a802-0aaa78deedf9.fbx
c9c9abd3-b96c-11e4-a802-0aaa78deedf9,Left Shimmy,Free Hanging Shimmy Left,Motion,download/c9c9abd3-b96c-11e4-a802-0aaa78deedf9.fbx
c9c9d793-b96c-11e4-a802-0aaa78deedf9,Push Stop,Stop Pushing A Heavy Object,Motion,download/c9c9d793-b96c-11e4-a802-0aaa78deedf9.fbx
c9c9bd67-b96c-11e4-a802-0aaa78deedf9,Right Shimmy,Free Hanging Shimmy Right,Motion,download/c9c9bd67-b96c-11e4-a802-0aaa78deedf9.fbx
c9c99282-b96c-11e4-a802-0aaa78deedf9,Loser,Showing Loser Gesture While Standing,Motion,download/c9c99282-b96c-11e4-a802-0aaa78deedf9.fbx
c9c997ce-b96c-11e4-a802-0aaa78deedf9,Cover Idle,Crouched For Cover Against Object,Motion,download/c9c997ce-b96c-11e4-a802-0aaa78deedf9.fbx
c9c9794e-b96c-11e4-a802-0aaa78deedf9,Left Turn,Standing Left Turn,Motion,download/c9c9794e-b96c-11e4-a802-0aaa78deedf9.fbx
c9c88183-b96c-11e4-a802-0aaa78deedf9,Lying Down,Laying Down On An Exam Table/Bed As In A Doctors Office,Motion,download/c9c88183-b96c-11e4-a802-0aaa78deedf9.fbx
c9c939cf-b96c-11e4-a802-0aaa78deedf9,Backward Jump,Jumping While Walking Backwards,Motion,download/c9c939cf-b96c-11e4-a802-0aaa78deedf9.fbx
c9c8a10a-b96c-11e4-a802-0aaa78deedf9,Strafe Right,Crouched Idle To Strafe Walk Right,Motion,download/c9c8a10a-b96c-11e4-a802-0aaa78deedf9.fbx
c9c82503-b96c-11e4-a802-0aaa78deedf9,Calling,Calling For Help In A Sneaky Position,Motion,download/c9c82503-b96c-11e4-a802-0aaa78deedf9.fbx
c9c8847c-b96c-11e4-a802-0aaa78deedf9,Shoot Rifle,Running While Firing Rifle,Motion,download/c9c8847c-b96c-11e4-a802-0aaa78deedf9.fbx
c9c892df-b96c-11e4-a802-0aaa78deedf9,Run Backwards,Run Backwards To Standing,Motion,download/c9c892df-b96c-11e4-a802-0aaa78deedf9.fbx
c9c8c81f-b96c-11e4-a802-0aaa78deedf9,Pilot Flips Switches,Pilot Flips Low Switches In A Helicopter,Motion,download/c9c8c81f-b96c-11e4-a802-0aaa78deedf9.fbx
c9c85a17-b96c-11e4-a802-0aaa78deedf9,Stop Walking,Stops Walking While Aiming Rifle,Motion,download/c9c85a17-b96c-11e4-a802-0aaa78deedf9.fbx
c9c8cebb-b96c-11e4-a802-0aaa78deedf9,Standing,Standing Up From A Kneeling Position,Motion,download/c9c8cebb-b96c-11e4-a802-0aaa78deedf9.fbx
c9c7f9c5-b96c-11e4-a802-0aaa78deedf9,Walking,Walking While Drunk,Motion,download/c9c7f9c5-b96c-11e4-a802-0aaa78deedf9.fbx
c9c7f035-b96c-11e4-a802-0aaa78deedf9,Hell Slammer B,Hell Slammer Victim,Motion,download/c9c7f035-b96c-11e4-a802-0aaa78deedf9.fbx
c9c78fe1-b96c-11e4-a802-0aaa78deedf9,Banging Fist,Banging Fist On Table,Motion,download/c9c78fe1-b96c-11e4-a802-0aaa78deedf9.fbx
c9c7f41f-b96c-11e4-a802-0aaa78deedf9,Inward Block,Inward Block,Motion,download/c9c7f41f-b96c-11e4-a802-0aaa78deedf9.fbx
c9c70a8d-b96c-11e4-a802-0aaa78deedf9,Samba Dancing,Samba Funky Pocoto Variation 1,Motion,download/c9c70a8d-b96c-11e4-a802-0aaa78deedf9.fbx
c9c736ed-b96c-11e4-a802-0aaa78deedf9,Moonwalk,Walking Backwards Sliding Feet,Motion,download/c9c736ed-b96c-11e4-a802-0aaa78deedf9.fbx
c9cc2acd-b96c-11e4-a802-0aaa78deedf9,Receiver Catch,Receiver Catch On Boundary Line,Motion,download/c9cc2acd-b96c-11e4-a802-0aaa78deedf9.fbx
c9c6e758-b96c-11e4-a802-0aaa78deedf9,Dying,Explosion From Behind,Motion,download/c9c6e758-b96c-11e4-a802-0aaa78deedf9.fbx
c9c713dd-b96c-11e4-a802-0aaa78deedf9,Zombie Attack,Zombie Overhead Two-Hand Attack,Motion,download/c9c713dd-b96c-11e4-a802-0aaa78deedf9.fbx
c9c73aa7-b96c-11e4-a802-0aaa78deedf9,Tut Hip Hop Dance,Tut Hip Hop Dance Variation One,Motion,download/c9c73aa7-b96c-11e4-a802-0aaa78deedf9.fbx
c9cd1e71-b96c-11e4-a802-0aaa78deedf9,Running Backward Arc,Female Ninja Run Backward Arc Right,Motion,download/c9cd1e71-b96c-11e4-a802-0aaa78deedf9.fbx
c9cd7f15-b96c-11e4-a802-0aaa78deedf9,Jog Backward Diagonal,Soccer Jog Diagonal Backward Right,Motion,download/c9cd7f15-b96c-11e4-a802-0aaa78deedf9.fbx
c9cc7140-b96c-11e4-a802-0aaa78deedf9,Great Sword Idle,Great Sword Idle,Motion,download/c9cc7140-b96c-11e4-a802-0aaa78deedf9.fbx
c9ccc765-b96c-11e4-a802-0aaa78deedf9,Running Backward,Backwards Running,Motion,download/c9ccc765-b96c-11e4-a802-0aaa78deedf9.fbx
c9cdbf21-b96c-11e4-a802-0aaa78deedf9,Pistol Run Arc,Run Arc Left With An Aimed Pistol,Motion,download/c9cdbf21-b96c-11e4-a802-0aaa78deedf9.fbx
c9ca9021-b96c-11e4-a802-0aaa78deedf9,Start Swinging,Male Starts A Swing,Motion,download/c9ca9021-b96c-11e4-a802-0aaa78deedf9.fbx
c9ca93a4-b96c-11e4-a802-0aaa78deedf9,Cover To Stand,Crouch Cover To Standing Ready,Motion,download/c9ca93a4-b96c-11e4-a802-0aaa78deedf9.fbx
c9ca535b-b96c-11e4-a802-0aaa78deedf9,Cartwheel,Male Doing A Cartwheel,Motion,download/c9ca535b-b96c-11e4-a802-0aaa78deedf9.fbx
c9c9eb1a-b96c-11e4-a802-0aaa78deedf9,Walk W/ Briefcase,Female Walk With Briefcase,Motion,download/c9c9eb1a-b96c-11e4-a802-0aaa78deedf9.fbx
c9ca0326-b96c-11e4-a802-0aaa78deedf9,Pacing And Talking On A Phone,Female Answers A Phone While Walking,Motion,download/c9ca0326-b96c-11e4-a802-0aaa78deedf9.fbx
c9cc3416-b96c-11e4-a802-0aaa78deedf9,Flair,Breakdance Flair Start,Motion,download/c9cc3416-b96c-11e4-a802-0aaa78deedf9.fbx
c9ccb4c2-b96c-11e4-a802-0aaa78deedf9,Mutant Roaring,Mutant Roaring,Motion,download/c9ccb4c2-b96c-11e4-a802-0aaa78deedf9.fbx
c9cc69f1-b96c-11e4-a802-0aaa78deedf9,Sword And Shield Power Up,Sword And Shield Powering Up,Motion,download/c9cc69f1-b96c-11e4-a802-0aaa78deedf9.fbx
c9cc7b4d-b96c-11e4-a802-0aaa78deedf9,Great Sword Strafe,Great Sword Strafe Right Run,Motion,download/c9cc7b4d-b96c-11e4-a802-0aaa78deedf9.fbx
9c41a5e0-4492-4dd9-ad73-9edf079bf509,Female Standing Pose,"Right Hand On Hip, Left Arm Raised",Motion,download/9c41a5e0-4492-4dd9-ad73-9edf079bf509.fbx
a55d8f43-5c5c-4b3c-8ad7-4e4b93e2491c,Male Action Pose,"On Hands And Toes, Right Leg Forward",Motion,download/a55d8f43-5c5c-4b3c-8ad7-4e4b93e2491c.fbx
25e57c87-c073-4422-b9f7-17ce43b63397,Catwalk Twist L To Twist R,Male Twist Left Idle To Twist Right Idle,Motion,download/25e57c87-c073-4422-b9f7-17ce43b63397.fbx
8bdab85d-3a33-474e-a205-7b55baff2977,Female Sitting Pose,"Legs Crossed, Arms Crossed",Motion,download/8bdab85d-3a33-474e-a205-7b55baff2977.fbx
c9ce8316-b96c-11e4-a802-0aaa78deedf9,Cross Jumps,Cross Jumps,Motion,download/c9ce8316-b96c-11e4-a802-0aaa78deedf9.fbx
c9cec849-b96c-11e4-a802-0aaa78deedf9,Standing Walk Left,Walking Left With Bow,Motion,download/c9cec849-b96c-11e4-a802-0aaa78deedf9.fbx
c9ced411-b96c-11e4-a802-0aaa78deedf9,Standing Melee Attack Horizontal,Right To Left Attack With Axe,Motion,download/c9ced411-b96c-11e4-a802-0aaa78deedf9.fbx
c9cee3f5-b96c-11e4-a802-0aaa78deedf9,Standing Turn Right 90,Turning 90 Degrees Right With Axe,Motion,download/c9cee3f5-b96c-11e4-a802-0aaa78deedf9.fbx
c9cea0d3-b96c-11e4-a802-0aaa78deedf9,Walk Crouching Backward Right,Rifle Crouched Walk Backward Right,Motion,download/c9cea0d3-b96c-11e4-a802-0aaa78deedf9.fbx
c9ce7487-b96c-11e4-a802-0aaa78deedf9,Using An Inhaler,Laying Using An Inhaler,Motion,download/c9ce7487-b96c-11e4-a802-0aaa78deedf9.fbx
c9cd8e51-b96c-11e4-a802-0aaa78deedf9,Box Walk Arc,Walking In A Left Arc Carrying A Box,Motion,download/c9cd8e51-b96c-11e4-a802-0aaa78deedf9.fbx
c9cd69f9-b96c-11e4-a802-0aaa78deedf9,Rifle Crouch Turn,180 Degree Left Turn,Motion,download/c9cd69f9-b96c-11e4-a802-0aaa78deedf9.fbx
c9cd9222-b96c-11e4-a802-0aaa78deedf9,Strong Gesture,Sporty Granny Strong Gesture,Motion,download/c9cd9222-b96c-11e4-a802-0aaa78deedf9.fbx
c9ccf1f8-b96c-11e4-a802-0aaa78deedf9,Run Forward,Happy Run Forward,Motion,download/c9ccf1f8-b96c-11e4-a802-0aaa78deedf9.fbx
c9c69efe-b96c-11e4-a802-0aaa78deedf9,Dizzy Idle,Rocking Back And Forth As If Dizzy,Motion,download/c9c69efe-b96c-11e4-a802-0aaa78deedf9.fbx
c9c6a884-b96c-11e4-a802-0aaa78deedf9,Praying,Standing Praying While Swaying,Motion,download/c9c6a884-b96c-11e4-a802-0aaa78deedf9.fbx
c9c6c2f6-b96c-11e4-a802-0aaa78deedf9,Scary Clown Walk,Scary Clown Walk,Motion,download/c9c6c2f6-b96c-11e4-a802-0aaa78deedf9.fbx
c9c6d258-b96c-11e4-a802-0aaa78deedf9,Counting,Referee 10 Count,Motion,download/c9c6d258-b96c-11e4-a802-0aaa78deedf9.fbx
c9c68dee-b96c-11e4-a802-0aaa78deedf9,Female Stop And Start Walking,Female Stop Start Walking,Motion,download/c9c68dee-b96c-11e4-a802-0aaa78deedf9.fbx
c9c66382-b96c-11e4-a802-0aaa78deedf9,Jazz Dancing,Female Jazz Dancing 'Rockette Kick',Motion,download/c9c66382-b96c-11e4-a802-0aaa78deedf9.fbx
c9c65515-b96c-11e4-a802-0aaa78deedf9,Baseball Idle,Batting Idle Variation,Motion,download/c9c65515-b96c-11e4-a802-0aaa78deedf9.fbx
c9c63736-b96c-11e4-a802-0aaa78deedf9,Gunplay,Male Kneeling Fantasy Gunplay With Hand Cannon,Motion,download/c9c63736-b96c-11e4-a802-0aaa78deedf9.fbx
c9c61b83-b96c-11e4-a802-0aaa78deedf9,Elbow Punching,Male Elbow Punch,Motion,download/c9c61b83-b96c-11e4-a802-0aaa78deedf9.fbx
c9c62c97-b96c-11e4-a802-0aaa78deedf9,Dying,Dying With Front Hit To The Head And Fall On One Knee,Motion,download/c9c62c97-b96c-11e4-a802-0aaa78deedf9.fbx
c9c61d25-b96c-11e4-a802-0aaa78deedf9,Stabbing,Male Knife Stab With The Rear Hand And Fore Grip,Motion,download/c9c61d25-b96c-11e4-a802-0aaa78deedf9.fbx
c9c62af7-b96c-11e4-a802-0aaa78deedf9,Crouch To Stand,Crouch To Stand With Rifle,Motion,download/c9c62af7-b96c-11e4-a802-0aaa78deedf9.fbx
a819c6b5-4aaa-4a17-8c94-a5f70db6d68f,Female Standing Pose,"Leaning Back, Arms Behind",Motion,download/a819c6b5-4aaa-4a17-8c94-a5f70db6d68f.fbx
c9ce8e76-b96c-11e4-a802-0aaa78deedf9,Run Forward Left,Rifle Run Forward Left,Motion,download/c9ce8e76-b96c-11e4-a802-0aaa78deedf9.fbx
c9cdc569-b96c-11e4-a802-0aaa78deedf9,Injured Walk,Injured Walking,Motion,download/c9cdc569-b96c-11e4-a802-0aaa78deedf9.fbx
c9cef323-b96c-11e4-a802-0aaa78deedf9,Dancing Maraschino Step,Dancing The Maraschino Step,Motion,download/c9cef323-b96c-11e4-a802-0aaa78deedf9.fbx
edc148eb-b0a1-4a9f-80a1-20a72b60456b,Standing Idle 02,Standing Idle Looking Around,Motion,download/edc148eb-b0a1-4a9f-80a1-20a72b60456b.fbx
305747e7-bb9c-4d6c-b1d7-18a07c24c59a,Catwalk Walk Start Turn 180 Left,Female Walk Start Turining 180 To The Left,Motion,download/305747e7-bb9c-4d6c-b1d7-18a07c24c59a.fbx
4bc6d762-60d4-438f-b7d1-ae46df74b075,Standing Jump Running Landing,Landing From Running  Jump Into Run Forward,Motion,download/4bc6d762-60d4-438f-b7d1-ae46df74b075.fbx
fd21a485-73e8-41a1-9d76-9a42ff687c3e,Catwalk Idle To Walk Forward HighKnees,Female Idle To Walk Forward - Knees High,Motion,download/fd21a485-73e8-41a1-9d76-9a42ff687c3e.fbx
e84e677b-c981-4333-8242-3ff820f8cf7f,Female Sitting Pose,Arms Raised,Motion,download/e84e677b-c981-4333-8242-3ff820f8cf7f.fbx
d6589536-da06-46f2-90b1-51157c550fc1,Female Action Pose,On Right Leg,Motion,download/d6589536-da06-46f2-90b1-51157c550fc1.fbx
733bfe2e-9261-4c43-9265-d9af6f027c23,Catwalk Walk Forward 01,Male Walk Forward 01,Motion,download/733bfe2e-9261-4c43-9265-d9af6f027c23.fbx
c9ceb3c9-b96c-11e4-a802-0aaa78deedf9,Standing Idle 03 Examine,Examining Bow,Motion,download/c9ceb3c9-b96c-11e4-a802-0aaa78deedf9.fbx
c9ced674-b96c-11e4-a802-0aaa78deedf9,Standing Melee Attack Kick Ver. 1,Kick With Right Foot Holding Axe,Motion,download/c9ced674-b96c-11e4-a802-0aaa78deedf9.fbx
c9cea8f6-b96c-11e4-a802-0aaa78deedf9,Death Crouching Headshot Front,Rifle Death Crouched From Headshot Front,Motion,download/c9cea8f6-b96c-11e4-a802-0aaa78deedf9.fbx
c9cee889-b96c-11e4-a802-0aaa78deedf9,Unarmed Equip Underarm,Equipping Axe Underarm,Motion,download/c9cee889-b96c-11e4-a802-0aaa78deedf9.fbx
20c6a997-f8b9-4521-92fa-ee9d732bf765,Catwalk Walk Stop Twist L,Female Walk Forward To Twist Left Idle,Motion,download/20c6a997-f8b9-4521-92fa-ee9d732bf765.fbx
1f153edf-914f-4562-9344-5765efc0062d,Standing 1H Magic Attack 03,One Handed Casting Spell Upward Sweep,Motion,download/1f153edf-914f-4562-9344-5765efc0062d.fbx
c9cd452d-b96c-11e4-a802-0aaa78deedf9,Baseball Strike,Baseball Swinging Strike,Motion,download/c9cd452d-b96c-11e4-a802-0aaa78deedf9.fbx
c9cd39f5-b96c-11e4-a802-0aaa78deedf9,Mma Kick,Mma High Kick,Motion,download/c9cd39f5-b96c-11e4-a802-0aaa78deedf9.fbx
c9cd5dbe-b96c-11e4-a802-0aaa78deedf9,Rifle Turn,180 Degree Right Turn,Motion,download/c9cd5dbe-b96c-11e4-a802-0aaa78deedf9.fbx
c9cd7919-b96c-11e4-a802-0aaa78deedf9,Standing Arguing,Standing Arguing With Another Person,Motion,download/c9cd7919-b96c-11e4-a802-0aaa78deedf9.fbx
c9cdaf7b-b96c-11e4-a802-0aaa78deedf9,One Hand Club Combo,One Handed Club Combo Attack,Motion,download/c9cdaf7b-b96c-11e4-a802-0aaa78deedf9.fbx
c9ce76c2-b96c-11e4-a802-0aaa78deedf9,Wheelchair,Moving In A Wheelchair,Motion,download/c9ce76c2-b96c-11e4-a802-0aaa78deedf9.fbx
c9ce5e71-b96c-11e4-a802-0aaa78deedf9,Drunk Run Backward,Running Backward While Drunk,Motion,download/c9ce5e71-b96c-11e4-a802-0aaa78deedf9.fbx
c9ce64fc-b96c-11e4-a802-0aaa78deedf9,Laying Shaking Head,Laying On A Bed Shaking Head,Motion,download/c9ce64fc-b96c-11e4-a802-0aaa78deedf9.fbx
c9cd9f7a-b96c-11e4-a802-0aaa78deedf9,Plant Tree,Standing Planting A Tree,Motion,download/c9cd9f7a-b96c-11e4-a802-0aaa78deedf9.fbx
c9ce68e0-b96c-11e4-a802-0aaa78deedf9,Stroke Shrugging,Stroke Victim Laying Shrugging,Motion,download/c9ce68e0-b96c-11e4-a802-0aaa78deedf9.fbx
c9ce99ef-b96c-11e4-a802-0aaa78deedf9,Walk Backward,Rifle Walk Backward,Motion,download/c9ce99ef-b96c-11e4-a802-0aaa78deedf9.fbx
c9ce7187-b96c-11e4-a802-0aaa78deedf9,Laying Moaning,Laying Squirming And Moaning,Motion,download/c9ce7187-b96c-11e4-a802-0aaa78deedf9.fbx
c9ce4ff2-b96c-11e4-a802-0aaa78deedf9,Injured Run Right Turn,Injured Running Turning Right,Motion,download/c9ce4ff2-b96c-11e4-a802-0aaa78deedf9.fbx
c9ce90bc-b96c-11e4-a802-0aaa78deedf9,Sprint Forward Right,Rifle Sprint Forward Right,Motion,download/c9ce90bc-b96c-11e4-a802-0aaa78deedf9.fbx
c9ce5a78-b96c-11e4-a802-0aaa78deedf9,Drunk Walking Turn,Turning Left While Walking Left,Motion,download/c9ce5a78-b96c-11e4-a802-0aaa78deedf9.fbx
c9cd8228-b96c-11e4-a802-0aaa78deedf9,Hit On Back Of Head,Getting Hit On The Back Of Head With An Object When Running,Motion,download/c9cd8228-b96c-11e4-a802-0aaa78deedf9.fbx
c9cd4002-b96c-11e4-a802-0aaa78deedf9,Baseball Hit,Baseball Base Hit - Double Plus,Motion,download/c9cd4002-b96c-11e4-a802-0aaa78deedf9.fbx
c9cd7e53-b96c-11e4-a802-0aaa78deedf9,Jog Forward Diagonal,Soccer Jog Diagonal Forward Left,Motion,download/c9cd7e53-b96c-11e4-a802-0aaa78deedf9.fbx
c9cd1860-b96c-11e4-a802-0aaa78deedf9,Walk Forward Arc,Female Ninja Walk Forward Arc Right,Motion,download/c9cd1860-b96c-11e4-a802-0aaa78deedf9.fbx
c9cd57c4-b96c-11e4-a802-0aaa78deedf9,Rifle Pull Out,Pulling Out Rifle,Motion,download/c9cd57c4-b96c-11e4-a802-0aaa78deedf9.fbx
c9ca96ec-b96c-11e4-a802-0aaa78deedf9,Crouched Sneaking Right,Crouched Cover Sneaking Right,Motion,download/c9ca96ec-b96c-11e4-a802-0aaa78deedf9.fbx
c9ca5964-b96c-11e4-a802-0aaa78deedf9,Golf Chip,Short Chip Shot,Motion,download/c9ca5964-b96c-11e4-a802-0aaa78deedf9.fbx
c9ca9161-b96c-11e4-a802-0aaa78deedf9,Wall Run,Male Runs Up A Wall Onto A Platform,Motion,download/c9ca9161-b96c-11e4-a802-0aaa78deedf9.fbx
c9cadf65-b96c-11e4-a802-0aaa78deedf9,Illegal Elbow Punch,Illegal Cross Elbow,Motion,download/c9cadf65-b96c-11e4-a802-0aaa78deedf9.fbx
c9cac28e-b96c-11e4-a802-0aaa78deedf9,Push Up To Idle,Basic Push Up Transition To Fitness Idle,Motion,download/c9cac28e-b96c-11e4-a802-0aaa78deedf9.fbx
c9ca726a-b96c-11e4-a802-0aaa78deedf9,Golf Putt Victory,Post-Putting Emotional Victory Gesture,Motion,download/c9ca726a-b96c-11e4-a802-0aaa78deedf9.fbx
c9cab4d0-b96c-11e4-a802-0aaa78deedf9,Inverted Double Kick To Kip Up,Hand Stand Kick With Both Feet To Kip Up,Motion,download/c9cab4d0-b96c-11e4-a802-0aaa78deedf9.fbx
c9c9995b-b96c-11e4-a802-0aaa78deedf9,Jump From Wall,Hanging On Wall To Jump Off,Motion,download/c9c9995b-b96c-11e4-a802-0aaa78deedf9.fbx
c9c99025-b96c-11e4-a802-0aaa78deedf9,Terrified,Being Terrified While Standing,Motion,download/c9c99025-b96c-11e4-a802-0aaa78deedf9.fbx
c9c97c58-b96c-11e4-a802-0aaa78deedf9,Right Strafe,Running Strafe To The Right,Motion,download/c9c97c58-b96c-11e4-a802-0aaa78deedf9.fbx
c9c962ca-b96c-11e4-a802-0aaa78deedf9,Crawl Backwards In Prone,Crawling Backwards While In A Prone Position,Motion,download/c9c962ca-b96c-11e4-a802-0aaa78deedf9.fbx
c9ca50c4-b96c-11e4-a802-0aaa78deedf9,"Having A Meeting, Male",Having A Meeting W/ Another At A Desk,Motion,download/c9ca50c4-b96c-11e4-a802-0aaa78deedf9.fbx
c9c9e5e8-b96c-11e4-a802-0aaa78deedf9,Being Strangled,Getting Snuck Up On And Strangled,Motion,download/c9c9e5e8-b96c-11e4-a802-0aaa78deedf9.fbx
c9c9e0ac-b96c-11e4-a802-0aaa78deedf9,Standing Cover To Cover,Standing Cover To Cover Transition,Motion,download/c9c9e0ac-b96c-11e4-a802-0aaa78deedf9.fbx
c9c9f288-b96c-11e4-a802-0aaa78deedf9,Drinking Fountain,Stopping To Drink From Drinking Fountain,Motion,download/c9c9f288-b96c-11e4-a802-0aaa78deedf9.fbx
c9c88838-b96c-11e4-a802-0aaa78deedf9,Strafing,Upright Strafe Run Left To Stop,Motion,download/c9c88838-b96c-11e4-a802-0aaa78deedf9.fbx
c9c90bfa-b96c-11e4-a802-0aaa78deedf9,Pouting,Standing Pout Gesture,Motion,download/c9c90bfa-b96c-11e4-a802-0aaa78deedf9.fbx
c9c8c51f-b96c-11e4-a802-0aaa78deedf9,Crawling Backwards,Frantically Crawling Backwards On Stomach,Motion,download/c9c8c51f-b96c-11e4-a802-0aaa78deedf9.fbx
c9c8a337-b96c-11e4-a802-0aaa78deedf9,Reload,Walk While Reloading Rifle,Motion,download/c9c8a337-b96c-11e4-a802-0aaa78deedf9.fbx
c9c9245d-b96c-11e4-a802-0aaa78deedf9,Firing Rifle,Repeatedly Firing While Running With Rifle,Motion,download/c9c9245d-b96c-11e4-a802-0aaa78deedf9.fbx
c9c94a11-b96c-11e4-a802-0aaa78deedf9,Prone Left Turn,Turning Left While Prone,Motion,download/c9c94a11-b96c-11e4-a802-0aaa78deedf9.fbx
c9c93242-b96c-11e4-a802-0aaa78deedf9,Mutant Right Turn 90,Mutant 90 Degree Right Turn From Idle,Motion,download/c9c93242-b96c-11e4-a802-0aaa78deedf9.fbx
c9c91ad5-b96c-11e4-a802-0aaa78deedf9,Agreeing,Step Back Cautiously Agreeing,Motion,download/c9c91ad5-b96c-11e4-a802-0aaa78deedf9.fbx
c9c9377f-b96c-11e4-a802-0aaa78deedf9,Mutant Jumping,Mutant Eagle Jump Game Blend,Motion,download/c9c9377f-b96c-11e4-a802-0aaa78deedf9.fbx
c9c8caf2-b96c-11e4-a802-0aaa78deedf9,Stumbling,Stumbling Over Crate,Motion,download/c9c8caf2-b96c-11e4-a802-0aaa78deedf9.fbx
c9c8a862-b96c-11e4-a802-0aaa78deedf9,Swagger Walk,Walking With A Swagger,Motion,download/c9c8a862-b96c-11e4-a802-0aaa78deedf9.fbx
c9c88301-b96c-11e4-a802-0aaa78deedf9,Talking,General Conversation,Motion,download/c9c88301-b96c-11e4-a802-0aaa78deedf9.fbx
c9c84254-b96c-11e4-a802-0aaa78deedf9,Walking,Walking While Carrying Someone,Motion,download/c9c84254-b96c-11e4-a802-0aaa78deedf9.fbx
c9c8222d-b96c-11e4-a802-0aaa78deedf9,Running,Silly Run,Motion,download/c9c8222d-b96c-11e4-a802-0aaa78deedf9.fbx
c9c90823-b96c-11e4-a802-0aaa78deedf9,Getting Up,Getting Up From Being Knocked Down On The Ground,Motion,download/c9c90823-b96c-11e4-a802-0aaa78deedf9.fbx
c9c8bd07-b96c-11e4-a802-0aaa78deedf9,Start Walking,Standing To Start Walking With Rifle,Motion,download/c9c8bd07-b96c-11e4-a802-0aaa78deedf9.fbx
c9c665b7-b96c-11e4-a802-0aaa78deedf9,Jazz Dancing,Female Jazz Dancing 'Around The World'- Loop,Motion,download/c9c665b7-b96c-11e4-a802-0aaa78deedf9.fbx
c9c6490f-b96c-11e4-a802-0aaa78deedf9,Jumping Down,Male Hulking Giant Jump Down,Motion,download/c9c6490f-b96c-11e4-a802-0aaa78deedf9.fbx
c9c69770-b96c-11e4-a802-0aaa78deedf9,Leaning,Leaning Square With Shoulders Against A Wall,Motion,download/c9c69770-b96c-11e4-a802-0aaa78deedf9.fbx
c9c6b8bb-b96c-11e4-a802-0aaa78deedf9,Rifle Idle,Rifle Idle,Motion,download/c9c6b8bb-b96c-11e4-a802-0aaa78deedf9.fbx
9df20f5a-85c9-4945-8392-8c341d8810ad,Crouch Walk Forward,Walking Forward With Bow,Motion,download/9df20f5a-85c9-4945-8392-8c341d8810ad.fbx
fab2ce21-1c4a-4e33-8929-28212f0dfc2c,Standing Jump,Jumping And Landing In Place With Bow,Motion,download/fab2ce21-1c4a-4e33-8929-28212f0dfc2c.fbx
7c31ef17-f3f0-4a07-80e3-899100ec22c9,Female Standing Pose,"Bending Forward, Arms Crossed Over Knees",Motion,download/7c31ef17-f3f0-4a07-80e3-899100ec22c9.fbx
304a666d-6d1c-4ddd-9944-8710879c309c,Male Laying Pose,"On Back, Legs Crossed, Hands Behind Head",Motion,download/304a666d-6d1c-4ddd-9944-8710879c309c.fbx
670efeec-dabc-492d-a713-a8a28a959249,Male Standing Pose,Looking Right,Motion,download/670efeec-dabc-492d-a713-a8a28a959249.fbx
e033b8e4-7c18-4491-884d-e16d4331bcf4,Male Action Pose,Pushing Backwards,Motion,download/e033b8e4-7c18-4491-884d-e16d4331bcf4.fbx
5d0f41e7-12d2-4d5b-98fc-42efbdd05929,Male Standing Pose,"Left Leg On Object, Left Hand On Knee, Right Hand On Hip",Motion,download/5d0f41e7-12d2-4d5b-98fc-42efbdd05929.fbx
0aef00f5-ea18-4e7c-a12d-6c92a08a9033,Female Standing Pose,"Leaning Back, Left Hand On Hip",Motion,download/0aef00f5-ea18-4e7c-a12d-6c92a08a9033.fbx
9649e88e-b287-4025-a7d3-e890c67bacee,Female Sitting Pose,Arms Holding Right Knee,Motion,download/9649e88e-b287-4025-a7d3-e890c67bacee.fbx
b45e7d54-42bc-43e2-8a2f-a5afe5e3d3ac,Standing React Death Right,Death Falling To The Right,Motion,download/b45e7d54-42bc-43e2-8a2f-a5afe5e3d3ac.fbx
c9c7a55c-b96c-11e4-a802-0aaa78deedf9,Sitting Disapproval,Sitting And Shaking Finger In Disapproval,Motion,download/c9c7a55c-b96c-11e4-a802-0aaa78deedf9.fbx
c9c83985-b96c-11e4-a802-0aaa78deedf9,Turning Right,Quick 90 Degree Right Turn,Motion,download/c9c83985-b96c-11e4-a802-0aaa78deedf9.fbx
c9c622d6-b96c-11e4-a802-0aaa78deedf9,Kicking,Male Front Snap Kick With The Rear Foot Advancing,Motion,download/c9c622d6-b96c-11e4-a802-0aaa78deedf9.fbx
c9c62882-b96c-11e4-a802-0aaa78deedf9,Kicking,Butterfly Kick Advancing,Motion,download/c9c62882-b96c-11e4-a802-0aaa78deedf9.fbx
e9cb491b-1a2c-4fee-b4ad-74158d70985c,Standing Torch Walk Right,Walking Right With Torch,Motion,download/e9cb491b-1a2c-4fee-b4ad-74158d70985c.fbx
3aa0ca44-1206-4a33-9373-68a9d5ebed8e,Standing Sprint Forward,Sprinting Forward With Bow,Motion,download/3aa0ca44-1206-4a33-9373-68a9d5ebed8e.fbx
506ac0af-885a-467a-bced-5ab53db6927d,Standing Death Right 02,Death Reaction Falling Right With Bow,Motion,download/506ac0af-885a-467a-bced-5ab53db6927d.fbx
b19a567b-41cf-4561-8b37-8745af14c8c1,Standing Torch Run Left,Running Left With Torch,Motion,download/b19a567b-41cf-4561-8b37-8745af14c8c1.fbx
31027f3c-03cb-41c0-a7ca-c7cc149a6d53,Male Laying Pose,"On Back, Left Leg Bent, Hands Behind Head",Motion,download/31027f3c-03cb-41c0-a7ca-c7cc149a6d53.fbx
1ead39af-d8cd-489c-9f38-dd5e30819395,Female Locomotion Pose,Walking,Motion,download/1ead39af-d8cd-489c-9f38-dd5e30819395.fbx
bf38a13c-91b2-4a7f-9683-56dd57ff6c01,Male Dance Pose,Legs Spread Leaning Right,Motion,download/bf38a13c-91b2-4a7f-9683-56dd57ff6c01.fbx
4362690a-8af0-41ac-9a22-33e43a51a6ee,Male Sitting Pose,Reaching Hands Towards Toes,Motion,download/4362690a-8af0-41ac-9a22-33e43a51a6ee.fbx
eaf51ff4-0fb7-4759-aadf-edb8fd3ae6a0,Female Action Pose,Examine Forwards,Motion,download/eaf51ff4-0fb7-4759-aadf-edb8fd3ae6a0.fbx
e3543986-d43d-4ec1-bac8-5cf7f5ec003b,Female Crouch Pose,Sneaking,Motion,download/e3543986-d43d-4ec1-bac8-5cf7f5ec003b.fbx
132b9fc2-a8bb-4aa0-a32f-d9209666e5e4,Catwalk Walk Stop Twist L,Male Walk Forward To Twist Left Idle,Motion,download/132b9fc2-a8bb-4aa0-a32f-d9209666e5e4.fbx
5b8c40fa-3e5e-4419-bb08-4e1bb49c4c6a,Female Laying Pose,"Legs To Side, Arms Raised",Motion,download/5b8c40fa-3e5e-4419-bb08-4e1bb49c4c6a.fbx
4b9582ce-c219-4db9-b301-9aaa229b2478,Catwalk Walk Crossed Stop,Female Walk Forward Crossed To Idle,Motion,download/4b9582ce-c219-4db9-b301-9aaa229b2478.fbx
c9ce4f31-b96c-11e4-a802-0aaa78deedf9,Injured Run Left Turn,Injured Running Turning Left,Motion,download/c9ce4f31-b96c-11e4-a802-0aaa78deedf9.fbx
c9cdb822-b96c-11e4-a802-0aaa78deedf9,Pistol Jump,Running Jump With A Pistol,Motion,download/c9cdb822-b96c-11e4-a802-0aaa78deedf9.fbx
c9cead85-b96c-11e4-a802-0aaa78deedf9,Standing Block,Blocking An Attack With Bow,Motion,download/c9cead85-b96c-11e4-a802-0aaa78deedf9.fbx
c9ce80df-b96c-11e4-a802-0aaa78deedf9,Tonic Seizure,Laying Having A Seizure,Motion,download/c9ce80df-b96c-11e4-a802-0aaa78deedf9.fbx
c9cea265-b96c-11e4-a802-0aaa78deedf9,Turn 90 Right,Rifle Turn 90 Right,Motion,download/c9cea265-b96c-11e4-a802-0aaa78deedf9.fbx
c9ce86d8-b96c-11e4-a802-0aaa78deedf9,Sprint Forward,Rifle Sprint Forward,Motion,download/c9ce86d8-b96c-11e4-a802-0aaa78deedf9.fbx
c9ce8ffa-b96c-11e4-a802-0aaa78deedf9,Run Backward Right,Rifle Run Backward Right,Motion,download/c9ce8ffa-b96c-11e4-a802-0aaa78deedf9.fbx
a0db410a-4b07-46db-be54-c30cc0498452,Standing Idle To Crouch,Transition From Standing Idle To Crouch Idle,Motion,download/a0db410a-4b07-46db-be54-c30cc0498452.fbx
c9ce69a8-b96c-11e4-a802-0aaa78deedf9,Stroke Hand Gesture,Stroke Victim Laying Gesturing With Hand,Motion,download/c9ce69a8-b96c-11e4-a802-0aaa78deedf9.fbx
c9ce4b1d-b96c-11e4-a802-0aaa78deedf9,Injured Walk Right Turn,Injured Walking Turning Right,Motion,download/c9ce4b1d-b96c-11e4-a802-0aaa78deedf9.fbx
c9cec5f5-b96c-11e4-a802-0aaa78deedf9,Standing Aim Walk Back,Walking Backwards While Aiming With Bow,Motion,download/c9cec5f5-b96c-11e4-a802-0aaa78deedf9.fbx
c9cd6b7e-b96c-11e4-a802-0aaa78deedf9,Rifle Crouch Turn,90 Degree Right Turn,Motion,download/c9cd6b7e-b96c-11e4-a802-0aaa78deedf9.fbx
c9ceb16c-b96c-11e4-a802-0aaa78deedf9,Standing Run Forward Stop,Running Forward Stop With Bow,Motion,download/c9ceb16c-b96c-11e4-a802-0aaa78deedf9.fbx
c9cebae7-b96c-11e4-a802-0aaa78deedf9,Standing Melee Kick,Kick Attack With Bow,Motion,download/c9cebae7-b96c-11e4-a802-0aaa78deedf9.fbx
c9cb479d-b96c-11e4-a802-0aaa78deedf9,Goalkeeper Placing Ball,Goalkeeper Placing Ball To Long Pass,Motion,download/c9cb479d-b96c-11e4-a802-0aaa78deedf9.fbx
c9cb5aab-b96c-11e4-a802-0aaa78deedf9,Kick Soccerball,Juggling Left Kick Of A Soccer Ball,Motion,download/c9cb5aab-b96c-11e4-a802-0aaa78deedf9.fbx
c9cc747b-b96c-11e4-a802-0aaa78deedf9,Great Sword Strafe,Great Sword Strafe Left Walk,Motion,download/c9cc747b-b96c-11e4-a802-0aaa78deedf9.fbx
c9cc9b70-b96c-11e4-a802-0aaa78deedf9,Kick To The Groin,Receive A Kick To The Groin To Falling Down,Motion,download/c9cc9b70-b96c-11e4-a802-0aaa78deedf9.fbx
c9c7f722-b96c-11e4-a802-0aaa78deedf9,Sweep Fall,Getting Feet Swept Out From Underneath And Falling,Motion,download/c9c7f722-b96c-11e4-a802-0aaa78deedf9.fbx
c9c76c4d-b96c-11e4-a802-0aaa78deedf9,Salsa Dancing,Salsa Dancing Double Twirl,Motion,download/c9c76c4d-b96c-11e4-a802-0aaa78deedf9.fbx
c9c8e0d3-b96c-11e4-a802-0aaa78deedf9,Dismissing Gesture,Dismissing With Hand Forward,Motion,download/c9c8e0d3-b96c-11e4-a802-0aaa78deedf9.fbx
c9c890a6-b96c-11e4-a802-0aaa78deedf9,Pistol Whip,Overhand Strike With Pistol,Motion,download/c9c890a6-b96c-11e4-a802-0aaa78deedf9.fbx
c9c61c53-b96c-11e4-a802-0aaa78deedf9,Stabbing,Male Knife Stab With Lead Hand And Fore Grip,Motion,download/c9c61c53-b96c-11e4-a802-0aaa78deedf9.fbx
c9c5f8da-b96c-11e4-a802-0aaa78deedf9,Punching,Cross Punch,Motion,download/c9c5f8da-b96c-11e4-a802-0aaa78deedf9.fbx
c9c62610-b96c-11e4-a802-0aaa78deedf9,Kicking,Spinning Back Kick Advancing,Motion,download/c9c62610-b96c-11e4-a802-0aaa78deedf9.fbx
c9c66f7b-b96c-11e4-a802-0aaa78deedf9,Hanging,Hanging Idle,Motion,download/c9c66f7b-b96c-11e4-a802-0aaa78deedf9.fbx
c9c68d24-b96c-11e4-a802-0aaa78deedf9,Female Stop Walking,Female Stop Walking,Motion,download/c9c68d24-b96c-11e4-a802-0aaa78deedf9.fbx
c9c6a7c8-b96c-11e4-a802-0aaa78deedf9,Military Signaling,"Military Signaling ""Move Slow"" While Crouched",Motion,download/c9c6a7c8-b96c-11e4-a802-0aaa78deedf9.fbx
c9c6b0ab-b96c-11e4-a802-0aaa78deedf9,Zombie Running,Zombie Run,Motion,download/c9c6b0ab-b96c-11e4-a802-0aaa78deedf9.fbx
c9c6d55d-b96c-11e4-a802-0aaa78deedf9,Closing,Closing Cabinet Door,Motion,download/c9c6d55d-b96c-11e4-a802-0aaa78deedf9.fbx
c9c69e45-b96c-11e4-a802-0aaa78deedf9,Baseball Pitching,Baseball Practice Pitching,Motion,download/c9c69e45-b96c-11e4-a802-0aaa78deedf9.fbx
c9c6de72-b96c-11e4-a802-0aaa78deedf9,Talking,Asking A Question,Motion,download/c9c6de72-b96c-11e4-a802-0aaa78deedf9.fbx
08f3514a-0d3b-469d-9f27-57f97d9fcb9b,Male Standing Pose,Arms Behind Back,Motion,download/08f3514a-0d3b-469d-9f27-57f97d9fcb9b.fbx
6b24d443-6dc6-444b-80a9-3a6867725cd7,Standing Block Start,Transition From Standing Idle To Block Idle,Motion,download/6b24d443-6dc6-444b-80a9-3a6867725cd7.fbx
c9ce7e95-b96c-11e4-a802-0aaa78deedf9,Treadmill Running,Running On A Treadmill From Slow To Fast,Motion,download/c9ce7e95-b96c-11e4-a802-0aaa78deedf9.fbx
dc356979-2ddd-4ab4-a14f-e740db3102a4,Female Standing Pose,Left Hand On Hip,Motion,download/dc356979-2ddd-4ab4-a14f-e740db3102a4.fbx
ba625166-2370-4260-ae47-0c49e3616309,Female Standing Pose,Looking Down To The Right,Motion,download/ba625166-2370-4260-ae47-0c49e3616309.fbx
8c95cac8-2068-410f-9564-d0a2a04ea0a5,Female Action Pose,Sliding,Motion,download/8c95cac8-2068-410f-9564-d0a2a04ea0a5.fbx
065bb3ef-261e-467f-83fe-f5b1c581c8d6,Standing Torch Burn Webs,Waving Torch Back And Forth,Motion,download/065bb3ef-261e-467f-83fe-f5b1c581c8d6.fbx
a2233830-8472-4575-b736-3fdd9d309b14,Crouch Idle 01,Crouching With Bow,Motion,download/a2233830-8472-4575-b736-3fdd9d309b14.fbx
cb2263a2-a43e-4139-9646-b2bbcad351e9,Standing Torch Light Torch From Fire,Lighting Torch From Ground,Motion,download/cb2263a2-a43e-4139-9646-b2bbcad351e9.fbx
0ced08f2-7954-47b8-bf3e-fb6be77c0f64,Standing Torch Walk Back,Walking Backwards With Torch,Motion,download/0ced08f2-7954-47b8-bf3e-fb6be77c0f64.fbx
03dffa68-d243-470f-b059-d10f8fcfeabb,Male Locomotion Pose,Sneaking Forward,Motion,download/03dffa68-d243-470f-b059-d10f8fcfeabb.fbx
a16517d1-cc83-4973-b3f3-bbecac3538e9,Standing Torch To Crouch Torch,Transition From Standing Idle To Crouch Idle,Motion,download/a16517d1-cc83-4973-b3f3-bbecac3538e9.fbx
c9cadc5e-b96c-11e4-a802-0aaa78deedf9,Step Backward,Medium Boxing Step Backward,Motion,download/c9cadc5e-b96c-11e4-a802-0aaa78deedf9.fbx
c9cc4999-b96c-11e4-a802-0aaa78deedf9,Sword And Shield Strafe,Sword And Shield Right Strafe Walk,Motion,download/c9cc4999-b96c-11e4-a802-0aaa78deedf9.fbx
c9c88600-b96c-11e4-a802-0aaa78deedf9,Strafing,Crouched Start To Run Strafing Right,Motion,download/c9c88600-b96c-11e4-a802-0aaa78deedf9.fbx
c9c86054-b96c-11e4-a802-0aaa78deedf9,Stand Up,Looking Over Ledge To Standing Up,Motion,download/c9c86054-b96c-11e4-a802-0aaa78deedf9.fbx
c9c82dfa-b96c-11e4-a802-0aaa78deedf9,Carrying,Carrying Someone Idle,Motion,download/c9c82dfa-b96c-11e4-a802-0aaa78deedf9.fbx
c9c8aef4-b96c-11e4-a802-0aaa78deedf9,Ducking,Sitting In Vehicle Ducking Down,Motion,download/c9c8aef4-b96c-11e4-a802-0aaa78deedf9.fbx
c9c86e4c-b96c-11e4-a802-0aaa78deedf9,Jump Forward,Jumping While Running And Holding A Rifle,Motion,download/c9c86e4c-b96c-11e4-a802-0aaa78deedf9.fbx
c9c8351c-b96c-11e4-a802-0aaa78deedf9,Convulsing,Convulsing On The Ground,Motion,download/c9c8351c-b96c-11e4-a802-0aaa78deedf9.fbx
c9c84cf6-b96c-11e4-a802-0aaa78deedf9,Taking Item,Taking An Item And Examining It,Motion,download/c9c84cf6-b96c-11e4-a802-0aaa78deedf9.fbx
c9c766de-b96c-11e4-a802-0aaa78deedf9,Salsa Dancing,Salsa Dancing Side To Side,Motion,download/c9c766de-b96c-11e4-a802-0aaa78deedf9.fbx
c9c71582-b96c-11e4-a802-0aaa78deedf9,Walking,Boxing Side Step Walk,Motion,download/c9c71582-b96c-11e4-a802-0aaa78deedf9.fbx
c9c73c1d-b96c-11e4-a802-0aaa78deedf9,Locking Hip Hop Dance,Locking Hip Hop Dance Variation Two,Motion,download/c9c73c1d-b96c-11e4-a802-0aaa78deedf9.fbx
c9c7013b-b96c-11e4-a802-0aaa78deedf9,Blow A Kiss,Blowing A Kiss,Motion,download/c9c7013b-b96c-11e4-a802-0aaa78deedf9.fbx
c9c6d3d1-b96c-11e4-a802-0aaa78deedf9,Jump Away,Jumping Away To Avoid Explosion,Motion,download/c9c6d3d1-b96c-11e4-a802-0aaa78deedf9.fbx
c9c6c0c2-b96c-11e4-a802-0aaa78deedf9,Old Man Walk,Slow Old Man Shuffle Walk,Motion,download/c9c6c0c2-b96c-11e4-a802-0aaa78deedf9.fbx
c9c70d7b-b96c-11e4-a802-0aaa78deedf9,Capoeira,Capoeira Groundwork,Motion,download/c9c70d7b-b96c-11e4-a802-0aaa78deedf9.fbx
c9c70433-b96c-11e4-a802-0aaa78deedf9,Pivot,Rotate From Front Foot,Motion,download/c9c70433-b96c-11e4-a802-0aaa78deedf9.fbx
c9c6f852-b96c-11e4-a802-0aaa78deedf9,Disappointed,"Disappointed ""Awe-Shucks""",Motion,download/c9c6f852-b96c-11e4-a802-0aaa78deedf9.fbx
c9c6a64d-b96c-11e4-a802-0aaa78deedf9,Military Signaling,"Military Signal ""Look"" While Crouched",Motion,download/c9c6a64d-b96c-11e4-a802-0aaa78deedf9.fbx
c9c6a06d-b96c-11e4-a802-0aaa78deedf9,Praying,Falling To Knees In Prayer,Motion,download/c9c6a06d-b96c-11e4-a802-0aaa78deedf9.fbx
c9c6b803-b96c-11e4-a802-0aaa78deedf9,Ready Idle,Ready To Combat To Defensive Idle,Motion,download/c9c6b803-b96c-11e4-a802-0aaa78deedf9.fbx
c9c696b0-b96c-11e4-a802-0aaa78deedf9,Leaning,Leaning Square Against A Wall With One Leg Up,Motion,download/c9c696b0-b96c-11e4-a802-0aaa78deedf9.fbx
c9c65aac-b96c-11e4-a802-0aaa78deedf9,Silly Dancing,Silly Dancing The Twist,Motion,download/c9c65aac-b96c-11e4-a802-0aaa78deedf9.fbx
c9c634c5-b96c-11e4-a802-0aaa78deedf9,Walking,Male Standard Walk,Motion,download/c9c634c5-b96c-11e4-a802-0aaa78deedf9.fbx
c9c608c6-b96c-11e4-a802-0aaa78deedf9,Walking,Male Careful Walk,Motion,download/c9c608c6-b96c-11e4-a802-0aaa78deedf9.fbx
c9cab62f-b96c-11e4-a802-0aaa78deedf9,Corkscrew Evade,Evading Projectiles With A Jump Spin,Motion,download/c9cab62f-b96c-11e4-a802-0aaa78deedf9.fbx
c9c9f90e-b96c-11e4-a802-0aaa78deedf9,Texting And Walking,Female Walking And Texting On Phone,Motion,download/c9c9f90e-b96c-11e4-a802-0aaa78deedf9.fbx
c9c9fd95-b96c-11e4-a802-0aaa78deedf9,Walking While Texting,Male Walking While Texting On A Smartphone,Motion,download/c9c9fd95-b96c-11e4-a802-0aaa78deedf9.fbx
c9c974e4-b96c-11e4-a802-0aaa78deedf9,Right Turn,Standing 180 Right Turn Game Blend,Motion,download/c9c974e4-b96c-11e4-a802-0aaa78deedf9.fbx
c9c91437-b96c-11e4-a802-0aaa78deedf9,Yelling Out,Stepping Forward And Yelling Out,Motion,download/c9c91437-b96c-11e4-a802-0aaa78deedf9.fbx
c9c936bd-b96c-11e4-a802-0aaa78deedf9,Turn Right,Turn Right While Crouching Game Blend,Motion,download/c9c936bd-b96c-11e4-a802-0aaa78deedf9.fbx
c9c91a0a-b96c-11e4-a802-0aaa78deedf9,Sitting Dodges,Dodging While Sitting,Motion,download/c9c91a0a-b96c-11e4-a802-0aaa78deedf9.fbx
c9c8df3d-b96c-11e4-a802-0aaa78deedf9,Lower Pistol,Lower Pistol While Sitting,Motion,download/c9c8df3d-b96c-11e4-a802-0aaa78deedf9.fbx
c9c91f89-b96c-11e4-a802-0aaa78deedf9,Lengthy Head Nod,Nodding Head Yes,Motion,download/c9c91f89-b96c-11e4-a802-0aaa78deedf9.fbx
c9c92b78-b96c-11e4-a802-0aaa78deedf9,Crouched Strafe Run,Run Crouched Strafe Right With Rifle,Motion,download/c9c92b78-b96c-11e4-a802-0aaa78deedf9.fbx
c9c93543-b96c-11e4-a802-0aaa78deedf9,Turning Right 45 Degrees,45 Degree Right Turn While Aiming A Rifle Game Blend,Motion,download/c9c93543-b96c-11e4-a802-0aaa78deedf9.fbx
c9c8d966-b96c-11e4-a802-0aaa78deedf9,Stop Walking,Walking To Standing Idle,Motion,download/c9c8d966-b96c-11e4-a802-0aaa78deedf9.fbx
c9c952ac-b96c-11e4-a802-0aaa78deedf9,Run To Stop,Crouched Run To A Crouched Stop,Motion,download/c9c952ac-b96c-11e4-a802-0aaa78deedf9.fbx
c9c94ecf-b96c-11e4-a802-0aaa78deedf9,Crouch Walk Backwards Stop,Crouched Walk Backwards While Aiming Rifle To Stopping,Motion,download/c9c94ecf-b96c-11e4-a802-0aaa78deedf9.fbx
c9c98f5f-b96c-11e4-a802-0aaa78deedf9,Hanging Idle,Hanging By Hands Gently Swaying,Motion,download/c9c98f5f-b96c-11e4-a802-0aaa78deedf9.fbx
c9c791f3-b96c-11e4-a802-0aaa78deedf9,Piano Playing,Playing Multiple Runs On A Piano,Motion,download/c9c791f3-b96c-11e4-a802-0aaa78deedf9.fbx
c9c83c87-b96c-11e4-a802-0aaa78deedf9,Inspecting,Looking At Rifle,Motion,download/c9c83c87-b96c-11e4-a802-0aaa78deedf9.fbx
c9c78d87-b96c-11e4-a802-0aaa78deedf9,Pointing,Pointing While Seated,Motion,download/c9c78d87-b96c-11e4-a802-0aaa78deedf9.fbx
c9cbaf32-b96c-11e4-a802-0aaa78deedf9,Ginga Sideways 1,Capoeira Step To The Side,Motion,download/c9cbaf32-b96c-11e4-a802-0aaa78deedf9.fbx
c9cc5c62-b96c-11e4-a802-0aaa78deedf9,Sword And Shield Slash,Sword And Shield Crouch Slash,Motion,download/c9cc5c62-b96c-11e4-a802-0aaa78deedf9.fbx
c9cb6a8b-b96c-11e4-a802-0aaa78deedf9,Standing Clap,Standing Clap From Sitting,Motion,download/c9cb6a8b-b96c-11e4-a802-0aaa78deedf9.fbx
c9cb11ba-b96c-11e4-a802-0aaa78deedf9,Hook,Long Hook Punch To The Head,Motion,download/c9cb11ba-b96c-11e4-a802-0aaa78deedf9.fbx
c9cc3f4a-b96c-11e4-a802-0aaa78deedf9,Breakdance Swipes,Start Breakdance Swipes Maneuver,Motion,download/c9cc3f4a-b96c-11e4-a802-0aaa78deedf9.fbx
c9cc2349-b96c-11e4-a802-0aaa78deedf9,Zombie Biting,Zombie Biting Victim On The Ground,Motion,download/c9cc2349-b96c-11e4-a802-0aaa78deedf9.fbx
c9cc5ad4-b96c-11e4-a802-0aaa78deedf9,Sword And Shield Crouching,Sword And Shield Crouch To Stand,Motion,download/c9cc5ad4-b96c-11e4-a802-0aaa78deedf9.fbx
c9cc3970-b96c-11e4-a802-0aaa78deedf9,Breakdance Freeze Var 4,Breakdance Arch Freeze Var 4,Motion,download/c9cc3970-b96c-11e4-a802-0aaa78deedf9.fbx
c9cc48d1-b96c-11e4-a802-0aaa78deedf9,Sword And Shield Jump,Sword And Shield Jump From Idle,Motion,download/c9cc48d1-b96c-11e4-a802-0aaa78deedf9.fbx
c9cbef68-b96c-11e4-a802-0aaa78deedf9,Walking Backwards,Walking Backwards,Motion,download/c9cbef68-b96c-11e4-a802-0aaa78deedf9.fbx
c9cc0768-b96c-11e4-a802-0aaa78deedf9,Standing To Crouched,Standing Adventure Idle To Crouched,Motion,download/c9cc0768-b96c-11e4-a802-0aaa78deedf9.fbx
c9cb738a-b96c-11e4-a802-0aaa78deedf9,Fist Pump,Big Standing Fist Pump From Sitting,Motion,download/c9cb738a-b96c-11e4-a802-0aaa78deedf9.fbx
c9cbe411-b96c-11e4-a802-0aaa78deedf9,Troca 1,Capoeira Floor Escape,Motion,download/c9cbe411-b96c-11e4-a802-0aaa78deedf9.fbx
c9cb9a91-b96c-11e4-a802-0aaa78deedf9,Sitting Drinking,Having A Seat And Drinking A Canned Beverage,Motion,download/c9cb9a91-b96c-11e4-a802-0aaa78deedf9.fbx
c9ca4de1-b96c-11e4-a802-0aaa78deedf9,Open Door Outwards,Open Door Outwards While Walking,Motion,download/c9ca4de1-b96c-11e4-a802-0aaa78deedf9.fbx
c9cad94a-b96c-11e4-a802-0aaa78deedf9,Idle,Male Fitness Idle,Motion,download/c9cad94a-b96c-11e4-a802-0aaa78deedf9.fbx
c9ca7f74-b96c-11e4-a802-0aaa78deedf9,Stunned,Male Knocked Down From A Punch,Motion,download/c9ca7f74-b96c-11e4-a802-0aaa78deedf9.fbx
c9cadea3-b96c-11e4-a802-0aaa78deedf9,Illegal Elbow Punch,Illegal Elbow Uppercut,Motion,download/c9cadea3-b96c-11e4-a802-0aaa78deedf9.fbx
c9cae7e9-b96c-11e4-a802-0aaa78deedf9,Short Right Side Step,Short Right Boxing Side Step,Motion,download/c9cae7e9-b96c-11e4-a802-0aaa78deedf9.fbx
c9cae26b-b96c-11e4-a802-0aaa78deedf9,Body Jab Cross,Boxing Body Jab Cross Medium,Motion,download/c9cae26b-b96c-11e4-a802-0aaa78deedf9.fbx
c9c9cf55-b96c-11e4-a802-0aaa78deedf9,Jump To Freehang,Standing Jump To Freehang,Motion,download/c9c9cf55-b96c-11e4-a802-0aaa78deedf9.fbx
c9c9be3d-b96c-11e4-a802-0aaa78deedf9,Stand To Freehang,Standing Jump To Freehang,Motion,download/c9c9be3d-b96c-11e4-a802-0aaa78deedf9.fbx
c9c9d4a0-b96c-11e4-a802-0aaa78deedf9,Push Start,Start To Push A Heavy Object,Motion,download/c9c9d4a0-b96c-11e4-a802-0aaa78deedf9.fbx
c9c9989b-b96c-11e4-a802-0aaa78deedf9,Cover Idle,Standing Cover Against Object,Motion,download/c9c9989b-b96c-11e4-a802-0aaa78deedf9.fbx
c9c9d85a-b96c-11e4-a802-0aaa78deedf9,Frisbee Throw,Throwing Frisbee Forward,Motion,download/c9c9d85a-b96c-11e4-a802-0aaa78deedf9.fbx
c9c9e530-b96c-11e4-a802-0aaa78deedf9,Strangling,Sneaking Up From Behind And Strangling,Motion,download/c9c9e530-b96c-11e4-a802-0aaa78deedf9.fbx
c9c9c963-b96c-11e4-a802-0aaa78deedf9,Drop To Freehang,Standing Drop To Freehang,Motion,download/c9c9c963-b96c-11e4-a802-0aaa78deedf9.fbx
c9c9a371-b96c-11e4-a802-0aaa78deedf9,Stand To Cover,Standing To A Crouched Cover Position,Motion,download/c9c9a371-b96c-11e4-a802-0aaa78deedf9.fbx
c9c99e03-b96c-11e4-a802-0aaa78deedf9,Braced Hang Shimmy,Right Braced Hang Shimmy,Motion,download/c9c99e03-b96c-11e4-a802-0aaa78deedf9.fbx
c9cb0637-b96c-11e4-a802-0aaa78deedf9,Big Hit To Head,Receiving A Big Hit From A Straight Punch,Motion,download/c9cb0637-b96c-11e4-a802-0aaa78deedf9.fbx
c9cad03d-b96c-11e4-a802-0aaa78deedf9,Idle Transition,Transition From Idle To Fitness Idle,Motion,download/c9cad03d-b96c-11e4-a802-0aaa78deedf9.fbx
c9ce6355-b96c-11e4-a802-0aaa78deedf9,Laying Idle,Laying On A Bed Idle,Motion,download/c9ce6355-b96c-11e4-a802-0aaa78deedf9.fbx
c9ce8f34-b96c-11e4-a802-0aaa78deedf9,Run Backward Left,Rifle Run Backward Left,Motion,download/c9ce8f34-b96c-11e4-a802-0aaa78deedf9.fbx
c9ce78f7-b96c-11e4-a802-0aaa78deedf9,Medium Run,Medium Speed Running,Motion,download/c9ce78f7-b96c-11e4-a802-0aaa78deedf9.fbx
c9cdb75a-b96c-11e4-a802-0aaa78deedf9,Pistol Run,Running With A Pistol,Motion,download/c9cdb75a-b96c-11e4-a802-0aaa78deedf9.fbx
c9cd946f-b96c-11e4-a802-0aaa78deedf9,Defeat Idle,Big Vegas Defeat Idle,Motion,download/c9cd946f-b96c-11e4-a802-0aaa78deedf9.fbx
c9cd92e4-b96c-11e4-a802-0aaa78deedf9,Taunt Gesture,Sporty Granny Taunting Gesture,Motion,download/c9cd92e4-b96c-11e4-a802-0aaa78deedf9.fbx
c9cec90b-b96c-11e4-a802-0aaa78deedf9,Standing Aim Walk Left,Walking Left While Aiming With Bow,Motion,download/c9cec90b-b96c-11e4-a802-0aaa78deedf9.fbx
c9cee049-b96c-11e4-a802-0aaa78deedf9,Standing Run Forward,Running Forward With Axe,Motion,download/c9cee049-b96c-11e4-a802-0aaa78deedf9.fbx
8678478a-695e-4b35-93e4-769e5bd06747,Crouch To Standing Idle,Transition From Crouch To Standing Idle,Motion,download/8678478a-695e-4b35-93e4-769e5bd06747.fbx
c9cea19a-b96c-11e4-a802-0aaa78deedf9,Idle Aiming,Rifle Standing Idle Aiming,Motion,download/c9cea19a-b96c-11e4-a802-0aaa78deedf9.fbx
c9cd7793-b96c-11e4-a802-0aaa78deedf9,Sitting Talking,Sitting And Talking To Another Person,Motion,download/c9cd7793-b96c-11e4-a802-0aaa78deedf9.fbx
c9cd6c40-b96c-11e4-a802-0aaa78deedf9,Rifle Crouch Turn,135 Degree Right Turn,Motion,download/c9cd6c40-b96c-11e4-a802-0aaa78deedf9.fbx
c9ccb106-b96c-11e4-a802-0aaa78deedf9,Descending Stairs,Walking Down A Set Of Stairs,Motion,download/c9ccb106-b96c-11e4-a802-0aaa78deedf9.fbx
c9cd6ac2-b96c-11e4-a802-0aaa78deedf9,Rifle Crouch Turn,45 Degree Right Turn,Motion,download/c9cd6ac2-b96c-11e4-a802-0aaa78deedf9.fbx
c9cd1560-b96c-11e4-a802-0aaa78deedf9,Dwarf Idle,Female Dwarf Idle Var. 3,Motion,download/c9cd1560-b96c-11e4-a802-0aaa78deedf9.fbx
c9cd5a01-b96c-11e4-a802-0aaa78deedf9,Rifle Turn,135 Degree Left Turn,Motion,download/c9cd5a01-b96c-11e4-a802-0aaa78deedf9.fbx
c9cd4d5c-b96c-11e4-a802-0aaa78deedf9,Rifle Run,Running With Rifle Down,Motion,download/c9cd4d5c-b96c-11e4-a802-0aaa78deedf9.fbx
c9cd254a-b96c-11e4-a802-0aaa78deedf9,Orc Walk,Male Orc Walk Forward,Motion,download/c9cd254a-b96c-11e4-a802-0aaa78deedf9.fbx
c9ccf2b8-b96c-11e4-a802-0aaa78deedf9,Run Forward Arc Right,Happy Run Forward Right Arc,Motion,download/c9ccf2b8-b96c-11e4-a802-0aaa78deedf9.fbx
c9cced58-b96c-11e4-a802-0aaa78deedf9,Look Around,Looking Around The Body,Motion,download/c9cced58-b96c-11e4-a802-0aaa78deedf9.fbx
c9ccd3a9-b96c-11e4-a802-0aaa78deedf9,Sleeping Idle,Restless Sleeping,Motion,download/c9ccd3a9-b96c-11e4-a802-0aaa78deedf9.fbx
c9cd1ff7-b96c-11e4-a802-0aaa78deedf9,Right Turn,Female Ninja Right Turn In Place,Motion,download/c9cd1ff7-b96c-11e4-a802-0aaa78deedf9.fbx
c9cceeed-b96c-11e4-a802-0aaa78deedf9,Happy Walk,Happy Walking Forward,Motion,download/c9cceeed-b96c-11e4-a802-0aaa78deedf9.fbx
c9cce97f-b96c-11e4-a802-0aaa78deedf9,Fight Idle To Standing Idle,Transition From Fight Idle To Standing Idle,Motion,download/c9cce97f-b96c-11e4-a802-0aaa78deedf9.fbx
c9ccc521-b96c-11e4-a802-0aaa78deedf9,Backward Right Turn,Backward Walk Turning Right,Motion,download/c9ccc521-b96c-11e4-a802-0aaa78deedf9.fbx
c9cca21b-b96c-11e4-a802-0aaa78deedf9,Tripping,Walk To Tripping And Falling,Motion,download/c9cca21b-b96c-11e4-a802-0aaa78deedf9.fbx
c9cc9e6d-b96c-11e4-a802-0aaa78deedf9,Scissor Kick,Soccer Scissor Kick To Goal,Motion,download/c9cc9e6d-b96c-11e4-a802-0aaa78deedf9.fbx
c9ccb63f-b96c-11e4-a802-0aaa78deedf9,Two Handed Sword Death,Falling Forward Death,Motion,download/c9ccb63f-b96c-11e4-a802-0aaa78deedf9.fbx
ede8954e-5272-46c2-b3c5-c701e5ee887c,Male Crouch Pose,Arms Spread Looking Upwards,Motion,download/ede8954e-5272-46c2-b3c5-c701e5ee887c.fbx
02825b33-a9a3-418e-85e8-df665e2e52eb,Female Dance Pose,"On Toes, Back Arched",Motion,download/02825b33-a9a3-418e-85e8-df665e2e52eb.fbx
62e92e9c-623b-4754-9cb7-c234973eb982,Male Laying Pose,"On Back, Left Leg Bent",Motion,download/62e92e9c-623b-4754-9cb7-c234973eb982.fbx
02854bce-1b74-4b36-bb3f-df58f4a0a345,Female Crouch Pose,"On Knees, Arms Raised",Motion,download/02854bce-1b74-4b36-bb3f-df58f4a0a345.fbx
5fb720bd-4195-4e3c-a826-32016fd936fa,Female Dynamic Pose,"Floating, Back Arched",Motion,download/5fb720bd-4195-4e3c-a826-32016fd936fa.fbx
4e21b529-63d3-4f10-904f-17b12bca55a8,Catwalk Sequence 02,"Female Sequence - Twist Left, Right, Walking 360 Spin",Motion,download/4e21b529-63d3-4f10-904f-17b12bca55a8.fbx
29e907b5-a383-415b-bf20-f24c916ac328,Catwalk Idle To Walk Forward,Female Idle To Walk Forward,Motion,download/29e907b5-a383-415b-bf20-f24c916ac328.fbx
7acd6eb0-c2ee-4fde-bf33-95f51372b3cb,Male Sitting Pose,Elbows On Legs Leaning Forward,Motion,download/7acd6eb0-c2ee-4fde-bf33-95f51372b3cb.fbx
aaba4531-7c08-4d2c-a7a6-8eae3879611d,Male Standing Pose,Looking Left,Motion,download/aaba4531-7c08-4d2c-a7a6-8eae3879611d.fbx
81142413-dffc-4f6b-bfc4-9d1800f5786d,Catwalk Walk Forward Crossed,Female Walk Forward - Legs Crossing,Motion,download/81142413-dffc-4f6b-bfc4-9d1800f5786d.fbx
4593e9b4-047b-4e2c-ab17-3077d1e8be17,Standing Turn Right 90,Turning 90 Degrees Right,Motion,download/4593e9b4-047b-4e2c-ab17-3077d1e8be17.fbx
586a54c0-5dc8-4290-be1c-aeccd94645de,Standing React Death Forward,Death Falling Forwards,Motion,download/586a54c0-5dc8-4290-be1c-aeccd94645de.fbx
4569732c-3f47-466c-bcc7-5beba5d246ce,Standing 1H Cast Spell 01,One Handed Casting Spell Upwards,Motion,download/4569732c-3f47-466c-bcc7-5beba5d246ce.fbx
06b8cc73-3453-4423-91fd-50e682df7db1,Standing Torch Jump Running,Running  Jump To Run Forward,Motion,download/06b8cc73-3453-4423-91fd-50e682df7db1.fbx
c4bfbde5-ccb9-4b2c-8856-2815f4a13f6d,Crouch Torch Walk Forward,Walking Forward While Crouched,Motion,download/c4bfbde5-ccb9-4b2c-8856-2815f4a13f6d.fbx
c9cc952d-b96c-11e4-a802-0aaa78deedf9,Great Sword Idle,Great Sword Strike A Pose Idle,Motion,download/c9cc952d-b96c-11e4-a802-0aaa78deedf9.fbx
c9cdc0a4-b96c-11e4-a802-0aaa78deedf9,Pistol Run Backward Arc,Run Backward Arc Right With An Aimed Pistol,Motion,download/c9cdc0a4-b96c-11e4-a802-0aaa78deedf9.fbx
c9cdc4a1-b96c-11e4-a802-0aaa78deedf9,Pistol Walk Backward Arc,Walk Backward Arc Right With An Aimed Pistol,Motion,download/c9cdc4a1-b96c-11e4-a802-0aaa78deedf9.fbx
c9cee6eb-b96c-11e4-a802-0aaa78deedf9,Standing Walk Left,Walking Left With Axe,Motion,download/c9cee6eb-b96c-11e4-a802-0aaa78deedf9.fbx
c9cebbb5-b96c-11e4-a802-0aaa78deedf9,Standing Aim Overdraw,Charging Bow For Powershot,Motion,download/c9cebbb5-b96c-11e4-a802-0aaa78deedf9.fbx
c9cd89ad-b96c-11e4-a802-0aaa78deedf9,Getting Up,Standing From A Lying Prone,Motion,download/c9cd89ad-b96c-11e4-a802-0aaa78deedf9.fbx
c9ce83da-b96c-11e4-a802-0aaa78deedf9,Cross Jumps Rotation,Cross Jumps Rotation,Motion,download/c9ce83da-b96c-11e4-a802-0aaa78deedf9.fbx
c9c69fb6-b96c-11e4-a802-0aaa78deedf9,Praying,Buckled Stand And Praying,Motion,download/c9c69fb6-b96c-11e4-a802-0aaa78deedf9.fbx
c9c6ed9e-b96c-11e4-a802-0aaa78deedf9,Hip Hop Dancing,Hip Hop Robot Dance Variation Two,Motion,download/c9c6ed9e-b96c-11e4-a802-0aaa78deedf9.fbx
c9c6cdf7-b96c-11e4-a802-0aaa78deedf9,Looking Around,Idle Stand Looking Around,Motion,download/c9c6cdf7-b96c-11e4-a802-0aaa78deedf9.fbx
c9c6f15b-b96c-11e4-a802-0aaa78deedf9,Hip Hop Dancing,Hip Hop Quake Variation 1,Motion,download/c9c6f15b-b96c-11e4-a802-0aaa78deedf9.fbx
c9c6ad00-b96c-11e4-a802-0aaa78deedf9,Grab Rifle From The Side And Put Back,Grabbing Rifle From Side And Putting Back,Motion,download/c9c6ad00-b96c-11e4-a802-0aaa78deedf9.fbx
c9c6b22d-b96c-11e4-a802-0aaa78deedf9,Zombie Stand Up,Zombie Laying On Side To Standing Up,Motion,download/c9c6b22d-b96c-11e4-a802-0aaa78deedf9.fbx
c9c695f0-b96c-11e4-a802-0aaa78deedf9,One Shoulder Lean,Leaning Against A Wall With Various Postures,Motion,download/c9c695f0-b96c-11e4-a802-0aaa78deedf9.fbx
c9c6bc60-b96c-11e4-a802-0aaa78deedf9,Hit Reaction,Hit Reaction While Holding A Pistol,Motion,download/c9c6bc60-b96c-11e4-a802-0aaa78deedf9.fbx
c9c651ae-b96c-11e4-a802-0aaa78deedf9,Dancing,"Female ""African Rainbow"" Dance",Motion,download/c9c651ae-b96c-11e4-a802-0aaa78deedf9.fbx
c9c6a93f-b96c-11e4-a802-0aaa78deedf9,Grab Rifle From Back,Standing To Ready Pose Grabbing Rifle From The Back,Motion,download/c9c6a93f-b96c-11e4-a802-0aaa78deedf9.fbx
c9c6726b-b96c-11e4-a802-0aaa78deedf9,Zombie Idle,Zombie Alert Idle,Motion,download/c9c6726b-b96c-11e4-a802-0aaa78deedf9.fbx
c9c659d7-b96c-11e4-a802-0aaa78deedf9,Baseball Umpire,Umpire Calling A Strike,Motion,download/c9c659d7-b96c-11e4-a802-0aaa78deedf9.fbx
c9c6695e-b96c-11e4-a802-0aaa78deedf9,Jump Down,Jumping Down From 2 Feet Platform With 2 Feet,Motion,download/c9c6695e-b96c-11e4-a802-0aaa78deedf9.fbx
c9c63806-b96c-11e4-a802-0aaa78deedf9,Gunplay,Standing Shooting Rapid Fire,Motion,download/c9c63806-b96c-11e4-a802-0aaa78deedf9.fbx
c9c62d63-b96c-11e4-a802-0aaa78deedf9,Dying,Death Hit From The Back Falling On One Knee,Motion,download/c9c62d63-b96c-11e4-a802-0aaa78deedf9.fbx
c9c5ff48-b96c-11e4-a802-0aaa78deedf9,Blocking,Blocking Inward,Motion,download/c9c5ff48-b96c-11e4-a802-0aaa78deedf9.fbx
c9c843ba-b96c-11e4-a802-0aaa78deedf9,Jumping Down,Jump Down Over A Rail Clumsily,Motion,download/c9c843ba-b96c-11e4-a802-0aaa78deedf9.fbx
c9c8ef48-b96c-11e4-a802-0aaa78deedf9,Injured Jog,Jogging While Holding And Checking Injured Arm,Motion,download/c9c8ef48-b96c-11e4-a802-0aaa78deedf9.fbx
c9c8b89a-b96c-11e4-a802-0aaa78deedf9,Rifle Start Run,Starting To Run With A Aimed Rifle,Motion,download/c9c8b89a-b96c-11e4-a802-0aaa78deedf9.fbx
c9c90e3c-b96c-11e4-a802-0aaa78deedf9,Being Cocky,Cocky Lean Back,Motion,download/c9c90e3c-b96c-11e4-a802-0aaa78deedf9.fbx
c9c8e2c5-b96c-11e4-a802-0aaa78deedf9,Sitting Swinging Weapon,Swinging Melee Weapon While Sitting,Motion,download/c9c8e2c5-b96c-11e4-a802-0aaa78deedf9.fbx
c9c85003-b96c-11e4-a802-0aaa78deedf9,Hiding Grab,Grabs Radio While Hiding,Motion,download/c9c85003-b96c-11e4-a802-0aaa78deedf9.fbx
c9c866ee-b96c-11e4-a802-0aaa78deedf9,Start Walking Backwards,Start Walking Backwards While Aiming Rifle,Motion,download/c9c866ee-b96c-11e4-a802-0aaa78deedf9.fbx
c9c809b5-b96c-11e4-a802-0aaa78deedf9,Swimming To Edge,Swimming Breastroke To Edge Of Pool,Motion,download/c9c809b5-b96c-11e4-a802-0aaa78deedf9.fbx
c9c836af-b96c-11e4-a802-0aaa78deedf9,Kneeling,Kneeling On One Knee Idle,Motion,download/c9c836af-b96c-11e4-a802-0aaa78deedf9.fbx
c9c8d70a-b96c-11e4-a802-0aaa78deedf9,Grabbing Pistol,Quickly Grabbing A Pistol On The Floor And Taking Aim,Motion,download/c9c8d70a-b96c-11e4-a802-0aaa78deedf9.fbx
c9c89222-b96c-11e4-a802-0aaa78deedf9,Run Backwards,Standing Start To Run Backwards,Motion,download/c9c89222-b96c-11e4-a802-0aaa78deedf9.fbx
c9c86fc2-b96c-11e4-a802-0aaa78deedf9,Prone Roll,Rifle Prone Rolling Right,Motion,download/c9c86fc2-b96c-11e4-a802-0aaa78deedf9.fbx
c9c87139-b96c-11e4-a802-0aaa78deedf9,Crouch Idle,Crouching Holding A Rifle,Motion,download/c9c87139-b96c-11e4-a802-0aaa78deedf9.fbx
c9c86c17-b96c-11e4-a802-0aaa78deedf9,Run Backwards,Running Backwards While Aiming Rifle,Motion,download/c9c86c17-b96c-11e4-a802-0aaa78deedf9.fbx
c9c6b97b-b96c-11e4-a802-0aaa78deedf9,Slow Jog,Jogging Slowly Varying Angles Of Twist,Motion,download/c9c6b97b-b96c-11e4-a802-0aaa78deedf9.fbx
c9c6cc85-b96c-11e4-a802-0aaa78deedf9,Waving,Emotional Waving Forward,Motion,download/c9c6cc85-b96c-11e4-a802-0aaa78deedf9.fbx
c9c6c3b6-b96c-11e4-a802-0aaa78deedf9,Scary Clown Stopping,Walking Coming To A Stop From Left Foot Passing,Motion,download/c9c6c3b6-b96c-11e4-a802-0aaa78deedf9.fbx
e456545d-7f35-431d-b058-996291b35a9e,Catwalk Sequence 01,"Male Sequence - Turn Left, Turn Right",Motion,download/e456545d-7f35-431d-b058-996291b35a9e.fbx
baa36602-0926-407f-a0de-f4740f7573e6,Catwalk Walk Start Backwards 180R,Female Walk Start Backwards Turning 180 To The Right,Motion,download/baa36602-0926-407f-a0de-f4740f7573e6.fbx
c9ce8860-b96c-11e4-a802-0aaa78deedf9,Walk Crouching Forward Right,Rifle Crouched Walk Forward Right,Motion,download/c9ce8860-b96c-11e4-a802-0aaa78deedf9.fbx
c9ce55ed-b96c-11e4-a802-0aaa78deedf9,Injured Turn Right,Injured Standing Turning Right,Motion,download/c9ce55ed-b96c-11e4-a802-0aaa78deedf9.fbx
c9ccd230-b96c-11e4-a802-0aaa78deedf9,Teeter,Short Teetering On An Edge,Motion,download/c9ccd230-b96c-11e4-a802-0aaa78deedf9.fbx
c9cca5cc-b96c-11e4-a802-0aaa78deedf9,Stomp,Hard Floor Stomp,Motion,download/c9cca5cc-b96c-11e4-a802-0aaa78deedf9.fbx
c9cc93ac-b96c-11e4-a802-0aaa78deedf9,Great Sword Kick,Great Sword Side Kick,Motion,download/c9cc93ac-b96c-11e4-a802-0aaa78deedf9.fbx
c9ccabe2-b96c-11e4-a802-0aaa78deedf9,Sit To Stand,Sitting To Standing,Motion,download/c9ccabe2-b96c-11e4-a802-0aaa78deedf9.fbx
c9ceb892-b96c-11e4-a802-0aaa78deedf9,Standing Dodge Forward,Dodge Forward With Bow,Motion,download/c9ceb892-b96c-11e4-a802-0aaa78deedf9.fbx
c9cec217-b96c-11e4-a802-0aaa78deedf9,Standing Run Left,Running Left With Bow,Motion,download/c9cec217-b96c-11e4-a802-0aaa78deedf9.fbx
2779e73d-cd1a-40f7-bc69-22421dba1960,Standing 2H Magic Attack 05,Two Handed Casting Spell Pull Up And Clap Hands,Motion,download/2779e73d-cd1a-40f7-bc69-22421dba1960.fbx
beb8aa59-89e9-451b-902c-2af4296114c8,Standing 2H Cast Spell 01,Two Handed Casting Spell Upward Pull,Motion,download/beb8aa59-89e9-451b-902c-2af4296114c8.fbx
c9cef264-b96c-11e4-a802-0aaa78deedf9,Standing Jump,Jumping And Landing In Place With Axe,Motion,download/c9cef264-b96c-11e4-a802-0aaa78deedf9.fbx
328e4430-480a-49c2-8086-ef5f1b5a1beb,Crouch Walk Back,Walking Backwards While Crouched,Motion,download/328e4430-480a-49c2-8086-ef5f1b5a1beb.fbx
c9cd223d-b96c-11e4-a802-0aaa78deedf9,Sneak Walk,Male Ninja Sneak Walk,Motion,download/c9cd223d-b96c-11e4-a802-0aaa78deedf9.fbx
c9cd3cfa-b96c-11e4-a802-0aaa78deedf9,Baseball Step In,Baseball Batter Stepping In To Bat,Motion,download/c9cd3cfa-b96c-11e4-a802-0aaa78deedf9.fbx
c9cd05cf-b96c-11e4-a802-0aaa78deedf9,Double Leg Takedown - Attacker,Mma Takedown To Standing Mma Idle,Motion,download/c9cd05cf-b96c-11e4-a802-0aaa78deedf9.fbx
c9ccaf87-b96c-11e4-a802-0aaa78deedf9,Typing,Sitting At A Computer And Typing,Motion,download/c9ccaf87-b96c-11e4-a802-0aaa78deedf9.fbx
c9cd82ea-b96c-11e4-a802-0aaa78deedf9,Hit On Side Of Body,Getting Hit On The Right Side Of The Body With An Object When Running,Motion,download/c9cd82ea-b96c-11e4-a802-0aaa78deedf9.fbx
c9cd3af5-b96c-11e4-a802-0aaa78deedf9,Mma Kick,Mma Roundhouse Kick,Motion,download/c9cd3af5-b96c-11e4-a802-0aaa78deedf9.fbx
c9cd5e7d-b96c-11e4-a802-0aaa78deedf9,Rifle Stand To Kneel,Rifle Standing To Kneeling,Motion,download/c9cd5e7d-b96c-11e4-a802-0aaa78deedf9.fbx
c9cd54bf-b96c-11e4-a802-0aaa78deedf9,Rifle Aim To Down,Rifle Aiming To Down,Motion,download/c9cd54bf-b96c-11e4-a802-0aaa78deedf9.fbx
c9cd13dc-b96c-11e4-a802-0aaa78deedf9,Dwarf Idle,Female Dwarf Idle Var. 1,Motion,download/c9cd13dc-b96c-11e4-a802-0aaa78deedf9.fbx
c9ccebcf-b96c-11e4-a802-0aaa78deedf9,Jump,Forward Running Jump,Motion,download/c9ccebcf-b96c-11e4-a802-0aaa78deedf9.fbx
c9c9fcd7-b96c-11e4-a802-0aaa78deedf9,Walk In Circle,Female Walking Counter Clockwise,Motion,download/c9c9fcd7-b96c-11e4-a802-0aaa78deedf9.fbx
c9cb1065-b96c-11e4-a802-0aaa78deedf9,Hook,Short Hook Punch To The Head,Motion,download/c9cb1065-b96c-11e4-a802-0aaa78deedf9.fbx
c9cad347-b96c-11e4-a802-0aaa78deedf9,Start Bicycle Sit Up,Start Bicycle Sit Up From Fitness Idle,Motion,download/c9cad347-b96c-11e4-a802-0aaa78deedf9.fbx
c9caf4f2-b96c-11e4-a802-0aaa78deedf9,Punch Combo,Four Punch Combo,Motion,download/c9caf4f2-b96c-11e4-a802-0aaa78deedf9.fbx
c9caa2b7-b96c-11e4-a802-0aaa78deedf9,Right Cover Sneak,Right Standing Sneak Behind Cover,Motion,download/c9caa2b7-b96c-11e4-a802-0aaa78deedf9.fbx
c9cb0e71-b96c-11e4-a802-0aaa78deedf9,Hook,Long Hook Punch To The Body,Motion,download/c9cb0e71-b96c-11e4-a802-0aaa78deedf9.fbx
c9cb4f35-b96c-11e4-a802-0aaa78deedf9,Step Backward,Long Boxing Step Backward,Motion,download/c9cb4f35-b96c-11e4-a802-0aaa78deedf9.fbx
c9cb44e1-b96c-11e4-a802-0aaa78deedf9,Goalkeeper Overhand Throw,Goalkeeper Far Overhand Throw,Motion,download/c9cb44e1-b96c-11e4-a802-0aaa78deedf9.fbx
c9cb714b-b96c-11e4-a802-0aaa78deedf9,Standing Fist Pump,Big Standing Fist Pump From Sitting,Motion,download/c9cb714b-b96c-11e4-a802-0aaa78deedf9.fbx
c9cb4b64-b96c-11e4-a802-0aaa78deedf9,Goalkeeper Diving Save,Goalkeeper Left Diving Save,Motion,download/c9cb4b64-b96c-11e4-a802-0aaa78deedf9.fbx
c9cb3b58-b96c-11e4-a802-0aaa78deedf9,Goalkeeper Idle,Goalkeeper Idle Without Ball,Motion,download/c9cb3b58-b96c-11e4-a802-0aaa78deedf9.fbx
c9caca13-b96c-11e4-a802-0aaa78deedf9,Swing To Land,High Leg Swing To Crouched Land,Motion,download/c9caca13-b96c-11e4-a802-0aaa78deedf9.fbx
c9caab79-b96c-11e4-a802-0aaa78deedf9,Aerial Evade,Evading Projectiles In Mid-Air,Motion,download/c9caab79-b96c-11e4-a802-0aaa78deedf9.fbx
c9cae1a9-b96c-11e4-a802-0aaa78deedf9,Body Jab Cross,Boxing Body Jab Cross Long,Motion,download/c9cae1a9-b96c-11e4-a802-0aaa78deedf9.fbx
c9ca6731-b96c-11e4-a802-0aaa78deedf9,Golf Drive Setup,Drive Pre-Shot Setup,Motion,download/c9ca6731-b96c-11e4-a802-0aaa78deedf9.fbx
c9ca03ec-b96c-11e4-a802-0aaa78deedf9,Standing Using Touchscreen Tablet,Female Using Touchscreen Tablet,Motion,download/c9ca03ec-b96c-11e4-a802-0aaa78deedf9.fbx
c9c9afb5-b96c-11e4-a802-0aaa78deedf9,Free Hang Hop Left,Free Hang Hop Left To Another Free Hang,Motion,download/c9c9afb5-b96c-11e4-a802-0aaa78deedf9.fbx
c9c9c82c-b96c-11e4-a802-0aaa78deedf9,Run And Swing,Run To Swing To Run,Motion,download/c9c9c82c-b96c-11e4-a802-0aaa78deedf9.fbx
c9c97eca-b96c-11e4-a802-0aaa78deedf9,Running,Running Forward Quickly,Motion,download/c9c97eca-b96c-11e4-a802-0aaa78deedf9.fbx
c9c965bb-b96c-11e4-a802-0aaa78deedf9,Searching Pockets,Searching Front And Back Pockets,Motion,download/c9c965bb-b96c-11e4-a802-0aaa78deedf9.fbx
c9c9df32-b96c-11e4-a802-0aaa78deedf9,Look Behind Run,Running While Looking Behind,Motion,download/c9c9df32-b96c-11e4-a802-0aaa78deedf9.fbx
c9c8cd32-b96c-11e4-a802-0aaa78deedf9,Jostled Passenger,Passenger Jostled While Sitting In A Vehicle,Motion,download/c9c8cd32-b96c-11e4-a802-0aaa78deedf9.fbx
c9c8aace-b96c-11e4-a802-0aaa78deedf9,Restrain,Block And Restraining A Larger Person,Motion,download/c9c8aace-b96c-11e4-a802-0aaa78deedf9.fbx
c9c898e4-b96c-11e4-a802-0aaa78deedf9,Idle To Running,Start Running While Aiming Rifle,Motion,download/c9c898e4-b96c-11e4-a802-0aaa78deedf9.fbx
c9cd0a59-b96c-11e4-a802-0aaa78deedf9,Taken Hostage - Victim,Hostage From Behind By Armed Villain,Motion,download/c9cd0a59-b96c-11e4-a802-0aaa78deedf9.fbx
c9ccd2ed-b96c-11e4-a802-0aaa78deedf9,Teeter,Long Teetering On An Edge,Motion,download/c9ccd2ed-b96c-11e4-a802-0aaa78deedf9.fbx
c9cd050b-b96c-11e4-a802-0aaa78deedf9,Mma Idle,Mma Standing Idle,Motion,download/c9cd050b-b96c-11e4-a802-0aaa78deedf9.fbx
c9cd3dc2-b96c-11e4-a802-0aaa78deedf9,Baseball Step Out,Baseball Batter Stepping Away From The Plate,Motion,download/c9cd3dc2-b96c-11e4-a802-0aaa78deedf9.fbx
c9cd013a-b96c-11e4-a802-0aaa78deedf9,Ninja Idle,Female Ninja Idle,Motion,download/c9cd013a-b96c-11e4-a802-0aaa78deedf9.fbx
c9cd97a1-b96c-11e4-a802-0aaa78deedf9,Shake Gesture,Big Vegas Shaking Gesturing,Motion,download/c9cd97a1-b96c-11e4-a802-0aaa78deedf9.fbx
c9cd88ef-b96c-11e4-a802-0aaa78deedf9,Hit To The Legs,Hit To The Legs With Object While Running,Motion,download/c9cd88ef-b96c-11e4-a802-0aaa78deedf9.fbx
c9cd1621-b96c-11e4-a802-0aaa78deedf9,Orc Walk,Female Orc Walk Forward,Motion,download/c9cd1621-b96c-11e4-a802-0aaa78deedf9.fbx
c9cd149c-b96c-11e4-a802-0aaa78deedf9,Dwarf Idle,Female Dwarf Idle Var. 2,Motion,download/c9cd149c-b96c-11e4-a802-0aaa78deedf9.fbx
c9cce12b-b96c-11e4-a802-0aaa78deedf9,Sad Idle,Standing In A Sad Disposition,Motion,download/c9cce12b-b96c-11e4-a802-0aaa78deedf9.fbx
c9ccd825-b96c-11e4-a802-0aaa78deedf9,Jumping Out Of A Plane,Quick Exit Out The Top Of A Flying Plane,Motion,download/c9ccd825-b96c-11e4-a802-0aaa78deedf9.fbx
c9cc76c0-b96c-11e4-a802-0aaa78deedf9,Great Sword Turn,Great Sword 90 Degree Right Turn,Motion,download/c9cc76c0-b96c-11e4-a802-0aaa78deedf9.fbx
c9cc9819-b96c-11e4-a802-0aaa78deedf9,Great Sword Power Up,Great Sword Powering Up,Motion,download/c9cc9819-b96c-11e4-a802-0aaa78deedf9.fbx
c9cb8ba0-b96c-11e4-a802-0aaa78deedf9,Sitting Angry,Sitting Slightly Aggravated,Motion,download/c9cb8ba0-b96c-11e4-a802-0aaa78deedf9.fbx
c9ccac9a-b96c-11e4-a802-0aaa78deedf9,Sit To Type,Sitting To Typing,Motion,download/c9ccac9a-b96c-11e4-a802-0aaa78deedf9.fbx
c9cc7257-b96c-11e4-a802-0aaa78deedf9,Great Sword Walk,Great Sword Walk,Motion,download/c9cc7257-b96c-11e4-a802-0aaa78deedf9.fbx
c9ccb045-b96c-11e4-a802-0aaa78deedf9,Type To Sit,Typing To Sitting Idle,Motion,download/c9ccb045-b96c-11e4-a802-0aaa78deedf9.fbx
c9cc34d4-b96c-11e4-a802-0aaa78deedf9,Breakdance Footwork 1,Breakdance Ground Footwork Var 1- Loop,Motion,download/c9cc34d4-b96c-11e4-a802-0aaa78deedf9.fbx
c9cc5a08-b96c-11e4-a802-0aaa78deedf9,Sword And Shield Crouch,Sword And Shield Stand To Crouch,Motion,download/c9cc5a08-b96c-11e4-a802-0aaa78deedf9.fbx
c9cbfef5-b96c-11e4-a802-0aaa78deedf9,Sprint,Standard Sprint,Motion,download/c9cbfef5-b96c-11e4-a802-0aaa78deedf9.fbx
c9cba31a-b96c-11e4-a802-0aaa78deedf9,Chapa 2,Capoeira Side Kick,Motion,download/c9cba31a-b96c-11e4-a802-0aaa78deedf9.fbx
c9cc05f7-b96c-11e4-a802-0aaa78deedf9,Crouched To Sprinting,Crouch To Sprinting,Motion,download/c9cc05f7-b96c-11e4-a802-0aaa78deedf9.fbx
c9cb991f-b96c-11e4-a802-0aaa78deedf9,Air Squat Bent Arms,Air Squat Workout,Motion,download/c9cb991f-b96c-11e4-a802-0aaa78deedf9.fbx
c9cb5f1f-b96c-11e4-a802-0aaa78deedf9,Stall Soccerball,Juggling Right Foot Stall Of A Soccer Ball,Motion,download/c9cb5f1f-b96c-11e4-a802-0aaa78deedf9.fbx
c9cd5884-b96c-11e4-a802-0aaa78deedf9,Rifle Turn,45 Degree Left Turn,Motion,download/c9cd5884-b96c-11e4-a802-0aaa78deedf9.fbx
c9cd278a-b96c-11e4-a802-0aaa78deedf9,Mma Kick,Mma Side Kick,Motion,download/c9cd278a-b96c-11e4-a802-0aaa78deedf9.fbx
c9cd9162-b96c-11e4-a802-0aaa78deedf9,Victory Idle,Sporty Granny Vicotry Idle,Motion,download/c9cd9162-b96c-11e4-a802-0aaa78deedf9.fbx
c9ce5b5a-b96c-11e4-a802-0aaa78deedf9,Drunk Walk Backwards,Walking While Drunk Backwards,Motion,download/c9ce5b5a-b96c-11e4-a802-0aaa78deedf9.fbx
c9ce50b2-b96c-11e4-a802-0aaa78deedf9,Injured Run Backwards,Injured Running Backwards,Motion,download/c9ce50b2-b96c-11e4-a802-0aaa78deedf9.fbx
c9ce5f34-b96c-11e4-a802-0aaa78deedf9,Run Backward Arc Right,Running Backward Right Turn While Drunk,Motion,download/c9ce5f34-b96c-11e4-a802-0aaa78deedf9.fbx
c9cd9ac5-b96c-11e4-a802-0aaa78deedf9,Pointing Gesture,Aj Pointing Gesture,Motion,download/c9cd9ac5-b96c-11e4-a802-0aaa78deedf9.fbx
c9ce4ced-b96c-11e4-a802-0aaa78deedf9,Injured Backwards Turn Right,Injured Walking Backwards Right Turn,Motion,download/c9ce4ced-b96c-11e4-a802-0aaa78deedf9.fbx
c9ce6e3b-b96c-11e4-a802-0aaa78deedf9,Laying Sleeping,Laying Asleep On A Bed,Motion,download/c9ce6e3b-b96c-11e4-a802-0aaa78deedf9.fbx
c9cc435b-b96c-11e4-a802-0aaa78deedf9,Breakdance Uprock Var 1 End,End Of Breakdance Uprock Var. 1,Motion,download/c9cc435b-b96c-11e4-a802-0aaa78deedf9.fbx
c9cc8471-b96c-11e4-a802-0aaa78deedf9,Great Sword Impact,Great Sword Head Impact,Motion,download/c9cc8471-b96c-11e4-a802-0aaa78deedf9.fbx
c9ca7b19-b96c-11e4-a802-0aaa78deedf9,Golf Post-Swing,Post-Swing Victory Stance,Motion,download/c9ca7b19-b96c-11e4-a802-0aaa78deedf9.fbx
c9c9e75c-b96c-11e4-a802-0aaa78deedf9,Wobbling,Wobbling On A Ledge,Motion,download/c9c9e75c-b96c-11e4-a802-0aaa78deedf9.fbx
c9ca5bbf-b96c-11e4-a802-0aaa78deedf9,Golf Chip,Big Chip Shot,Motion,download/c9ca5bbf-b96c-11e4-a802-0aaa78deedf9.fbx
c9ca75b2-b96c-11e4-a802-0aaa78deedf9,Golf Bad Shot,Bad Shot Reaction Var 2,Motion,download/c9ca75b2-b96c-11e4-a802-0aaa78deedf9.fbx
c9ca0874-b96c-11e4-a802-0aaa78deedf9,Sending Fax,Male Using A Fax Machine,Motion,download/c9ca0874-b96c-11e4-a802-0aaa78deedf9.fbx
c9c9fc0d-b96c-11e4-a802-0aaa78deedf9,Walk In Circle,Male Walking Counter Clockwise,Motion,download/c9c9fc0d-b96c-11e4-a802-0aaa78deedf9.fbx
c9c9de66-b96c-11e4-a802-0aaa78deedf9,Golf Putt,Golf Swing Putt Shot,Motion,download/c9c9de66-b96c-11e4-a802-0aaa78deedf9.fbx
c9c9f57a-b96c-11e4-a802-0aaa78deedf9,Quick Informal Bow,Quick Informal Bow,Motion,download/c9c9f57a-b96c-11e4-a802-0aaa78deedf9.fbx
c9c9cdbd-b96c-11e4-a802-0aaa78deedf9,Crouch Cover Turn,Changing Direction In Crouch Cover,Motion,download/c9c9cdbd-b96c-11e4-a802-0aaa78deedf9.fbx
c9cc50a3-b96c-11e4-a802-0aaa78deedf9,Sword And Shield Slash,Sword And Shield Slash Combo,Motion,download/c9cc50a3-b96c-11e4-a802-0aaa78deedf9.fbx
c9cbda5a-b96c-11e4-a802-0aaa78deedf9,Zombie Death,Zombie Getting Hit And Falling Onto Back,Motion,download/c9cbda5a-b96c-11e4-a802-0aaa78deedf9.fbx
c9cc0e84-b96c-11e4-a802-0aaa78deedf9,Emerge From Cover,Emerging Left From Cover Idle,Motion,download/c9cc0e84-b96c-11e4-a802-0aaa78deedf9.fbx
def6e4e1-a5b3-4ba5-b195-71f9dfaa8ab8,Female Standing Pose,Arms Down,Motion,download/def6e4e1-a5b3-4ba5-b195-71f9dfaa8ab8.fbx
94971683-f171-4e37-b94e-3877b1f830eb,Catwalk Sequence 02,Male Sequence - Walk 180 Turn,Motion,download/94971683-f171-4e37-b94e-3877b1f830eb.fbx
76345d30-e756-4d73-90bf-b912fe28abd1,Catwalk Walk Turn 180 Tight R,Male Walk Forward In A Tight Turn To The Right,Motion,download/76345d30-e756-4d73-90bf-b912fe28abd1.fbx
23d40ce5-0728-416c-9aee-7a97ea373b11,Male Dynamic Pose,"Leaping Forward, Arms Extended Backwards",Motion,download/23d40ce5-0728-416c-9aee-7a97ea373b11.fbx
206eb090-d72e-4e45-8b72-d0c85c653795,Standing Torch Melee Attack 02,Left To Right Attack With Torch,Motion,download/206eb090-d72e-4e45-8b72-d0c85c653795.fbx
e6070070-bfbf-4fb2-87c9-ba85671346a1,Male Standing Pose,Right Hand Behind Head,Motion,download/e6070070-bfbf-4fb2-87c9-ba85671346a1.fbx
dbc327f5-1358-4c2a-8d00-4a377a9a7978,Crouch Torch Walk Back,Walking Backwards While Crouched,Motion,download/dbc327f5-1358-4c2a-8d00-4a377a9a7978.fbx
5b8e43ff-89ab-4a58-961c-67a5393b24b2,Male Sitting Pose,"Reclined, Left Leg Crossed",Motion,download/5b8e43ff-89ab-4a58-961c-67a5393b24b2.fbx
14ee62b6-eb89-4753-9544-ea8921e18ed7,Male Sitting Pose,Reclined Looking Downwards,Motion,download/14ee62b6-eb89-4753-9544-ea8921e18ed7.fbx
f2bdf1e8-4c6f-4ac7-b227-18caec2c79d3,Male Sitting Pose,"Knees Up, Holding Object",Motion,download/f2bdf1e8-4c6f-4ac7-b227-18caec2c79d3.fbx
ddf86676-b6f0-4290-bbd7-bd6647f84fd4,Male Locomotion Pose,"Walking Forward, Looking Right",Motion,download/ddf86676-b6f0-4290-bbd7-bd6647f84fd4.fbx
c9ce52f6-b96c-11e4-a802-0aaa78deedf9,Injured Idle,Injured Standard Idle,Motion,download/c9ce52f6-b96c-11e4-a802-0aaa78deedf9.fbx
c9cee62c-b96c-11e4-a802-0aaa78deedf9,Standing Walk Forward,Walking Forward With Axe,Motion,download/c9cee62c-b96c-11e4-a802-0aaa78deedf9.fbx
c9ce6196-b96c-11e4-a802-0aaa78deedf9,Drunk Idle Variation,Drunk Idle Variation Stumble,Motion,download/c9ce6196-b96c-11e4-a802-0aaa78deedf9.fbx
c9ce7303-b96c-11e4-a802-0aaa78deedf9,Laying Seizure,Laying Having A Seizure,Motion,download/c9ce7303-b96c-11e4-a802-0aaa78deedf9.fbx
c9ce6684-b96c-11e4-a802-0aaa78deedf9,Laying Shrugging,Laying On A Bed Shrugging,Motion,download/c9ce6684-b96c-11e4-a802-0aaa78deedf9.fbx
c9ceac02-b96c-11e4-a802-0aaa78deedf9,Idle Crouching Aiming,Rifle Crouched Idle Aiming,Motion,download/c9ceac02-b96c-11e4-a802-0aaa78deedf9.fbx
c9ceb95b-b96c-11e4-a802-0aaa78deedf9,Standing Dodge Left,Dodge Left With Bow,Motion,download/c9ceb95b-b96c-11e4-a802-0aaa78deedf9.fbx
c9ced9ca-b96c-11e4-a802-0aaa78deedf9,Standing Melee Combo Attack Ver. 1,Two Hit Combo Attack With Axe,Motion,download/c9ced9ca-b96c-11e4-a802-0aaa78deedf9.fbx
c9ce9239-b96c-11e4-a802-0aaa78deedf9,Sprint Right,Rifle Sprint Right,Motion,download/c9ce9239-b96c-11e4-a802-0aaa78deedf9.fbx
c9ce7f5b-b96c-11e4-a802-0aaa78deedf9,Swing To Land,Swing Backflip To Superhero Pose,Motion,download/c9ce7f5b-b96c-11e4-a802-0aaa78deedf9.fbx
c9cdb4c8-b96c-11e4-a802-0aaa78deedf9,Flying Back Death,Dying Flying Backward,Motion,download/c9cdb4c8-b96c-11e4-a802-0aaa78deedf9.fbx
c9cdba81-b96c-11e4-a802-0aaa78deedf9,Pistol Walk Backward,Walking Backward With An Aimed Pistol,Motion,download/c9cdba81-b96c-11e4-a802-0aaa78deedf9.fbx
c9cd7a95-b96c-11e4-a802-0aaa78deedf9,Jog Forward,Soccer Jog Forward,Motion,download/c9cd7a95-b96c-11e4-a802-0aaa78deedf9.fbx
c9c86cd4-b96c-11e4-a802-0aaa78deedf9,Jump,Jump While Walking And Aiming Rifle,Motion,download/c9c86cd4-b96c-11e4-a802-0aaa78deedf9.fbx
c9c850ca-b96c-11e4-a802-0aaa78deedf9,Laying,Laying Looking Behind,Motion,download/c9c850ca-b96c-11e4-a802-0aaa78deedf9.fbx
c9c880c1-b96c-11e4-a802-0aaa78deedf9,Headspin Start,Breakdance Headspin Start,Motion,download/c9c880c1-b96c-11e4-a802-0aaa78deedf9.fbx
c9c88f17-b96c-11e4-a802-0aaa78deedf9,Bboy Pose To Idle,Bboy Pose To Standing Idle,Motion,download/c9c88f17-b96c-11e4-a802-0aaa78deedf9.fbx
c9c875ba-b96c-11e4-a802-0aaa78deedf9,Prone Idle,Lying Down Prone With Rifle,Motion,download/c9c875ba-b96c-11e4-a802-0aaa78deedf9.fbx
c9c857a0-b96c-11e4-a802-0aaa78deedf9,Pushing,Pushing An Object Forward,Motion,download/c9c857a0-b96c-11e4-a802-0aaa78deedf9.fbx
c9c85edd-b96c-11e4-a802-0aaa78deedf9,Crouch Death,Dying From A Crouched Position,Motion,download/c9c85edd-b96c-11e4-a802-0aaa78deedf9.fbx
c9c8a4a8-b96c-11e4-a802-0aaa78deedf9,Pull Pilot From Seat,Pull Pilot Out Of Seat And Take The Controls,Motion,download/c9c8a4a8-b96c-11e4-a802-0aaa78deedf9.fbx
c9c8a61e-b96c-11e4-a802-0aaa78deedf9,Sitting Weapon Strike,Sitting In Vehicle Knock Off Enemy With Pipe,Motion,download/c9c8a61e-b96c-11e4-a802-0aaa78deedf9.fbx
c9c8dd68-b96c-11e4-a802-0aaa78deedf9,Look Away Gesture,Sarcastically Looking Away,Motion,download/c9c8dd68-b96c-11e4-a802-0aaa78deedf9.fbx
c9c7943c-b96c-11e4-a802-0aaa78deedf9,No,Indicating No,Motion,download/c9c7943c-b96c-11e4-a802-0aaa78deedf9.fbx
c9c80e28-b96c-11e4-a802-0aaa78deedf9,Neutral Idle,Neutral Idle,Motion,download/c9c80e28-b96c-11e4-a802-0aaa78deedf9.fbx
c9c7ff20-b96c-11e4-a802-0aaa78deedf9,Side Step,Side Step,Motion,download/c9c7ff20-b96c-11e4-a802-0aaa78deedf9.fbx
c9c83f00-b96c-11e4-a802-0aaa78deedf9,Falling,Getting Scare And Goes Over A Cliff,Motion,download/c9c83f00-b96c-11e4-a802-0aaa78deedf9.fbx
c9cc2e98-b96c-11e4-a802-0aaa78deedf9,Soccer Idle,Playing With Ball Idle,Motion,download/c9cc2e98-b96c-11e4-a802-0aaa78deedf9.fbx
c9c6a2cf-b96c-11e4-a802-0aaa78deedf9,Grenade Throw,Throwing A Grenade While Kneeling Pulling Pin With Teeth,Motion,download/c9c6a2cf-b96c-11e4-a802-0aaa78deedf9.fbx
c9c6db74-b96c-11e4-a802-0aaa78deedf9,Counting,Counting To Five On One Hand,Motion,download/c9c6db74-b96c-11e4-a802-0aaa78deedf9.fbx
c9c730f4-b96c-11e4-a802-0aaa78deedf9,Step Hip Hop Dance,Step Hip Hop Dance,Motion,download/c9c730f4-b96c-11e4-a802-0aaa78deedf9.fbx
c9c7276e-b96c-11e4-a802-0aaa78deedf9,Getting Up,Getting Up From Back,Motion,download/c9c7276e-b96c-11e4-a802-0aaa78deedf9.fbx
c9c79e98-b96c-11e4-a802-0aaa78deedf9,Falling Flat Impact,Falling Flat On Face,Motion,download/c9c79e98-b96c-11e4-a802-0aaa78deedf9.fbx
c9c76939-b96c-11e4-a802-0aaa78deedf9,Jumping Over Into Combat,Jumping Over Obstacle Getting Ready To Fight,Motion,download/c9c76939-b96c-11e4-a802-0aaa78deedf9.fbx
c9cc203b-b96c-11e4-a802-0aaa78deedf9,Breakdance Footwork 3,Breakdance Ground Footwork Var 3,Motion,download/c9cc203b-b96c-11e4-a802-0aaa78deedf9.fbx
c9cbc42a-b96c-11e4-a802-0aaa78deedf9,Meia Lua De Compasso,Capoeira Side Step Spin Kick,Motion,download/c9cbc42a-b96c-11e4-a802-0aaa78deedf9.fbx
c9c9e235-b96c-11e4-a802-0aaa78deedf9,Withdrawing Sword,Withdrawing A Sword,Motion,download/c9c9e235-b96c-11e4-a802-0aaa78deedf9.fbx
c9cb3878-b96c-11e4-a802-0aaa78deedf9,Defeat,Defeat From A Boxing Loss,Motion,download/c9cb3878-b96c-11e4-a802-0aaa78deedf9.fbx
c9cb720b-b96c-11e4-a802-0aaa78deedf9,Standing Cheering,Sitting To Standing Small Fist Pump,Motion,download/c9cb720b-b96c-11e4-a802-0aaa78deedf9.fbx
c9cb3e75-b96c-11e4-a802-0aaa78deedf9,Goalkeeper Catch,Goalkeeper Catching Ball Low Height,Motion,download/c9cb3e75-b96c-11e4-a802-0aaa78deedf9.fbx
c9c9d197-b96c-11e4-a802-0aaa78deedf9,Jumping Down,Jumping Down From Falling Idle Game Blend,Motion,download/c9c9d197-b96c-11e4-a802-0aaa78deedf9.fbx
c9c9c73f-b96c-11e4-a802-0aaa78deedf9,Walking Turn 180,Turning 180 Degrees While Walking,Motion,download/c9c9c73f-b96c-11e4-a802-0aaa78deedf9.fbx
c9c9a5a7-b96c-11e4-a802-0aaa78deedf9,Run To Stop,Fast Stop From Full Run,Motion,download/c9c9a5a7-b96c-11e4-a802-0aaa78deedf9.fbx
c9cb5e5f-b96c-11e4-a802-0aaa78deedf9,Stall Soccerball,Juggling Left Foot Stall Of A Soccer Ball,Motion,download/c9cb5e5f-b96c-11e4-a802-0aaa78deedf9.fbx
c9c640fa-b96c-11e4-a802-0aaa78deedf9,Crouched Walking,Crouched Walk,Motion,download/c9c640fa-b96c-11e4-a802-0aaa78deedf9.fbx
c9c966b9-b96c-11e4-a802-0aaa78deedf9,Thriller Part 4,Thriller Dance Part 4,Motion,download/c9c966b9-b96c-11e4-a802-0aaa78deedf9.fbx
c9c987f5-b96c-11e4-a802-0aaa78deedf9,Walking,Feminine Walk Forward,Motion,download/c9c987f5-b96c-11e4-a802-0aaa78deedf9.fbx
c9c912b9-b96c-11e4-a802-0aaa78deedf9,Hard Head Nod,Hard Head Nod Yes,Motion,download/c9c912b9-b96c-11e4-a802-0aaa78deedf9.fbx
c9c95684-b96c-11e4-a802-0aaa78deedf9,Blocking Attack,Blocking An Attack From Above While Sitting,Motion,download/c9c95684-b96c-11e4-a802-0aaa78deedf9.fbx
c9c94ba7-b96c-11e4-a802-0aaa78deedf9,Stepping Left,Taking A Step To The Left While Aiming Rifle,Motion,download/c9c94ba7-b96c-11e4-a802-0aaa78deedf9.fbx
c9c8fdad-b96c-11e4-a802-0aaa78deedf9,Disarmed,Disarmed While Holding A Pistol,Motion,download/c9c8fdad-b96c-11e4-a802-0aaa78deedf9.fbx
c9c94258-b96c-11e4-a802-0aaa78deedf9,Mutant Left Turn 45,Mutant 45 Degree Left Turn Game Blend,Motion,download/c9c94258-b96c-11e4-a802-0aaa78deedf9.fbx
c9c9645b-b96c-11e4-a802-0aaa78deedf9,Looking,Looking At Something And Shading Eyes,Motion,download/c9c9645b-b96c-11e4-a802-0aaa78deedf9.fbx
c9c93d98-b96c-11e4-a802-0aaa78deedf9,Mutant Dying,Mutant Dying Falling Onto Back,Motion,download/c9c93d98-b96c-11e4-a802-0aaa78deedf9.fbx
c9c94dfa-b96c-11e4-a802-0aaa78deedf9,Firing Rifle,Firing A Rifle While Standing,Motion,download/c9c94dfa-b96c-11e4-a802-0aaa78deedf9.fbx
c9c93f13-b96c-11e4-a802-0aaa78deedf9,Mutant Breathing Idle,Mutant Breathing Idle,Motion,download/c9c93f13-b96c-11e4-a802-0aaa78deedf9.fbx
c9c7282b-b96c-11e4-a802-0aaa78deedf9,Forward Jump,Jumping Forward,Motion,download/c9c7282b-b96c-11e4-a802-0aaa78deedf9.fbx
c9c8a6db-b96c-11e4-a802-0aaa78deedf9,Reaching Down,Reaching Down Over A Ledge,Motion,download/c9c8a6db-b96c-11e4-a802-0aaa78deedf9.fbx
c9c8c959-b96c-11e4-a802-0aaa78deedf9,Quick 180 Turn,Quick Right 180 Turn,Motion,download/c9c8c959-b96c-11e4-a802-0aaa78deedf9.fbx
c9c8c0a4-b96c-11e4-a802-0aaa78deedf9,Intercepting,Intercept And Wave To Stop,Motion,download/c9c8c0a4-b96c-11e4-a802-0aaa78deedf9.fbx
c9c91378-b96c-11e4-a802-0aaa78deedf9,Fist Pump,Pumping A Fist,Motion,download/c9c91378-b96c-11e4-a802-0aaa78deedf9.fbx
c9c90460-b96c-11e4-a802-0aaa78deedf9,Gathering Objects,Squatting Down To Gather Objects,Motion,download/c9c90460-b96c-11e4-a802-0aaa78deedf9.fbx
c9c8de59-b96c-11e4-a802-0aaa78deedf9,Ducking,Ducking For Cover From Standing Idle,Motion,download/c9c8de59-b96c-11e4-a802-0aaa78deedf9.fbx
c9c78ccd-b96c-11e4-a802-0aaa78deedf9,Revealing Dice,Revealing Dice From Under A Cup,Motion,download/c9c78ccd-b96c-11e4-a802-0aaa78deedf9.fbx
c9cc2b8e-b96c-11e4-a802-0aaa78deedf9,Defender,Jumping And Swatting At A Ball,Motion,download/c9cc2b8e-b96c-11e4-a802-0aaa78deedf9.fbx
c9c8208c-b96c-11e4-a802-0aaa78deedf9,Dropping,Dropping Something And Picking It Up,Motion,download/c9c8208c-b96c-11e4-a802-0aaa78deedf9.fbx
c9c85f9c-b96c-11e4-a802-0aaa78deedf9,Holding Down,Kneeling To Holding Down Moving Object,Motion,download/c9c85f9c-b96c-11e4-a802-0aaa78deedf9.fbx
c9c814a0-b96c-11e4-a802-0aaa78deedf9,Rifle Run,Running With Rifle Aimed,Motion,download/c9c814a0-b96c-11e4-a802-0aaa78deedf9.fbx
c9c7ffde-b96c-11e4-a802-0aaa78deedf9,Two Hand Spell Casting,Casting A Spell With Two Hands,Motion,download/c9c7ffde-b96c-11e4-a802-0aaa78deedf9.fbx
c9c71f39-b96c-11e4-a802-0aaa78deedf9,Getting Up,Getting Up From Stomach,Motion,download/c9c71f39-b96c-11e4-a802-0aaa78deedf9.fbx
c9c7a323-b96c-11e4-a802-0aaa78deedf9,Knee Jabs To Uppercut,Triple Knee Jabs To Uppercut Combo,Motion,download/c9c7a323-b96c-11e4-a802-0aaa78deedf9.fbx
c9c616aa-b96c-11e4-a802-0aaa78deedf9,Crouched Walking,Crouched Walk With Rifle,Motion,download/c9c616aa-b96c-11e4-a802-0aaa78deedf9.fbx
c9c633f6-b96c-11e4-a802-0aaa78deedf9,Walking Backwards,Male Walk Backwards,Motion,download/c9c633f6-b96c-11e4-a802-0aaa78deedf9.fbx
c9c66b89-b96c-11e4-a802-0aaa78deedf9,Jumping,Male Jumping Down From 2ft High Platform With One Foot,Motion,download/c9c66b89-b96c-11e4-a802-0aaa78deedf9.fbx
c9c610bc-b96c-11e4-a802-0aaa78deedf9,Running,Male Weighted Run,Motion,download/c9c610bc-b96c-11e4-a802-0aaa78deedf9.fbx
c9c64027-b96c-11e4-a802-0aaa78deedf9,Walking With Shopping Bag,Male Walking With Shopping Bag,Motion,download/c9c64027-b96c-11e4-a802-0aaa78deedf9.fbx
bf65f0a2-236a-475c-a56e-687d5b07998f,Female Standing Pose,Hands On Hips Looking Over Shoulder,Motion,download/bf65f0a2-236a-475c-a56e-687d5b07998f.fbx
deb3ef18-8cf1-48ae-a8e5-5bd3b9e81a7d,Standing React Large From Back,Large Hit Reaction From The Back,Motion,download/deb3ef18-8cf1-48ae-a8e5-5bd3b9e81a7d.fbx
757589a5-d1c8-45bc-a0a0-76cf6adba4e5,Male Laying Pose,"On Right Side, Right Arm Supporting",Motion,download/757589a5-d1c8-45bc-a0a0-76cf6adba4e5.fbx
72153912-313f-49db-83f6-15f0d467666c,Male Sitting Pose,"Sitting Backwards On Chair, Hands Grasping",Motion,download/72153912-313f-49db-83f6-15f0d467666c.fbx
51846e47-a6ea-494c-b394-d4d6d3b1c556,Female Sitting Pose,"Legs Crossed, Right Arm Over Knee",Motion,download/51846e47-a6ea-494c-b394-d4d6d3b1c556.fbx
efeb41f3-d719-4222-9bc5-441af591e081,Crouch Turn Right 90,Turning 90 Degrees Right With Bow,Motion,download/efeb41f3-d719-4222-9bc5-441af591e081.fbx
c9c77324-b96c-11e4-a802-0aaa78deedf9,Charge,Pointing Onward Charge,Motion,download/c9c77324-b96c-11e4-a802-0aaa78deedf9.fbx
c9c7253f-b96c-11e4-a802-0aaa78deedf9,Warming Up,Boxing Warm Up Exercise,Motion,download/c9c7253f-b96c-11e4-a802-0aaa78deedf9.fbx
c9c7060b-b96c-11e4-a802-0aaa78deedf9,Boxing,Boxing Jab Cross Combo,Motion,download/c9c7060b-b96c-11e4-a802-0aaa78deedf9.fbx
c9c6fef8-b96c-11e4-a802-0aaa78deedf9,Looking,Looking Off Into The Distance,Motion,download/c9c6fef8-b96c-11e4-a802-0aaa78deedf9.fbx
c9c7937e-b96c-11e4-a802-0aaa78deedf9,Stand Up,Standing Up From Seated Position,Motion,download/c9c7937e-b96c-11e4-a802-0aaa78deedf9.fbx
c9c733fc-b96c-11e4-a802-0aaa78deedf9,Salsa Dancing,Male Partner Salsa Variation Two,Motion,download/c9c733fc-b96c-11e4-a802-0aaa78deedf9.fbx
c9c662bf-b96c-11e4-a802-0aaa78deedf9,Salsa Dancing,Female Salsa Dancing,Motion,download/c9c662bf-b96c-11e4-a802-0aaa78deedf9.fbx
c9c66672-b96c-11e4-a802-0aaa78deedf9,Goofy Running,Feminine Scared Cartoon-Like Goofy Run,Motion,download/c9c66672-b96c-11e4-a802-0aaa78deedf9.fbx
c9cc7fdc-b96c-11e4-a802-0aaa78deedf9,Great Sword Slash,Great Sword Power Slash,Motion,download/c9cc7fdc-b96c-11e4-a802-0aaa78deedf9.fbx
c9ccdfa9-b96c-11e4-a802-0aaa78deedf9,Run Backward,Running Backward In A Sad Disposition,Motion,download/c9ccdfa9-b96c-11e4-a802-0aaa78deedf9.fbx
c9ccbc37-b96c-11e4-a802-0aaa78deedf9,Zombie Scream,Zombie Screaming,Motion,download/c9ccbc37-b96c-11e4-a802-0aaa78deedf9.fbx
c9cc6927-b96c-11e4-a802-0aaa78deedf9,Sword And Shield Attack,Sword And Shield Hilt Melee,Motion,download/c9cc6927-b96c-11e4-a802-0aaa78deedf9.fbx
c9cc6e53-b96c-11e4-a802-0aaa78deedf9,Sword And Shield Turn,Sword And Shield 90 Degree Left Turn,Motion,download/c9cc6e53-b96c-11e4-a802-0aaa78deedf9.fbx
c9cc467a-b96c-11e4-a802-0aaa78deedf9,Sword And Shield Walk,Sword And Shield Walk,Motion,download/c9cc467a-b96c-11e4-a802-0aaa78deedf9.fbx
c9ca7a0c-b96c-11e4-a802-0aaa78deedf9,Golf Post-Swing,Post-Swing Stance,Motion,download/c9ca7a0c-b96c-11e4-a802-0aaa78deedf9.fbx
c9cc7a8d-b96c-11e4-a802-0aaa78deedf9,Great Sword Strafe,Great Sword Strafe Left Run,Motion,download/c9cc7a8d-b96c-11e4-a802-0aaa78deedf9.fbx
c9cca8c4-b96c-11e4-a802-0aaa78deedf9,Pick Up Item,Right Item Pick Up Into Pack When Running,Motion,download/c9cca8c4-b96c-11e4-a802-0aaa78deedf9.fbx
c9cbce44-b96c-11e4-a802-0aaa78deedf9,Rasteira 2,Capoeira Escape,Motion,download/c9cbce44-b96c-11e4-a802-0aaa78deedf9.fbx
c9ccaece-b96c-11e4-a802-0aaa78deedf9,Stand To Sit,Standing To Sitting Transition,Motion,download/c9ccaece-b96c-11e4-a802-0aaa78deedf9.fbx
c9cce376-b96c-11e4-a802-0aaa78deedf9,Entering Car,Entering Into The Driverside Of A Car,Motion,download/c9cce376-b96c-11e4-a802-0aaa78deedf9.fbx
c9cce689-b96c-11e4-a802-0aaa78deedf9,Stealth Assassination,Stealth Assassination From Behind - Victim,Motion,download/c9cce689-b96c-11e4-a802-0aaa78deedf9.fbx
c9ccd526-b96c-11e4-a802-0aaa78deedf9,Sitting Idle,Sitting On The Floor,Motion,download/c9ccd526-b96c-11e4-a802-0aaa78deedf9.fbx
c9cb7918-b96c-11e4-a802-0aaa78deedf9,Sitting Yell,Yelling While Sitting Forward,Motion,download/c9cb7918-b96c-11e4-a802-0aaa78deedf9.fbx
c9cb1c25-b96c-11e4-a802-0aaa78deedf9,Snatch,Start Snatch Workout From Fitness Idle,Motion,download/c9cb1c25-b96c-11e4-a802-0aaa78deedf9.fbx
c9cad704-b96c-11e4-a802-0aaa78deedf9,Pistol Start,Start Pistol Workout From Fitness Idle,Motion,download/c9cad704-b96c-11e4-a802-0aaa78deedf9.fbx
c9cb19f9-b96c-11e4-a802-0aaa78deedf9,Lead Jab,Med Head Jab,Motion,download/c9cb19f9-b96c-11e4-a802-0aaa78deedf9.fbx
c9cb486c-b96c-11e4-a802-0aaa78deedf9,Goalkeeper Directing,Goalkeeper Directing The Offensive Players Holding Ball,Motion,download/c9cb486c-b96c-11e4-a802-0aaa78deedf9.fbx
c9caf317-b96c-11e4-a802-0aaa78deedf9,Center Block,Low Center Block,Motion,download/c9caf317-b96c-11e4-a802-0aaa78deedf9.fbx
c9ce9e88-b96c-11e4-a802-0aaa78deedf9,Walk Crouching Forward Left,Rifle Crouched Walk Forward Left,Motion,download/c9ce9e88-b96c-11e4-a802-0aaa78deedf9.fbx
c9ce546f-b96c-11e4-a802-0aaa78deedf9,Injured Wave Idle,Injured Wave For Help Idle,Motion,download/c9ce546f-b96c-11e4-a802-0aaa78deedf9.fbx
c9ce5dac-b96c-11e4-a802-0aaa78deedf9,Drunk Running Left Turn,Right Running Turn While Drunk,Motion,download/c9ce5dac-b96c-11e4-a802-0aaa78deedf9.fbx
c9cd6cfe-b96c-11e4-a802-0aaa78deedf9,Rifle Crouch Turn,180 Degree Right Turn,Motion,download/c9cd6cfe-b96c-11e4-a802-0aaa78deedf9.fbx
c9cdaeb2-b96c-11e4-a802-0aaa78deedf9,One Hand Sword Combo,One Handed Sword Combo Attack,Motion,download/c9cdaeb2-b96c-11e4-a802-0aaa78deedf9.fbx
c9cec9cf-b96c-11e4-a802-0aaa78deedf9,Standing Walk Right,Walking Right With Bow,Motion,download/c9cec9cf-b96c-11e4-a802-0aaa78deedf9.fbx
b3bcc81a-5213-451e-bcec-294026c5984a,Standing Idle,Standing Idle Ready To Cast Spell,Motion,download/b3bcc81a-5213-451e-bcec-294026c5984a.fbx
c9cecb5b-b96c-11e4-a802-0aaa78deedf9,Crouch Idle,Crouch Idle With Axe,Motion,download/c9cecb5b-b96c-11e4-a802-0aaa78deedf9.fbx
c9cd7855-b96c-11e4-a802-0aaa78deedf9,Standing Arguing,Standing And Arguing With Another Person,Motion,download/c9cd7855-b96c-11e4-a802-0aaa78deedf9.fbx
c9cd5708-b96c-11e4-a802-0aaa78deedf9,Rifle Put Away,Putting Rifle Away,Motion,download/c9cd5708-b96c-11e4-a802-0aaa78deedf9.fbx
0a8b4b48-38bc-4a45-befc-7858ee6ed45d,Standing 1H Magic Attack 02,One Handed Casting Spell Sweep Right To Left,Motion,download/0a8b4b48-38bc-4a45-befc-7858ee6ed45d.fbx
c9cebc7f-b96c-11e4-a802-0aaa78deedf9,Standing Melee Punch,Punch Attack With Bow,Motion,download/c9cebc7f-b96c-11e4-a802-0aaa78deedf9.fbx
c9cd8a76-b96c-11e4-a802-0aaa78deedf9,Shake Fist,Vexed Shaking Of The Fist,Motion,download/c9cd8a76-b96c-11e4-a802-0aaa78deedf9.fbx
c9cb875a-b96c-11e4-a802-0aaa78deedf9,Standing Yell,Long Yell Leaning Forward,Motion,download/c9cb875a-b96c-11e4-a802-0aaa78deedf9.fbx
c9cb9bf9-b96c-11e4-a802-0aaa78deedf9,Armada To Esquiva,Capoeira Spin Kick To Escape,Motion,download/c9cb9bf9-b96c-11e4-a802-0aaa78deedf9.fbx
c9cb56e9-b96c-11e4-a802-0aaa78deedf9,Head Hit,Receiving A Big Hit To The Head From A Straight Punch,Motion,download/c9cb56e9-b96c-11e4-a802-0aaa78deedf9.fbx
c9cb1868-b96c-11e4-a802-0aaa78deedf9,Lead Jab,Long Head Jab,Motion,download/c9cb1868-b96c-11e4-a802-0aaa78deedf9.fbx
c9cb69cd-b96c-11e4-a802-0aaa78deedf9,Standing Clap,Standing Wide Clap From Sitting,Motion,download/c9cb69cd-b96c-11e4-a802-0aaa78deedf9.fbx
c9cc4024-b96c-11e4-a802-0aaa78deedf9,Breakdance Uprock,Breakdance Uprock,Motion,download/c9cc4024-b96c-11e4-a802-0aaa78deedf9.fbx
c9cca456-b96c-11e4-a802-0aaa78deedf9,Draw A Great Sword 1,Transition From Standing To Drawing Great Sword,Motion,download/c9cca456-b96c-11e4-a802-0aaa78deedf9.fbx
c9c8b400-b96c-11e4-a802-0aaa78deedf9,Cautious Backward Walk,Cautious Walk Backward Start To Stop With An Aimed Rifle,Motion,download/c9c8b400-b96c-11e4-a802-0aaa78deedf9.fbx
c9c84db9-b96c-11e4-a802-0aaa78deedf9,Rifle Jump,Standing Jumping,Motion,download/c9c84db9-b96c-11e4-a802-0aaa78deedf9.fbx
c9c8743d-b96c-11e4-a802-0aaa78deedf9,Walking To Dying,Walking While Aiming Rifle To Immediate Dying,Motion,download/c9c8743d-b96c-11e4-a802-0aaa78deedf9.fbx
c9c86b60-b96c-11e4-a802-0aaa78deedf9,Throw Grenade,Throwing Grenade While Crouched,Motion,download/c9c86b60-b96c-11e4-a802-0aaa78deedf9.fbx
c9c8f3f4-b96c-11e4-a802-0aaa78deedf9,Dodging Back,Jumping Backwards Dodge,Motion,download/c9c8f3f4-b96c-11e4-a802-0aaa78deedf9.fbx
c9c8d4db-b96c-11e4-a802-0aaa78deedf9,Taking Cover,Taking Cover Against A Wall With Rifle,Motion,download/c9c8d4db-b96c-11e4-a802-0aaa78deedf9.fbx
c9c8d0fc-b96c-11e4-a802-0aaa78deedf9,Slipping,Frantically Slip And Fall To Stomach,Motion,download/c9c8d0fc-b96c-11e4-a802-0aaa78deedf9.fbx
c9c6e9e3-b96c-11e4-a802-0aaa78deedf9,Dancing,Belly Dancing Variation Three,Motion,download/c9c6e9e3-b96c-11e4-a802-0aaa78deedf9.fbx
c9c7a9d4-b96c-11e4-a802-0aaa78deedf9,Hell Slammer A,Hell Slammer Attacker,Motion,download/c9c7a9d4-b96c-11e4-a802-0aaa78deedf9.fbx
c9c71644-b96c-11e4-a802-0aaa78deedf9,Jumping Rope,Jumping Rope,Motion,download/c9c71644-b96c-11e4-a802-0aaa78deedf9.fbx
c9c6d9f4-b96c-11e4-a802-0aaa78deedf9,Spinning,Body Spin On Staff Tip,Motion,download/c9c6d9f4-b96c-11e4-a802-0aaa78deedf9.fbx
c9c73e50-b96c-11e4-a802-0aaa78deedf9,Macarena Dance,Dancing The Macarena,Motion,download/c9c73e50-b96c-11e4-a802-0aaa78deedf9.fbx
c9c6ef1f-b96c-11e4-a802-0aaa78deedf9,Gaming,Playing Console Video Games,Motion,download/c9c6ef1f-b96c-11e4-a802-0aaa78deedf9.fbx
c9c79ba5-b96c-11e4-a802-0aaa78deedf9,Hand Raising,Raising A Hand,Motion,download/c9c79ba5-b96c-11e4-a802-0aaa78deedf9.fbx
c9c7a0ea-b96c-11e4-a802-0aaa78deedf9,Knee Jab,Swing Club And Triple Knee Kicks,Motion,download/c9c7a0ea-b96c-11e4-a802-0aaa78deedf9.fbx
c9cc3111-b96c-11e4-a802-0aaa78deedf9,Chip,Soccer Chip Shot While Jogging,Motion,download/c9cc3111-b96c-11e4-a802-0aaa78deedf9.fbx
c9c73cda-b96c-11e4-a802-0aaa78deedf9,Belly Dance,Belly Dancing Variation One,Motion,download/c9c73cda-b96c-11e4-a802-0aaa78deedf9.fbx
c9c6bdd2-b96c-11e4-a802-0aaa78deedf9,Gunplay,Duck And Look Around Apprehensively,Motion,download/c9c6bdd2-b96c-11e4-a802-0aaa78deedf9.fbx
c9c6703a-b96c-11e4-a802-0aaa78deedf9,Rope Swinging,Male Heroic Rope Swing,Motion,download/c9c6703a-b96c-11e4-a802-0aaa78deedf9.fbx
c9c615dd-b96c-11e4-a802-0aaa78deedf9,Climbing,Ladder Climb Two Steps At A Time,Motion,download/c9c615dd-b96c-11e4-a802-0aaa78deedf9.fbx
c9c63594-b96c-11e4-a802-0aaa78deedf9,Gunplay,Gunplay With Remington Shotgun,Motion,download/c9c63594-b96c-11e4-a802-0aaa78deedf9.fbx
c9caae47-b96c-11e4-a802-0aaa78deedf9,Jump Over,Flying Jump Rolling To Run,Motion,download/c9caae47-b96c-11e4-a802-0aaa78deedf9.fbx
c9cac7d8-b96c-11e4-a802-0aaa78deedf9,Swing Into Wall,Swing In Hit Wall To Crouched Land,Motion,download/c9cac7d8-b96c-11e4-a802-0aaa78deedf9.fbx
c9cacbb3-b96c-11e4-a802-0aaa78deedf9,Front Twist Flip,Run To Twist Flip To Run,Motion,download/c9cacbb3-b96c-11e4-a802-0aaa78deedf9.fbx
c9caa50e-b96c-11e4-a802-0aaa78deedf9,Cover To Stand,Standing Cover To Standing Ready,Motion,download/c9caa50e-b96c-11e4-a802-0aaa78deedf9.fbx
c9c981a2-b96c-11e4-a802-0aaa78deedf9,Idle,Standing Idle,Motion,download/c9c981a2-b96c-11e4-a802-0aaa78deedf9.fbx
c9c99ece-b96c-11e4-a802-0aaa78deedf9,Walking,Walking With A Swagger,Motion,download/c9c99ece-b96c-11e4-a802-0aaa78deedf9.fbx
c9c9a7e8-b96c-11e4-a802-0aaa78deedf9,Falling To Landing,Landing From Falling Idle,Motion,download/c9c9a7e8-b96c-11e4-a802-0aaa78deedf9.fbx
c9c98bd7-b96c-11e4-a802-0aaa78deedf9,Hanging Idle,Hanging By Hands Against Wall,Motion,download/c9c98bd7-b96c-11e4-a802-0aaa78deedf9.fbx
c9c97657-b96c-11e4-a802-0aaa78deedf9,Running,Running Forward Quickly,Motion,download/c9c97657-b96c-11e4-a802-0aaa78deedf9.fbx
c9c9ad5a-b96c-11e4-a802-0aaa78deedf9,Right Turn,Standing Right Turn Sans Rotation,Motion,download/c9c9ad5a-b96c-11e4-a802-0aaa78deedf9.fbx
c9ca0572-b96c-11e4-a802-0aaa78deedf9,Opening A Filing Cabinet,Using The Bottom Drawer Of A Filing Cabinet,Motion,download/c9ca0572-b96c-11e4-a802-0aaa78deedf9.fbx
c9c93b5c-b96c-11e4-a802-0aaa78deedf9,Prone Right Turn,Turning Right While Prone Game Blend,Motion,download/c9c93b5c-b96c-11e4-a802-0aaa78deedf9.fbx
c9c8fa8d-b96c-11e4-a802-0aaa78deedf9,Standing,Standing From A Crouch,Motion,download/c9c8fa8d-b96c-11e4-a802-0aaa78deedf9.fbx
c9c916ce-b96c-11e4-a802-0aaa78deedf9,Angry Point,Quickly Pointing Angrily Forward,Motion,download/c9c916ce-b96c-11e4-a802-0aaa78deedf9.fbx
c9c95371-b96c-11e4-a802-0aaa78deedf9,Firing Rifle,Repeatedly Firing While Walking At Slow Speed With Rifle,Motion,download/c9c95371-b96c-11e4-a802-0aaa78deedf9.fbx
c9c9113b-b96c-11e4-a802-0aaa78deedf9,Neck Stretching,Stretching Neck Rolling Side To Side,Motion,download/c9c9113b-b96c-11e4-a802-0aaa78deedf9.fbx
c9c8662e-b96c-11e4-a802-0aaa78deedf9,Rifle Run To Dying,Getting Shot While Running With An Aimed Rifle,Motion,download/c9c8662e-b96c-11e4-a802-0aaa78deedf9.fbx
c9c808ef-b96c-11e4-a802-0aaa78deedf9,Landing,Landing From Jump,Motion,download/c9c808ef-b96c-11e4-a802-0aaa78deedf9.fbx
c9c8da25-b96c-11e4-a802-0aaa78deedf9,Evading A Threat,Clumsily Running To Evade A Threat,Motion,download/c9c8da25-b96c-11e4-a802-0aaa78deedf9.fbx
c9c886bd-b96c-11e4-a802-0aaa78deedf9,Strafing,Strafing Run Right To Stop,Motion,download/c9c886bd-b96c-11e4-a802-0aaa78deedf9.fbx
63fd9933-26cb-40f9-b804-8f76768674dc,Standing React Small From Left,Small Hit Reaction From The Left,Motion,download/63fd9933-26cb-40f9-b804-8f76768674dc.fbx
99178e64-bdc0-4b28-a3e6-064c0261e962,Catwalk Walk Forward Turn 90L,Male Walk Forward Turning Left 90,Motion,download/99178e64-bdc0-4b28-a3e6-064c0261e962.fbx
c9ceca90-b96c-11e4-a802-0aaa78deedf9,Standing Aim Walk Right,Walking Right While Aiming With Bow,Motion,download/c9ceca90-b96c-11e4-a802-0aaa78deedf9.fbx
c9c6a9f8-b96c-11e4-a802-0aaa78deedf9,Put Back Rifle,Ready Pose To Standing Putting Back The Rifle,Motion,download/c9c6a9f8-b96c-11e4-a802-0aaa78deedf9.fbx
c9c66120-b96c-11e4-a802-0aaa78deedf9,Hip Hop Dancing,Female Hip Hop 'Running Man' Dancing,Motion,download/c9c66120-b96c-11e4-a802-0aaa78deedf9.fbx
c9c6b693-b96c-11e4-a802-0aaa78deedf9,Zombie Agonizing,Zombie In Agony,Motion,download/c9c6b693-b96c-11e4-a802-0aaa78deedf9.fbx
c9c63b43-b96c-11e4-a802-0aaa78deedf9,Fight Idle,Male Fight Idle Empty Stance,Motion,download/c9c63b43-b96c-11e4-a802-0aaa78deedf9.fbx
c9c66c45-b96c-11e4-a802-0aaa78deedf9,Jumping Down,Jump Down With Two Feet While Holding Rifle,Motion,download/c9c66c45-b96c-11e4-a802-0aaa78deedf9.fbx
c9c66731-b96c-11e4-a802-0aaa78deedf9,Walking,Female Sexy Walk,Motion,download/c9c66731-b96c-11e4-a802-0aaa78deedf9.fbx
c9cc258b-b96c-11e4-a802-0aaa78deedf9,Soccer Penalty Kick,Male Soccer Penalty Kick,Motion,download/c9cc258b-b96c-11e4-a802-0aaa78deedf9.fbx
c9c626e0-b96c-11e4-a802-0aaa78deedf9,Inside Crescent Kick,Aerial 360 Degree Front Side Rotation Kick With Rear Foot,Motion,download/c9c626e0-b96c-11e4-a802-0aaa78deedf9.fbx
72f82475-54df-4149-91c7-9a09653735ec,Standing Aim Idle 02 Looking,Aiming Idle Looking Around With Bow,Motion,download/72f82475-54df-4149-91c7-9a09653735ec.fbx
c9ce5ffe-b96c-11e4-a802-0aaa78deedf9,Drunk Turn,Drunken Turn Left In Place,Motion,download/c9ce5ffe-b96c-11e4-a802-0aaa78deedf9.fbx
e13a58d8-0104-45a5-9837-03fc3c307632,Standing React Death Backward,Death Falling Backwards,Motion,download/e13a58d8-0104-45a5-9837-03fc3c307632.fbx
47dde8ea-fe88-4da1-bc26-967857a9fcfd,Catwalk Walk Start Backwards 180L,Male Walk Start Backwards Turning 180 To The Left,Motion,download/47dde8ea-fe88-4da1-bc26-967857a9fcfd.fbx
c1b55370-430a-42fb-a858-2b466e7245cf,Standing Run Back,Running Backwards,Motion,download/c1b55370-430a-42fb-a858-2b466e7245cf.fbx
b9fbd249-a554-423c-aa37-baa98223c4dc,Crouch Walk Forward,Walking Forward While Crouched,Motion,download/b9fbd249-a554-423c-aa37-baa98223c4dc.fbx
7c05dc7e-088a-48f8-a456-5722c6e9b853,Standing React Large From Front,Large Hit Reaction From The Front,Motion,download/7c05dc7e-088a-48f8-a456-5722c6e9b853.fbx
674780ca-b224-4587-916d-45037fe40b9b,Catwalk Walk Forward Arc 90R,Female Walk Forward Turning Right 90 In An Arc,Motion,download/674780ca-b224-4587-916d-45037fe40b9b.fbx
c9cedc5b-b96c-11e4-a802-0aaa78deedf9,Standing Melee Run Jump Attack,Running Jump With Attack With Axe,Motion,download/c9cedc5b-b96c-11e4-a802-0aaa78deedf9.fbx
c9cee1d2-b96c-11e4-a802-0aaa78deedf9,Standing Taunt Chest Thump,Banging Axe On Chest,Motion,download/c9cee1d2-b96c-11e4-a802-0aaa78deedf9.fbx
c9cebd4c-b96c-11e4-a802-0aaa78deedf9,Standing React Small From Headshot,Hit Reaction From Headshot With Bow,Motion,download/c9cebd4c-b96c-11e4-a802-0aaa78deedf9.fbx
1dc8d38f-ecef-491b-b0a0-d067629274c3,Standing Run Right,Running Right,Motion,download/1dc8d38f-ecef-491b-b0a0-d067629274c3.fbx
dd02f795-4bff-4bfa-9658-b6b7dd10817f,Standing 2H Magic Attack 04,Two Handed Casting Spell Forwards Sustained,Motion,download/dd02f795-4bff-4bfa-9658-b6b7dd10817f.fbx
14144cfe-78c6-4e17-b099-31aa4a06650b,Catwalk Walk Start Backwards 180L,Female Walk Start Backwards Turning 180 To The Left,Motion,download/14144cfe-78c6-4e17-b099-31aa4a06650b.fbx
c9cda511-b96c-11e4-a802-0aaa78deedf9,Pick Fruit,Picking Low Hanging Fruit,Motion,download/c9cda511-b96c-11e4-a802-0aaa78deedf9.fbx
c9cd0e52-b96c-11e4-a802-0aaa78deedf9,Climbing A Rope,Climbing A Rope With Hands,Motion,download/c9cd0e52-b96c-11e4-a802-0aaa78deedf9.fbx
c9cd217e-b96c-11e4-a802-0aaa78deedf9,Jump,Female Ninja Running Jump,Motion,download/c9cd217e-b96c-11e4-a802-0aaa78deedf9.fbx
c9cd8778-b96c-11e4-a802-0aaa78deedf9,Hit To Head,Hit To The Back Of Head With Object While Running,Motion,download/c9cd8778-b96c-11e4-a802-0aaa78deedf9.fbx
c9ce5175-b96c-11e4-a802-0aaa78deedf9,Injured Run Backwards Right Turn,Injured Running Backwards Turning Right,Motion,download/c9ce5175-b96c-11e4-a802-0aaa78deedf9.fbx
c9ce552b-b96c-11e4-a802-0aaa78deedf9,Injured Hurting Idle,Injured Holding Hurt Leg Idle,Motion,download/c9ce552b-b96c-11e4-a802-0aaa78deedf9.fbx
c9cd4ed4-b96c-11e4-a802-0aaa78deedf9,Rifle Idle,Two Hand Rifle Idle,Motion,download/c9cd4ed4-b96c-11e4-a802-0aaa78deedf9.fbx
c9cc7d9c-b96c-11e4-a802-0aaa78deedf9,Great Sword Slash,Great Sword Downward Slash,Motion,download/c9cc7d9c-b96c-11e4-a802-0aaa78deedf9.fbx
c9cc4b25-b96c-11e4-a802-0aaa78deedf9,Sword And Shield Walk,Sword And Shield Backward Walk,Motion,download/c9cc4b25-b96c-11e4-a802-0aaa78deedf9.fbx
c9cbb097-b96c-11e4-a802-0aaa78deedf9,Ginga Sideways 2,Capoeira Step To The Side,Motion,download/c9cbb097-b96c-11e4-a802-0aaa78deedf9.fbx
c9cce2a9-b96c-11e4-a802-0aaa78deedf9,Great Sword Run,Great Sword Run,Motion,download/c9cce2a9-b96c-11e4-a802-0aaa78deedf9.fbx
c9cc9996-b96c-11e4-a802-0aaa78deedf9,Sword And Shield Casting,Sword And Shield Spell Casting,Motion,download/c9cc9996-b96c-11e4-a802-0aaa78deedf9.fbx
c9cc9f2b-b96c-11e4-a802-0aaa78deedf9,Soccer Tackle,Soccer Slide Tackle,Motion,download/c9cc9f2b-b96c-11e4-a802-0aaa78deedf9.fbx
c9ccf37e-b96c-11e4-a802-0aaa78deedf9,Happy Idle,Happy Idle Variation 1,Motion,download/c9ccf37e-b96c-11e4-a802-0aaa78deedf9.fbx
c9cd125a-b96c-11e4-a802-0aaa78deedf9,Surprise Uppercut,Victim Chased Down Given Surprise Uppercut,Motion,download/c9cd125a-b96c-11e4-a802-0aaa78deedf9.fbx
c9c9a42c-b96c-11e4-a802-0aaa78deedf9,Cover To Stand,Standing Cover To Standing Ready,Motion,download/c9c9a42c-b96c-11e4-a802-0aaa78deedf9.fbx
c9cae34b-b96c-11e4-a802-0aaa78deedf9,Body Jab Cross,Boxing Body Jab Cross Short,Motion,download/c9cae34b-b96c-11e4-a802-0aaa78deedf9.fbx
c9cb21a5-b96c-11e4-a802-0aaa78deedf9,Overhead Squat,Overhead Squat Workout,Motion,download/c9cb21a5-b96c-11e4-a802-0aaa78deedf9.fbx
c9cb0870-b96c-11e4-a802-0aaa78deedf9,Receiving A Big Uppercut,Getting Rocked By A Big Uppercut,Motion,download/c9cb0870-b96c-11e4-a802-0aaa78deedf9.fbx
c9cab793-b96c-11e4-a802-0aaa78deedf9,Front Flip,Big Front Flip,Motion,download/c9cab793-b96c-11e4-a802-0aaa78deedf9.fbx
c9cb2bb1-b96c-11e4-a802-0aaa78deedf9,Sumo High Pull,End Sumo High Pull Workout To Fitness Idle,Motion,download/c9cb2bb1-b96c-11e4-a802-0aaa78deedf9.fbx
c9c9e46f-b96c-11e4-a802-0aaa78deedf9,Run With Sword,Running With A Sword In The Right Hand,Motion,download/c9c9e46f-b96c-11e4-a802-0aaa78deedf9.fbx
c9c9f403-b96c-11e4-a802-0aaa78deedf9,Shaking Hands 2,2 People Shaking Hands Part 2 -  Male,Motion,download/c9c9f403-b96c-11e4-a802-0aaa78deedf9.fbx
c9cb4174-b96c-11e4-a802-0aaa78deedf9,Goalkeeper Body Block,Goalkeeper Left Body Block,Motion,download/c9cb4174-b96c-11e4-a802-0aaa78deedf9.fbx
c9cb7b9a-b96c-11e4-a802-0aaa78deedf9,Standing Yell,Short Yell While Standing,Motion,download/c9cb7b9a-b96c-11e4-a802-0aaa78deedf9.fbx
c9cb7508-b96c-11e4-a802-0aaa78deedf9,Sitting Yell,Short Yell Sitting Back,Motion,download/c9cb7508-b96c-11e4-a802-0aaa78deedf9.fbx
c9cbb918-b96c-11e4-a802-0aaa78deedf9,Martelo 3,Capoeira High Kick With Forward Step,Motion,download/c9cbb918-b96c-11e4-a802-0aaa78deedf9.fbx
c9cbb200-b96c-11e4-a802-0aaa78deedf9,Ginga Variation 1,Capoeira Step,Motion,download/c9cbb200-b96c-11e4-a802-0aaa78deedf9.fbx
c9cb4db1-b96c-11e4-a802-0aaa78deedf9,Throw In,Soccer Sideline Throw In,Motion,download/c9cb4db1-b96c-11e4-a802-0aaa78deedf9.fbx
c9c97d21-b96c-11e4-a802-0aaa78deedf9,Bashful,Being Bashful While Standing,Motion,download/c9c97d21-b96c-11e4-a802-0aaa78deedf9.fbx
c9c93c1d-b96c-11e4-a802-0aaa78deedf9,Mutant Swiping,Mutant Attacking With Left Hand,Motion,download/c9c93c1d-b96c-11e4-a802-0aaa78deedf9.fbx
c9c990e8-b96c-11e4-a802-0aaa78deedf9,Thinking,Thinking While Standing,Motion,download/c9c990e8-b96c-11e4-a802-0aaa78deedf9.fbx
c9c99bc3-b96c-11e4-a802-0aaa78deedf9,Crouched Sneaking Right,Crouched Cover Sneaking Right,Motion,download/c9c99bc3-b96c-11e4-a802-0aaa78deedf9.fbx
c9c9ccf9-b96c-11e4-a802-0aaa78deedf9,Sitting,Sitting Cross Legged,Motion,download/c9c9ccf9-b96c-11e4-a802-0aaa78deedf9.fbx
c9c9f343-b96c-11e4-a802-0aaa78deedf9,Shaking Hands 1,2 People Shaking Hands Part 1 -  Female,Motion,download/c9c9f343-b96c-11e4-a802-0aaa78deedf9.fbx
c9c9dd2f-b96c-11e4-a802-0aaa78deedf9,Diagonal Wall Run,Diagonal Wall Run To Jumping,Motion,download/c9c9dd2f-b96c-11e4-a802-0aaa78deedf9.fbx
c9c9ea58-b96c-11e4-a802-0aaa78deedf9,Backflip,Standing Backflip,Motion,download/c9c9ea58-b96c-11e4-a802-0aaa78deedf9.fbx
c9c8b4dd-b96c-11e4-a802-0aaa78deedf9,Climbing Down,Climb Through Fence And Jump Down,Motion,download/c9c8b4dd-b96c-11e4-a802-0aaa78deedf9.fbx
c9c8236b-b96c-11e4-a802-0aaa78deedf9,Toss Grenade,Throwing Something Holding Rifle Aimed,Motion,download/c9c8236b-b96c-11e4-a802-0aaa78deedf9.fbx
c9c6c6ad-b96c-11e4-a802-0aaa78deedf9,Smash,Smash With Back Of Rifle Or Staff,Motion,download/c9c6c6ad-b96c-11e4-a802-0aaa78deedf9.fbx
c9c69537-b96c-11e4-a802-0aaa78deedf9,Shrugging,Shoulder Shrug,Motion,download/c9c69537-b96c-11e4-a802-0aaa78deedf9.fbx
c9c5ed32-b96c-11e4-a802-0aaa78deedf9,Waving,Waving,Motion,download/c9c5ed32-b96c-11e4-a802-0aaa78deedf9.fbx
80d21026-ee2c-48d4-8025-e8e51d4366df,Standing Torch Turn Right 90,Turning 90 Degrees Right With Torch,Motion,download/80d21026-ee2c-48d4-8025-e8e51d4366df.fbx
fa11c97b-2179-4ed3-8cd4-df479e177f4f,Standing Torch Run Right,Running Right With Torch,Motion,download/fa11c97b-2179-4ed3-8cd4-df479e177f4f.fbx
26b4d230-9615-468e-a32a-8b77084ded60,Female Standing Pose,"Legs Crossed, Arms Raised",Motion,download/26b4d230-9615-468e-a32a-8b77084ded60.fbx
a9ee80a2-21bf-4878-b858-55d5613c1331,Male Sitting Pose,"Leaning Backwards, Arms Supporting",Motion,download/a9ee80a2-21bf-4878-b858-55d5613c1331.fbx
b414a4b5-236d-46e3-a2bd-efd45612ec42,Male Locomotion Pose,Running Forward,Motion,download/b414a4b5-236d-46e3-a2bd-efd45612ec42.fbx
6cfc15ef-1805-467c-8936-269289fd0c62,Crouch Torch Turn Left 90,Turning 90 Degrees Left,Motion,download/6cfc15ef-1805-467c-8936-269289fd0c62.fbx
b81a8d54-0f09-4c56-8f4d-243bd3d9aa9c,Male Sitting Pose,"Sitting Backwards On Chair, Hands Relaxed",Motion,download/b81a8d54-0f09-4c56-8f4d-243bd3d9aa9c.fbx
31b59770-4380-4514-a47b-c702f8c9c593,Female Dynamic Pose,"Floating, Back Arched",Motion,download/31b59770-4380-4514-a47b-c702f8c9c593.fbx
789c6577-08ca-416d-bbc3-4599d55b01b2,Male Dance Pose,"On Right Foot, Arms Extended Backwards",Motion,download/789c6577-08ca-416d-bbc3-4599d55b01b2.fbx
d84ac7d2-650d-4655-bf20-0a6c1f918a17,Female Laying Pose,"Right Leg Forward, Arms Supporting",Motion,download/d84ac7d2-650d-4655-bf20-0a6c1f918a17.fbx
c9cec14d-b96c-11e4-a802-0aaa78deedf9,Standing Disarm Bow,Disarming Bow,Motion,download/c9cec14d-b96c-11e4-a802-0aaa78deedf9.fbx
c9ced017-b96c-11e4-a802-0aaa78deedf9,Standing Idle,Standing Idle With Axe,Motion,download/c9ced017-b96c-11e4-a802-0aaa78deedf9.fbx
c9ccce75-b96c-11e4-a802-0aaa78deedf9,Sad Idle,Sad Idle Variation 2,Motion,download/c9ccce75-b96c-11e4-a802-0aaa78deedf9.fbx
c9ccc230-b96c-11e4-a802-0aaa78deedf9,Crawl Backwards,Crawling Backwards In Fear,Motion,download/c9ccc230-b96c-11e4-a802-0aaa78deedf9.fbx
c9cda9f6-b96c-11e4-a802-0aaa78deedf9,Wheelbarrow Walk Turn,Walk Turn With An Full Wheelbarrow,Motion,download/c9cda9f6-b96c-11e4-a802-0aaa78deedf9.fbx
c9cdb03e-b96c-11e4-a802-0aaa78deedf9,Two Hand Sword Combo,Two Handed Sword Combo Attack,Motion,download/c9cdb03e-b96c-11e4-a802-0aaa78deedf9.fbx
c9cdb599-b96c-11e4-a802-0aaa78deedf9,Pistol Idle,Idle With Aimed Pistol,Motion,download/c9cdb599-b96c-11e4-a802-0aaa78deedf9.fbx
c9cdb9ae-b96c-11e4-a802-0aaa78deedf9,Pistol Run Backward,Running Backward With An Aimed Pistol,Motion,download/c9cdb9ae-b96c-11e4-a802-0aaa78deedf9.fbx
c9cbeca5-b96c-11e4-a802-0aaa78deedf9,Gangnam Style,The Popular K-Pop Dance,Motion,download/c9cbeca5-b96c-11e4-a802-0aaa78deedf9.fbx
c9cc4cbd-b96c-11e4-a802-0aaa78deedf9,Sword And Shield Strafe,Sword And Shield Left Run Strafe,Motion,download/c9cc4cbd-b96c-11e4-a802-0aaa78deedf9.fbx
c9cc6074-b96c-11e4-a802-0aaa78deedf9,Sword And Shield Crouching,Sword And Shield Block To Crouch,Motion,download/c9cc6074-b96c-11e4-a802-0aaa78deedf9.fbx
c9cc660c-b96c-11e4-a802-0aaa78deedf9,Sword And Shield Idle,Sword And Shield Sword Play Idle,Motion,download/c9cc660c-b96c-11e4-a802-0aaa78deedf9.fbx
c9cc3d75-b96c-11e4-a802-0aaa78deedf9,Breakdance Ready,Ready To Breakdance Start,Motion,download/c9cc3d75-b96c-11e4-a802-0aaa78deedf9.fbx
c9ca6cc3-b96c-11e4-a802-0aaa78deedf9,Golf Putting Victory,Putt Post-Shot Victory Gesture,Motion,download/c9ca6cc3-b96c-11e4-a802-0aaa78deedf9.fbx
c9caaa17-b96c-11e4-a802-0aaa78deedf9,Idle,Male Fitness Idle,Motion,download/c9caaa17-b96c-11e4-a802-0aaa78deedf9.fbx
c9cac414-b96c-11e4-a802-0aaa78deedf9,Idle To Situp,Fitness Idle Transition To Situp,Motion,download/c9cac414-b96c-11e4-a802-0aaa78deedf9.fbx
c9cabffc-b96c-11e4-a802-0aaa78deedf9,Idle Transition,Transition From Fitness Idle To Idle,Motion,download/c9cabffc-b96c-11e4-a802-0aaa78deedf9.fbx
c9caa18e-b96c-11e4-a802-0aaa78deedf9,Left Cover Sneak,Left Standing Sneak Behind Cover,Motion,download/c9caa18e-b96c-11e4-a802-0aaa78deedf9.fbx
c9ca836e-b96c-11e4-a802-0aaa78deedf9,Right Cover Sneak W/ Rifle,Right Standing Sneak Behind Cover W/ Rifle,Motion,download/c9ca836e-b96c-11e4-a802-0aaa78deedf9.fbx
c9c9da9b-b96c-11e4-a802-0aaa78deedf9,Throw Object,Picking Up Object And Throwing,Motion,download/c9c9da9b-b96c-11e4-a802-0aaa78deedf9.fbx
c9c9b941-b96c-11e4-a802-0aaa78deedf9,Free Hang Hop Right,Free Hang Hop Right To Another Free Hang,Motion,download/c9c9b941-b96c-11e4-a802-0aaa78deedf9.fbx
c9cbfd9c-b96c-11e4-a802-0aaa78deedf9,Two Cycle Sprint,Full Speed Sprint For Two Cycles,Motion,download/c9cbfd9c-b96c-11e4-a802-0aaa78deedf9.fbx
c9cbe56d-b96c-11e4-a802-0aaa78deedf9,Northern Soul Dance,Basic Northern Soul Step,Motion,download/c9cbe56d-b96c-11e4-a802-0aaa78deedf9.fbx
c9cb760b-b96c-11e4-a802-0aaa78deedf9,Sitting Yell,Short Yell Sitting Up,Motion,download/c9cb760b-b96c-11e4-a802-0aaa78deedf9.fbx
c9cbc0bd-b96c-11e4-a802-0aaa78deedf9,Martelo Do Chau Sem Mao,Capoeira Spin Kick,Motion,download/c9cbc0bd-b96c-11e4-a802-0aaa78deedf9.fbx
c9ceb2ff-b96c-11e4-a802-0aaa78deedf9,Standing Idle 02 Looking,Looking Around With Bow,Motion,download/c9ceb2ff-b96c-11e4-a802-0aaa78deedf9.fbx
c9ce8db2-b96c-11e4-a802-0aaa78deedf9,Run Forward Right,Rifle Run Forward Right,Motion,download/c9ce8db2-b96c-11e4-a802-0aaa78deedf9.fbx
53ae6105-cdf1-4437-9e6c-c4c362dc46d1,Catwalk Walk Turn 180 Tight L,Male Walk Forward In A Tight Turn To The Left,Motion,download/53ae6105-cdf1-4437-9e6c-c4c362dc46d1.fbx
a24418a8-5607-49f7-af1c-ec59dabd9d41,Catwalk Walk Start Turn 180 Left,Male Walk Start Turining 180 To The Left,Motion,download/a24418a8-5607-49f7-af1c-ec59dabd9d41.fbx
e2f04a83-de21-48be-8318-67dfa056c42c,Standing Jump Running,Jumping While Running,Motion,download/e2f04a83-de21-48be-8318-67dfa056c42c.fbx
3faceec0-f022-4e81-8da2-5b0e38a66087,Standing React Small From Front,Small Hit Reaction From The Front,Motion,download/3faceec0-f022-4e81-8da2-5b0e38a66087.fbx
c9cec780-b96c-11e4-a802-0aaa78deedf9,Standing Aim Walk Forward,Walking Forward While Aiming With Bow,Motion,download/c9cec780-b96c-11e4-a802-0aaa78deedf9.fbx
c9cec3a1-b96c-11e4-a802-0aaa78deedf9,Standing Turn 90 Left,Turning 90 Degrees Left With Bow,Motion,download/c9cec3a1-b96c-11e4-a802-0aaa78deedf9.fbx
6b719484-9aa3-4939-9878-252b4b843c68,Catwalk Idle To Twist L,Female Idle To Twist Left Idle,Motion,download/6b719484-9aa3-4939-9878-252b4b843c68.fbx
c9ce777f-b96c-11e4-a802-0aaa78deedf9,Slow Run,Slow Run Forward,Motion,download/c9ce777f-b96c-11e4-a802-0aaa78deedf9.fbx
c9ce7cd1-b96c-11e4-a802-0aaa78deedf9,Run To Dive,Diving From A Run Pose,Motion,download/c9ce7cd1-b96c-11e4-a802-0aaa78deedf9.fbx
c9cc8997-b96c-11e4-a802-0aaa78deedf9,Great Sword Crouching,Great Sword Block To Crouch,Motion,download/c9cc8997-b96c-11e4-a802-0aaa78deedf9.fbx
c9cedebd-b96c-11e4-a802-0aaa78deedf9,Standing React Large Gut,Hit Reaction From Gut Shot With Axe,Motion,download/c9cedebd-b96c-11e4-a802-0aaa78deedf9.fbx
c9cd0997-b96c-11e4-a802-0aaa78deedf9,Taken Hostage - Villain,Armed Villain Taking A Hostage From Behind,Motion,download/c9cd0997-b96c-11e4-a802-0aaa78deedf9.fbx
c9ccf134-b96c-11e4-a802-0aaa78deedf9,Walk Backward Arc Left,Happy Walk Backward Right Arc,Motion,download/c9ccf134-b96c-11e4-a802-0aaa78deedf9.fbx
c9cce438-b96c-11e4-a802-0aaa78deedf9,Stealth Assassination,Stealth Assassination From Behind - Assassin,Motion,download/c9cce438-b96c-11e4-a802-0aaa78deedf9.fbx
c9ccf696-b96c-11e4-a802-0aaa78deedf9,Run Backward Arc Right,Happy Run Backward Right Arc,Motion,download/c9ccf696-b96c-11e4-a802-0aaa78deedf9.fbx
c9cd0fbb-b96c-11e4-a802-0aaa78deedf9,Climbing A Rope,Climbing A Rope With Hands And Feet,Motion,download/c9cd0fbb-b96c-11e4-a802-0aaa78deedf9.fbx
c9cd63d3-b96c-11e4-a802-0aaa78deedf9,Rifle Aim To Kneel,Rifle Aiming And Kneeling,Motion,download/c9cd63d3-b96c-11e4-a802-0aaa78deedf9.fbx
c9cd0074-b96c-11e4-a802-0aaa78deedf9,Right Turn,Female Turning Right In Place,Motion,download/c9cd0074-b96c-11e4-a802-0aaa78deedf9.fbx
c9cb5926-b96c-11e4-a802-0aaa78deedf9,Receive Soccerball,Receiving A Soccerball And Playing With It,Motion,download/c9cb5926-b96c-11e4-a802-0aaa78deedf9.fbx
c9c9ebd4-b96c-11e4-a802-0aaa78deedf9,Walk With Briefcase,Male Walk With Briefcase,Motion,download/c9c9ebd4-b96c-11e4-a802-0aaa78deedf9.fbx
c9cb0575-b96c-11e4-a802-0aaa78deedf9,Light Hit To Head,Receiving A Light Hit From A Right Punch,Motion,download/c9cb0575-b96c-11e4-a802-0aaa78deedf9.fbx
c9cac106-b96c-11e4-a802-0aaa78deedf9,Push Up,Basic Push Up,Motion,download/c9cac106-b96c-11e4-a802-0aaa78deedf9.fbx
c9c9f110-b96c-11e4-a802-0aaa78deedf9,180 Turn W/ Briefcase,Female 180 Turn With Briefcase,Motion,download/c9c9f110-b96c-11e4-a802-0aaa78deedf9.fbx
c9cb546f-b96c-11e4-a802-0aaa78deedf9,Head Hit,Receiving A Medium Hit To The Head From A Right Punch,Motion,download/c9cb546f-b96c-11e4-a802-0aaa78deedf9.fbx
c9cae725-b96c-11e4-a802-0aaa78deedf9,Long Left Side Step,Long Left Boxing Side Step,Motion,download/c9cae725-b96c-11e4-a802-0aaa78deedf9.fbx
c9cac657-b96c-11e4-a802-0aaa78deedf9,Quick Roll To Run,Quick Roll Eveade To Run,Motion,download/c9cac657-b96c-11e4-a802-0aaa78deedf9.fbx
c9cab238-b96c-11e4-a802-0aaa78deedf9,Big Body Blow,Receiving A Big Hit To The Midsection While Running,Motion,download/c9cab238-b96c-11e4-a802-0aaa78deedf9.fbx
c9ca6df5-b96c-11e4-a802-0aaa78deedf9,Golf Putt Victory,Post-Putting Victory Gesture Var 1,Motion,download/c9ca6df5-b96c-11e4-a802-0aaa78deedf9.fbx
c9ca549f-b96c-11e4-a802-0aaa78deedf9,Playing The Violin,Playing A Short Piece On The Violin,Motion,download/c9ca549f-b96c-11e4-a802-0aaa78deedf9.fbx
c9c97ad2-b96c-11e4-a802-0aaa78deedf9,Left Turn 90,Standing Left Turn,Motion,download/c9c97ad2-b96c-11e4-a802-0aaa78deedf9.fbx
c9c96daf-b96c-11e4-a802-0aaa78deedf9,Thriller Idle,Thriller Dance Beginning Idle,Motion,download/c9c96daf-b96c-11e4-a802-0aaa78deedf9.fbx
c9c9aa4c-b96c-11e4-a802-0aaa78deedf9,Braced Hang Hop Right,Braced Hang Hop Right To Another Braced Hang,Motion,download/c9c9aa4c-b96c-11e4-a802-0aaa78deedf9.fbx
c9c9a668-b96c-11e4-a802-0aaa78deedf9,Jumping,Jumping From Action Idle,Motion,download/c9c9a668-b96c-11e4-a802-0aaa78deedf9.fbx
c9c89e21-b96c-11e4-a802-0aaa78deedf9,Rifle Prone Hit Reaction,Rifle Prone Hit Reaction,Motion,download/c9c89e21-b96c-11e4-a802-0aaa78deedf9.fbx
c9c869e6-b96c-11e4-a802-0aaa78deedf9,Walking To Dying,Walking While Aiming Rifle To Dying,Motion,download/c9c869e6-b96c-11e4-a802-0aaa78deedf9.fbx
31dca3e7-dba8-4536-a70e-34d7d5976fa9,Female Dance Pose,"On Left Toes, Top Of Right Foot",Motion,download/31dca3e7-dba8-4536-a70e-34d7d5976fa9.fbx
bef9832b-66c9-4a70-96cb-b56663a0e0c4,Female Action Pose,Attacking,Motion,download/bef9832b-66c9-4a70-96cb-b56663a0e0c4.fbx
5bd81cb6-88ab-424a-9f05-3c1d069df352,Female Laying Pose,"On Right Side, Right Hand Supporting Head",Motion,download/5bd81cb6-88ab-424a-9f05-3c1d069df352.fbx
93695678-9ffe-4e41-b775-2f8ca5c7c15d,Male Standing Pose,Left Hand On Hip,Motion,download/93695678-9ffe-4e41-b775-2f8ca5c7c15d.fbx
1412f151-d49a-4f6a-b3b8-5c46878faa5c,Standing Torch Run Back,Running Backwards With Torch,Motion,download/1412f151-d49a-4f6a-b3b8-5c46878faa5c.fbx
1242b15b-5b36-4b30-baaa-f60408b9f597,Crouch Walk Left,Walking Left With Bow,Motion,download/1242b15b-5b36-4b30-baaa-f60408b9f597.fbx
0d90567f-2d0e-4f9a-8e41-f4a53dc0d418,Standing Torch Walk Forward,Walking Forward With Torch,Motion,download/0d90567f-2d0e-4f9a-8e41-f4a53dc0d418.fbx
5bbf791d-5a18-460c-876c-a9b975f2448c,Standing Torch Idle 03,Standing Idle Looking Around,Motion,download/5bbf791d-5a18-460c-876c-a9b975f2448c.fbx
785ad741-7f14-43d4-9948-3436973c2c76,Fall A Land To Standing Idle 02,Land From Fall A To Standing Idle,Motion,download/785ad741-7f14-43d4-9948-3436973c2c76.fbx
a53b3d23-d74c-4aea-8928-e36d7b804176,Crouch Walk Back,Walking Backwards With Bow,Motion,download/a53b3d23-d74c-4aea-8928-e36d7b804176.fbx
69a3d985-eb05-4620-95ca-47110b305913,Crouch Idle 02 Looking Around,Crouching Looking Around With Bow,Motion,download/69a3d985-eb05-4620-95ca-47110b305913.fbx
c9ce9b78-b96c-11e4-a802-0aaa78deedf9,Walk Backward Left,Rifle Walk Backward Left,Motion,download/c9ce9b78-b96c-11e4-a802-0aaa78deedf9.fbx
c9cebedc-b96c-11e4-a802-0aaa78deedf9,Standing Aim Recoil,Standing Aim Fire Arrow,Motion,download/c9cebedc-b96c-11e4-a802-0aaa78deedf9.fbx
c9ceaa7b-b96c-11e4-a802-0aaa78deedf9,Death From The Back,Rifle Death From The Back,Motion,download/c9ceaa7b-b96c-11e4-a802-0aaa78deedf9.fbx
c9cec2da-b96c-11e4-a802-0aaa78deedf9,Standing Run Right,Running Right With Bow,Motion,download/c9cec2da-b96c-11e4-a802-0aaa78deedf9.fbx
c9cda11a-b96c-11e4-a802-0aaa78deedf9,Holding Idle,Holding An Object Idle,Motion,download/c9cda11a-b96c-11e4-a802-0aaa78deedf9.fbx
c9cdb104-b96c-11e4-a802-0aaa78deedf9,Two Hand Club Combo,Two Handed Club Combo Attack,Motion,download/c9cdb104-b96c-11e4-a802-0aaa78deedf9.fbx
c9cce89d-b96c-11e4-a802-0aaa78deedf9,Standing Idle To Action Idle,Transition From Standing Idle To Action Idle,Motion,download/c9cce89d-b96c-11e4-a802-0aaa78deedf9.fbx
c9ccf750-b96c-11e4-a802-0aaa78deedf9,Idle,Female Idle,Motion,download/c9ccf750-b96c-11e4-a802-0aaa78deedf9.fbx
c9ccec92-b96c-11e4-a802-0aaa78deedf9,Jump,Backward Running Jump,Motion,download/c9ccec92-b96c-11e4-a802-0aaa78deedf9.fbx
c9cd22ff-b96c-11e4-a802-0aaa78deedf9,Orc Idle,Male Orc Standing Idle,Motion,download/c9cd22ff-b96c-11e4-a802-0aaa78deedf9.fbx
c9cd5581-b96c-11e4-a802-0aaa78deedf9,Rifle Side Step,Rifle Left Side Step,Motion,download/c9cd5581-b96c-11e4-a802-0aaa78deedf9.fbx
c9cd83b1-b96c-11e4-a802-0aaa78deedf9,Hit On Side Of Body,Getting Hit On The Left Side Of The Body With An Object When Running,Motion,download/c9cd83b1-b96c-11e4-a802-0aaa78deedf9.fbx
c9cd6623-b96c-11e4-a802-0aaa78deedf9,Rifle Crouch Walk,Rifle Walking Right Crouched,Motion,download/c9cd6623-b96c-11e4-a802-0aaa78deedf9.fbx
c9cd19da-b96c-11e4-a802-0aaa78deedf9,Walk Backward Arc,Female Ninja Walk Backward Arc Right,Motion,download/c9cd19da-b96c-11e4-a802-0aaa78deedf9.fbx
c9ccbf3a-b96c-11e4-a802-0aaa78deedf9,Sheath Sword 2,Sheath Pose To Standing,Motion,download/c9ccbf3a-b96c-11e4-a802-0aaa78deedf9.fbx
c9ccb1c6-b96c-11e4-a802-0aaa78deedf9,Ascending Stairs,Walking Up A Set Of Stairs,Motion,download/c9ccb1c6-b96c-11e4-a802-0aaa78deedf9.fbx
c9cc92cb-b96c-11e4-a802-0aaa78deedf9,Great Sword Kick,Great Sword Spin Kick,Motion,download/c9cc92cb-b96c-11e4-a802-0aaa78deedf9.fbx
c9cca689-b96c-11e4-a802-0aaa78deedf9,Walk Backwards,Slowly Backing Away In Fear,Motion,download/c9cca689-b96c-11e4-a802-0aaa78deedf9.fbx
c9cc66d5-b96c-11e4-a802-0aaa78deedf9,Sword And Shield Idle,Sword And Shield Stretch Idle,Motion,download/c9cc66d5-b96c-11e4-a802-0aaa78deedf9.fbx
c9cc815e-b96c-11e4-a802-0aaa78deedf9,Great Sword Blocking,Great Sword Blocking Idle,Motion,download/c9cc815e-b96c-11e4-a802-0aaa78deedf9.fbx
c9cc08cf-b96c-11e4-a802-0aaa78deedf9,Crouching Idle,Low Crouching Idle,Motion,download/c9cc08cf-b96c-11e4-a802-0aaa78deedf9.fbx
c9cc53c2-b96c-11e4-a802-0aaa78deedf9,Sword And Shield Block Idle,Sword And Shield Block Idle,Motion,download/c9cc53c2-b96c-11e4-a802-0aaa78deedf9.fbx
c9cbe2c3-b96c-11e4-a802-0aaa78deedf9,Martelo Do Chau,Capoeira Spin Kick,Motion,download/c9cbe2c3-b96c-11e4-a802-0aaa78deedf9.fbx
c9cc5167-b96c-11e4-a802-0aaa78deedf9,Sword And Shield Slash,Sword And Shield Cross Slash,Motion,download/c9cc5167-b96c-11e4-a802-0aaa78deedf9.fbx
c9cb5b6b-b96c-11e4-a802-0aaa78deedf9,Kick Soccerball,Juggling Right Kick Of A Soccer Ball,Motion,download/c9cb5b6b-b96c-11e4-a802-0aaa78deedf9.fbx
c9c6dfed-b96c-11e4-a802-0aaa78deedf9,Samba Dancing,Defile De Samba Parade Variation,Motion,download/c9c6dfed-b96c-11e4-a802-0aaa78deedf9.fbx
c9c6c8e0-b96c-11e4-a802-0aaa78deedf9,Rifle Punch,Advancing And Punching With Butt Of A Rifle,Motion,download/c9c6c8e0-b96c-11e4-a802-0aaa78deedf9.fbx
c9c6d314-b96c-11e4-a802-0aaa78deedf9,Stand Up,Standing Up From Back,Motion,download/c9c6d314-b96c-11e4-a802-0aaa78deedf9.fbx
c9c66441-b96c-11e4-a802-0aaa78deedf9,Jazz Dancing,Female Jazz Square Dancing,Motion,download/c9c66441-b96c-11e4-a802-0aaa78deedf9.fbx
c9c6c52f-b96c-11e4-a802-0aaa78deedf9,Agony,Agony Holding The Head,Motion,download/c9c6c52f-b96c-11e4-a802-0aaa78deedf9.fbx
c9c6baf0-b96c-11e4-a802-0aaa78deedf9,Hit Reaction,Reaction To Getting Hit To The Left While Holding A Pistol,Motion,download/c9c6baf0-b96c-11e4-a802-0aaa78deedf9.fbx
c9c63c12-b96c-11e4-a802-0aaa78deedf9,Fight Idle,Male Fight Idle Thai Chi To Open Stance,Motion,download/c9c63c12-b96c-11e4-a802-0aaa78deedf9.fbx
c9c93484-b96c-11e4-a802-0aaa78deedf9,Rifle Jump,Standing Jumping Game Blend,Motion,download/c9c93484-b96c-11e4-a802-0aaa78deedf9.fbx
c9c9574c-b96c-11e4-a802-0aaa78deedf9,Upward Rifle Butt Strike,Upward Rifle Butt Strike While Sitting,Motion,download/c9c9574c-b96c-11e4-a802-0aaa78deedf9.fbx
c9c91ec4-b96c-11e4-a802-0aaa78deedf9,Agreeing,Agreeing Yes,Motion,download/c9c91ec4-b96c-11e4-a802-0aaa78deedf9.fbx
c9c922a9-b96c-11e4-a802-0aaa78deedf9,Arm Gesture,Gesturing With Arm To The Side,Motion,download/c9c922a9-b96c-11e4-a802-0aaa78deedf9.fbx
c9c8cf82-b96c-11e4-a802-0aaa78deedf9,Piloting,Pilot Flies Helicopter,Motion,download/c9c8cf82-b96c-11e4-a802-0aaa78deedf9.fbx
c9c79673-b96c-11e4-a802-0aaa78deedf9,Shaking Dice,Collecting Dice In Cup And Shaking Them,Motion,download/c9c79673-b96c-11e4-a802-0aaa78deedf9.fbx
c9c82c6d-b96c-11e4-a802-0aaa78deedf9,Walking,Cautiously Taking A Couple Steps With Rifle,Motion,download/c9c82c6d-b96c-11e4-a802-0aaa78deedf9.fbx
c9c83441-b96c-11e4-a802-0aaa78deedf9,Drawing Gun,Drawing Gun From Lower Back,Motion,download/c9c83441-b96c-11e4-a802-0aaa78deedf9.fbx
c9c83859-b96c-11e4-a802-0aaa78deedf9,Climbing,Climbing Up A Slope,Motion,download/c9c83859-b96c-11e4-a802-0aaa78deedf9.fbx
c9c8686d-b96c-11e4-a802-0aaa78deedf9,Walk Backwards Stop,Walking Backwards While Aiming Rifle To Stopping,Motion,download/c9c8686d-b96c-11e4-a802-0aaa78deedf9.fbx
c9c719fe-b96c-11e4-a802-0aaa78deedf9,Walking,Boxing Left Side Step Walk,Motion,download/c9c719fe-b96c-11e4-a802-0aaa78deedf9.fbx
c9c7f658-b96c-11e4-a802-0aaa78deedf9,Outward Block,Blocking With Arm,Motion,download/c9c7f658-b96c-11e4-a802-0aaa78deedf9.fbx
c9c7a49f-b96c-11e4-a802-0aaa78deedf9,Rockin' Shackle B,Attempt To Stab Then Get Beat Down,Motion,download/c9c7a49f-b96c-11e4-a802-0aaa78deedf9.fbx
c9c7f4df-b96c-11e4-a802-0aaa78deedf9,Rapping,MC Rapping On The Microphone,Motion,download/c9c7f4df-b96c-11e4-a802-0aaa78deedf9.fbx
c9c6cd3e-b96c-11e4-a802-0aaa78deedf9,Digging,Digging Hole With Shovel,Motion,download/c9c6cd3e-b96c-11e4-a802-0aaa78deedf9.fbx
c9c6adbe-b96c-11e4-a802-0aaa78deedf9,Grab Rifle From Behind Shoulder,Grabbing Rifle From Behind The Shoulder,Motion,download/c9c6adbe-b96c-11e4-a802-0aaa78deedf9.fbx
c9c68871-b96c-11e4-a802-0aaa78deedf9,Shove Reaction,Getting Shoved While Walking,Motion,download/c9c68871-b96c-11e4-a802-0aaa78deedf9.fbx
c9c630ac-b96c-11e4-a802-0aaa78deedf9,Dying,Dying Front Head Impact To Two Knees,Motion,download/c9c630ac-b96c-11e4-a802-0aaa78deedf9.fbx
c9c606db-b96c-11e4-a802-0aaa78deedf9,Walking,Male Injured Walk,Motion,download/c9c606db-b96c-11e4-a802-0aaa78deedf9.fbx
c9c60d2e-b96c-11e4-a802-0aaa78deedf9,Reaction,Male Reaction Hit On The Right Side,Motion,download/c9c60d2e-b96c-11e4-a802-0aaa78deedf9.fbx
c9c6119d-b96c-11e4-a802-0aaa78deedf9,Talking,Male Talking On The Cell Phone,Motion,download/c9c6119d-b96c-11e4-a802-0aaa78deedf9.fbx
c9c5fe62-b96c-11e4-a802-0aaa78deedf9,Blocking,Blocking Outward,Motion,download/c9c5fe62-b96c-11e4-a802-0aaa78deedf9.fbx
1189d701-e683-4281-a13d-3a48fce4797f,Male Action Pose,Crawling Forward Reaching With Left Hand,Motion,download/1189d701-e683-4281-a13d-3a48fce4797f.fbx
3231c704-a04b-4523-8ffc-af03dbe364b1,Standing Turn Left 90,Turning 90 Degrees Left,Motion,download/3231c704-a04b-4523-8ffc-af03dbe364b1.fbx
853678d8-e430-4e41-b139-d08ad7165476,Catwalk Sequence 01,"Female Sequence - Twist Left, Right, 360 Spin",Motion,download/853678d8-e430-4e41-b139-d08ad7165476.fbx
c284106c-698e-40df-acb0-f89e764e5ba0,Crouch Idle,Crouch Idle,Motion,download/c284106c-698e-40df-acb0-f89e764e5ba0.fbx
c9c8ea4a-b96c-11e4-a802-0aaa78deedf9,Swatting Bugs,Walking While Swatting At Bugs In The Air,Motion,download/c9c8ea4a-b96c-11e4-a802-0aaa78deedf9.fbx
c9c87b9c-b96c-11e4-a802-0aaa78deedf9,2hand Idle,Two Handed Weapon Stance,Motion,download/c9c87b9c-b96c-11e4-a802-0aaa78deedf9.fbx
c9c88d6c-b96c-11e4-a802-0aaa78deedf9,Walking Hit Reaction,Hit Reaction When Walking While Aiming Rifle,Motion,download/c9c88d6c-b96c-11e4-a802-0aaa78deedf9.fbx
c9c8b958-b96c-11e4-a802-0aaa78deedf9,Pistol Aim,Pistol Aim To Holster Idle,Motion,download/c9c8b958-b96c-11e4-a802-0aaa78deedf9.fbx
c9c6bf49-b96c-11e4-a802-0aaa78deedf9,Rifle Idle,Idle Holding A Rifle While Shaking Legs,Motion,download/c9c6bf49-b96c-11e4-a802-0aaa78deedf9.fbx
c9c698e8-b96c-11e4-a802-0aaa78deedf9,Sitting,Sitting Looking Side To Side,Motion,download/c9c698e8-b96c-11e4-a802-0aaa78deedf9.fbx
c9c725f7-b96c-11e4-a802-0aaa78deedf9,Knocked Out,Knocked Out Falling To Back,Motion,download/c9c725f7-b96c-11e4-a802-0aaa78deedf9.fbx
c9c6ffbe-b96c-11e4-a802-0aaa78deedf9,Talking,Asking A Question With One Hand,Motion,download/c9c6ffbe-b96c-11e4-a802-0aaa78deedf9.fbx
c9c6f09b-b96c-11e4-a802-0aaa78deedf9,Hip Hop Dancing,Hip Hop Dancing Really Twirl,Motion,download/c9c6f09b-b96c-11e4-a802-0aaa78deedf9.fbx
c9c6f6d0-b96c-11e4-a802-0aaa78deedf9,Swing Dancing,Dance Swing Charleston,Motion,download/c9c6f6d0-b96c-11e4-a802-0aaa78deedf9.fbx
c9c7a3e0-b96c-11e4-a802-0aaa78deedf9,Rockin' Shackle A,Grab Attacker Then Twist Arm And Kick Head,Motion,download/c9c7a3e0-b96c-11e4-a802-0aaa78deedf9.fbx
c9c773ea-b96c-11e4-a802-0aaa78deedf9,Jazz Dancing,Female Jazz Dancing 'Around The World',Motion,download/c9c773ea-b96c-11e4-a802-0aaa78deedf9.fbx
c9c6205d-b96c-11e4-a802-0aaa78deedf9,Kicking,Male Front Snap Kick With The Lead Foot Advancing,Motion,download/c9c6205d-b96c-11e4-a802-0aaa78deedf9.fbx
c9c603fd-b96c-11e4-a802-0aaa78deedf9,Smoking,Idle Smoking,Motion,download/c9c603fd-b96c-11e4-a802-0aaa78deedf9.fbx
c9c64438-b96c-11e4-a802-0aaa78deedf9,Leg Sweep,360 Degrees Back Leg Sweep,Motion,download/c9c64438-b96c-11e4-a802-0aaa78deedf9.fbx
b4b863ed-757d-49e9-8216-79a16fd4f3c8,Standing React Small From Front 02,Hit Reaction From The Front With Bow,Motion,download/b4b863ed-757d-49e9-8216-79a16fd4f3c8.fbx
57ae6f2d-34e4-4331-a09c-36ede4f3792e,Catwalk Walk Forward Arc 90L,Female Walk Forward Turning Left 90 In An Arc,Motion,download/57ae6f2d-34e4-4331-a09c-36ede4f3792e.fbx
c9ce917b-b96c-11e4-a802-0aaa78deedf9,Sprint Forward Left,Rifle Sprint Forward Left,Motion,download/c9ce917b-b96c-11e4-a802-0aaa78deedf9.fbx
8202fbeb-5755-4943-ba48-c7d8c8af9407,Male Action Pose,Exaggerated Punch With Right Hand,Motion,download/8202fbeb-5755-4943-ba48-c7d8c8af9407.fbx
d4488660-8d67-4837-bded-1c774556d393,Female Standing Pose,"On Left Leg, Right Hand On Hip, Left Arm Raised",Motion,download/d4488660-8d67-4837-bded-1c774556d393.fbx
64a05ff5-38ab-4b26-a925-808769f6b8bf,Male Standing Pose,Arms Slightly Spread,Motion,download/64a05ff5-38ab-4b26-a925-808769f6b8bf.fbx
c9cc6f74-b96c-11e4-a802-0aaa78deedf9,Sword And Shield Idle,Sword And Shield Idle,Motion,download/c9cc6f74-b96c-11e4-a802-0aaa78deedf9.fbx
c9cbf0c0-b96c-11e4-a802-0aaa78deedf9,Sprinting Forward Roll,Sprint To Forward Roll To Sprinting,Motion,download/c9cbf0c0-b96c-11e4-a802-0aaa78deedf9.fbx
c9cc1eb2-b96c-11e4-a802-0aaa78deedf9,Breakdance Ending 3,Breakdance Finishing Combo Var 3,Motion,download/c9cc1eb2-b96c-11e4-a802-0aaa78deedf9.fbx
c9ccbb15-b96c-11e4-a802-0aaa78deedf9,Spell Cast,Spell Casting With A Two Handed Sword,Motion,download/c9ccbb15-b96c-11e4-a802-0aaa78deedf9.fbx
c9cc3656-b96c-11e4-a802-0aaa78deedf9,Breakdance Footwork To Idle,Breakdance Ground Footwork To Hands On Hips Idle,Motion,download/c9cc3656-b96c-11e4-a802-0aaa78deedf9.fbx
c9cbadb8-b96c-11e4-a802-0aaa78deedf9,Ginga Forward,Capoeira Step Forward,Motion,download/c9cbadb8-b96c-11e4-a802-0aaa78deedf9.fbx
c9cbd7ad-b96c-11e4-a802-0aaa78deedf9,Zombie Attack,Zombie Swipe Attack,Motion,download/c9cbd7ad-b96c-11e4-a802-0aaa78deedf9.fbx
c9cbe9de-b96c-11e4-a802-0aaa78deedf9,Northern Soul Floor Combo,Northern Soul Dance Spin And Floor Work,Motion,download/c9cbe9de-b96c-11e4-a802-0aaa78deedf9.fbx
c9cbcc59-b96c-11e4-a802-0aaa78deedf9,Queshada 1,Capoeira Side Step Front Kick,Motion,download/c9cbcc59-b96c-11e4-a802-0aaa78deedf9.fbx
c9cc86a5-b96c-11e4-a802-0aaa78deedf9,Great Sword Crouching,Great Sword Crouch Idle,Motion,download/c9cc86a5-b96c-11e4-a802-0aaa78deedf9.fbx
c9cca803-b96c-11e4-a802-0aaa78deedf9,Pick Up Item,Left Item Pick Up Into Pack When Running,Motion,download/c9cca803-b96c-11e4-a802-0aaa78deedf9.fbx
c9ccd5e5-b96c-11e4-a802-0aaa78deedf9,Sitting Idle,Sitting Reclined On The Floor,Motion,download/c9ccd5e5-b96c-11e4-a802-0aaa78deedf9.fbx
c9cccb71-b96c-11e4-a802-0aaa78deedf9,Standard Idle,Standard Idle,Motion,download/c9cccb71-b96c-11e4-a802-0aaa78deedf9.fbx
c9ccd0b0-b96c-11e4-a802-0aaa78deedf9,Falling Into Pool,Losing Balance And Falling Forward Into A Pool,Motion,download/c9ccd0b0-b96c-11e4-a802-0aaa78deedf9.fbx
c9ccea4a-b96c-11e4-a802-0aaa78deedf9,Fight Idle To Action Idle,Transition From Fight Idle To Action Idle,Motion,download/c9ccea4a-b96c-11e4-a802-0aaa78deedf9.fbx
c9cd4472-b96c-11e4-a802-0aaa78deedf9,Baseball Milling Idle,Baseball Batter Stepping Back And Milling About,Motion,download/c9cd4472-b96c-11e4-a802-0aaa78deedf9.fbx
c9ccfeed-b96c-11e4-a802-0aaa78deedf9,Jump Backward,Female Jump Running Backward,Motion,download/c9ccfeed-b96c-11e4-a802-0aaa78deedf9.fbx
c9cd51c9-b96c-11e4-a802-0aaa78deedf9,Rifle Backward Walk To Stop,Rifle Walking Backward To Standing,Motion,download/c9cd51c9-b96c-11e4-a802-0aaa78deedf9.fbx
c9ccd46a-b96c-11e4-a802-0aaa78deedf9,Sleeping Idle,Sleeping Deeply,Motion,download/c9ccd46a-b96c-11e4-a802-0aaa78deedf9.fbx
c9cd42f9-b96c-11e4-a802-0aaa78deedf9,Batter On Deck,Baseball Batter Warming Up On Deck,Motion,download/c9cd42f9-b96c-11e4-a802-0aaa78deedf9.fbx
c9cd0bde-b96c-11e4-a802-0aaa78deedf9,Release Hostage - Hostage,Armed Villain Releasing Hostage,Motion,download/c9cd0bde-b96c-11e4-a802-0aaa78deedf9.fbx
c9cd179e-b96c-11e4-a802-0aaa78deedf9,Walk Forward Arc,Female Ninja Walk Forward Arc Left,Motion,download/c9cd179e-b96c-11e4-a802-0aaa78deedf9.fbx
c9ca9f2f-b96c-11e4-a802-0aaa78deedf9,Flip Kick,Front Flip To Kick,Motion,download/c9ca9f2f-b96c-11e4-a802-0aaa78deedf9.fbx
c9ca7048-b96c-11e4-a802-0aaa78deedf9,Golf Putt Failure,Post-Putting Failed Shot Gesture Var 1,Motion,download/c9ca7048-b96c-11e4-a802-0aaa78deedf9.fbx
c9ca5fe2-b96c-11e4-a802-0aaa78deedf9,Golf Drive,Medium Drive,Motion,download/c9ca5fe2-b96c-11e4-a802-0aaa78deedf9.fbx
c9caf191-b96c-11e4-a802-0aaa78deedf9,Left Block,Low Left Block,Motion,download/c9caf191-b96c-11e4-a802-0aaa78deedf9.fbx
c9cad647-b96c-11e4-a802-0aaa78deedf9,Pistol,Pistol Workout,Motion,download/c9cad647-b96c-11e4-a802-0aaa78deedf9.fbx
c9cada0b-b96c-11e4-a802-0aaa78deedf9,Idle,Male Fitness Idle With Breathing,Motion,download/c9cada0b-b96c-11e4-a802-0aaa78deedf9.fbx
c9cba193-b96c-11e4-a802-0aaa78deedf9,Bencao,Capoeira Thrust Kick,Motion,download/c9cba193-b96c-11e4-a802-0aaa78deedf9.fbx
c9cadb92-b96c-11e4-a802-0aaa78deedf9,Step Backward,Short Boxing Step Backward,Motion,download/c9cadb92-b96c-11e4-a802-0aaa78deedf9.fbx
c9cb708b-b96c-11e4-a802-0aaa78deedf9,Standing Fist Pump,Restrained Enthusiasm Standing Fist Pump,Motion,download/c9cb708b-b96c-11e4-a802-0aaa78deedf9.fbx
c9cae666-b96c-11e4-a802-0aaa78deedf9,Medium Left Side Step,Medium Left Boxing Side Step,Motion,download/c9cae666-b96c-11e4-a802-0aaa78deedf9.fbx
c9cafbc3-b96c-11e4-a802-0aaa78deedf9,Side Hit,Receiving A Hit In The Side,Motion,download/c9cafbc3-b96c-11e4-a802-0aaa78deedf9.fbx
c9ca06f1-b96c-11e4-a802-0aaa78deedf9,Using A Filing Cabinet,Using The Top Drawer Of A Filing Cabinet,Motion,download/c9ca06f1-b96c-11e4-a802-0aaa78deedf9.fbx
c9c9b43e-b96c-11e4-a802-0aaa78deedf9,Braced Hang Drop,Braced Hang Drop To Standing,Motion,download/c9c9b43e-b96c-11e4-a802-0aaa78deedf9.fbx
c9cb0db7-b96c-11e4-a802-0aaa78deedf9,Hook,Short Hook Punch To The Body,Motion,download/c9cb0db7-b96c-11e4-a802-0aaa78deedf9.fbx
c9caff73-b96c-11e4-a802-0aaa78deedf9,Hit To Body,Receiving A Hit By An Uppercut To The Body,Motion,download/c9caff73-b96c-11e4-a802-0aaa78deedf9.fbx
c9cb4929-b96c-11e4-a802-0aaa78deedf9,Goalkeeper Directing,Goalkeeper Directing The Defensive Players,Motion,download/c9cb4929-b96c-11e4-a802-0aaa78deedf9.fbx
c9cb4e74-b96c-11e4-a802-0aaa78deedf9,Back Squat,Back Squat Workout,Motion,download/c9cb4e74-b96c-11e4-a802-0aaa78deedf9.fbx
c9cb7d3c-b96c-11e4-a802-0aaa78deedf9,Yelling While Standing,Yelling While Standing Leaning Forward,Motion,download/c9cb7d3c-b96c-11e4-a802-0aaa78deedf9.fbx
c9cb5867-b96c-11e4-a802-0aaa78deedf9,Head Hit,Receiving A Light Hit To The Head From A Straight Punch,Motion,download/c9cb5867-b96c-11e4-a802-0aaa78deedf9.fbx
c9c91871-b96c-11e4-a802-0aaa78deedf9,Looking Down,Looking Down And Away,Motion,download/c9c91871-b96c-11e4-a802-0aaa78deedf9.fbx
c9c9603c-b96c-11e4-a802-0aaa78deedf9,Prone Backwards Start,Transition Into Prone Backwards From Prone,Motion,download/c9c9603c-b96c-11e4-a802-0aaa78deedf9.fbx
c9c933bf-b96c-11e4-a802-0aaa78deedf9,Turn Left,Turn Left While Crouching Game Blend,Motion,download/c9c933bf-b96c-11e4-a802-0aaa78deedf9.fbx
c9c909bc-b96c-11e4-a802-0aaa78deedf9,Sarcastic Head Nod,Sarcastically Nodding Head Yes,Motion,download/c9c909bc-b96c-11e4-a802-0aaa78deedf9.fbx
c9c929b9-b96c-11e4-a802-0aaa78deedf9,Crouch Strafe Run Left,Crouched Strafe Run Left While Aiming Rifle,Motion,download/c9c929b9-b96c-11e4-a802-0aaa78deedf9.fbx
c9c9390c-b96c-11e4-a802-0aaa78deedf9,Prone Roll,Rifle Prone Rolling Right Game Blend,Motion,download/c9c9390c-b96c-11e4-a802-0aaa78deedf9.fbx
c9c97883-b96c-11e4-a802-0aaa78deedf9,Right Turn 90,Standing Right Turn,Motion,download/c9c97883-b96c-11e4-a802-0aaa78deedf9.fbx
c9c93e57-b96c-11e4-a802-0aaa78deedf9,Mutant Idle,Mutant Stretching Idle With Breathing,Motion,download/c9c93e57-b96c-11e4-a802-0aaa78deedf9.fbx
c9c947d0-b96c-11e4-a802-0aaa78deedf9,Hit Reaction,Hit Reaction,Motion,download/c9c947d0-b96c-11e4-a802-0aaa78deedf9.fbx
c9c96c6d-b96c-11e4-a802-0aaa78deedf9,Left Strafe,Running Strafe To The Left,Motion,download/c9c96c6d-b96c-11e4-a802-0aaa78deedf9.fbx
c9c95a6d-b96c-11e4-a802-0aaa78deedf9,Kiss,Kissing A Taller Person For A Long Period,Motion,download/c9c95a6d-b96c-11e4-a802-0aaa78deedf9.fbx
c9c98361-b96c-11e4-a802-0aaa78deedf9,Yawn,Big Yawn While Standing,Motion,download/c9c98361-b96c-11e4-a802-0aaa78deedf9.fbx
c9c9511f-b96c-11e4-a802-0aaa78deedf9,Run Strafing Jump,Jumping While Run Strafing Right,Motion,download/c9c9511f-b96c-11e4-a802-0aaa78deedf9.fbx
c9c991b1-b96c-11e4-a802-0aaa78deedf9,Falling Idle,Mid-Air Falling Idle,Motion,download/c9c991b1-b96c-11e4-a802-0aaa78deedf9.fbx
c9c8cc75-b96c-11e4-a802-0aaa78deedf9,Fall Over,Frantically Fall Over With Rifle,Motion,download/c9c8cc75-b96c-11e4-a802-0aaa78deedf9.fbx
c9c8b59e-b96c-11e4-a802-0aaa78deedf9,Turn Left,Turn Left While Crouching,Motion,download/c9c8b59e-b96c-11e4-a802-0aaa78deedf9.fbx
c9c6a58a-b96c-11e4-a802-0aaa78deedf9,Military Signaling,"Military Signaling ""Stay Back"" While Crouched",Motion,download/c9c6a58a-b96c-11e4-a802-0aaa78deedf9.fbx
c9c64f3c-b96c-11e4-a802-0aaa78deedf9,Driving,Male Driving A Car,Motion,download/c9c64f3c-b96c-11e4-a802-0aaa78deedf9.fbx
c9c65ff3-b96c-11e4-a802-0aaa78deedf9,Hip Hop Dancing,Female Hip Hop 'Rib Pops' Dancing,Motion,download/c9c65ff3-b96c-11e4-a802-0aaa78deedf9.fbx
c9c67ec5-b96c-11e4-a802-0aaa78deedf9,Superhuman Choke Lift,Superhuman One Hand Choke Lift,Motion,download/c9c67ec5-b96c-11e4-a802-0aaa78deedf9.fbx
c9c63f53-b96c-11e4-a802-0aaa78deedf9,Kicking,Male Thrust Kick With The Rear Foot,Motion,download/c9c63f53-b96c-11e4-a802-0aaa78deedf9.fbx
c9c6ddb2-b96c-11e4-a802-0aaa78deedf9,Talking,Talking Finding Something Funny,Motion,download/c9c6ddb2-b96c-11e4-a802-0aaa78deedf9.fbx
c9c6c17a-b96c-11e4-a802-0aaa78deedf9,Scary Clown Idle,Scary Clown Ready Idle,Motion,download/c9c6c17a-b96c-11e4-a802-0aaa78deedf9.fbx
c9c6cf65-b96c-11e4-a802-0aaa78deedf9,Working On Device,Man Working On Device,Motion,download/c9c6cf65-b96c-11e4-a802-0aaa78deedf9.fbx
4b78a230-d996-47dd-b3fe-b6270141d219,Standing Torch Light Torch From Wall,Lighting Torch From Wall,Motion,download/4b78a230-d996-47dd-b3fe-b6270141d219.fbx
6630659d-ac80-4087-bc82-d393183fa7c5,Male Sitting Pose,Leaning Forwards Hands In Front,Motion,download/6630659d-ac80-4087-bc82-d393183fa7c5.fbx
427da37e-ba1c-4592-aea5-4c9ff9f5dabb,Standing React Small From Back,Hit Reaction From Behind With Bow,Motion,download/427da37e-ba1c-4592-aea5-4c9ff9f5dabb.fbx
0c386ca4-173e-449c-9d3d-14a8f94b2cf0,Catwalk Idle,Female Standing Idle,Motion,download/0c386ca4-173e-449c-9d3d-14a8f94b2cf0.fbx
4c9c15f3-ba77-4a08-9b49-513023030327,Male Dynamic Pose,"Floating, Legs Raised, Arms Extended Upwards",Motion,download/4c9c15f3-ba77-4a08-9b49-513023030327.fbx
53efbb9e-5900-42ea-b40b-6e2a8198aee4,Female Action Pose,Holding Bow,Motion,download/53efbb9e-5900-42ea-b40b-6e2a8198aee4.fbx
c9cecc26-b96c-11e4-a802-0aaa78deedf9,Crouch To Standing Idle,Transition From Crouch To Standing Idle,Motion,download/c9cecc26-b96c-11e4-a802-0aaa78deedf9.fbx
c9cec6ba-b96c-11e4-a802-0aaa78deedf9,Standing Walk Forward,Walking Forward With Bow,Motion,download/c9cec6ba-b96c-11e4-a802-0aaa78deedf9.fbx
c9ce9f47-b96c-11e4-a802-0aaa78deedf9,Walk Crouching Backward,Rifle Crouched Walk Backward,Motion,download/c9ce9f47-b96c-11e4-a802-0aaa78deedf9.fbx
c9cc3715-b96c-11e4-a802-0aaa78deedf9,Breakdance Freeze Var 1,Breakdance Single Handstand Freeze Var 1,Motion,download/c9cc3715-b96c-11e4-a802-0aaa78deedf9.fbx
c9cc428c-b96c-11e4-a802-0aaa78deedf9,Breakdance Uprock To Ground,Breakdance Uprock Transition To Ground Moves,Motion,download/c9cc428c-b96c-11e4-a802-0aaa78deedf9.fbx
c9cc0304-b96c-11e4-a802-0aaa78deedf9,Braced Hang To Crouch,Climb Wall From Braced Hang To Crouch,Motion,download/c9cc0304-b96c-11e4-a802-0aaa78deedf9.fbx
c9cc4bed-b96c-11e4-a802-0aaa78deedf9,Sword And Shield 180 Turn,Sword And Shield Walk 180 Turn,Motion,download/c9cc4bed-b96c-11e4-a802-0aaa78deedf9.fbx
c9caba56-b96c-11e4-a802-0aaa78deedf9,Stylish Flip,Aerial Backflip To Land,Motion,download/c9caba56-b96c-11e4-a802-0aaa78deedf9.fbx
c9ca7385-b96c-11e4-a802-0aaa78deedf9,Golf Bad Shot,Bad Shot Reaction Var 1,Motion,download/c9ca7385-b96c-11e4-a802-0aaa78deedf9.fbx
c9caafaa-b96c-11e4-a802-0aaa78deedf9,Spin Flip Kick,Spinning Flip Kick,Motion,download/c9caafaa-b96c-11e4-a802-0aaa78deedf9.fbx
c9cc8c95-b96c-11e4-a802-0aaa78deedf9,Great Sword Slide Attack,Great Sword Low Slide Attack From Run,Motion,download/c9cc8c95-b96c-11e4-a802-0aaa78deedf9.fbx
c9cbfbb6-b96c-11e4-a802-0aaa78deedf9,Sitting Dazed,Sitting Against A Wall Dazed,Motion,download/c9cbfbb6-b96c-11e4-a802-0aaa78deedf9.fbx
c9cc3c8a-b96c-11e4-a802-0aaa78deedf9,Breakdance Ready,Ready To Breakdance End,Motion,download/c9cc3c8a-b96c-11e4-a802-0aaa78deedf9.fbx
c9cbd905-b96c-11e4-a802-0aaa78deedf9,Zombie Run,Zombie Running,Motion,download/c9cbd905-b96c-11e4-a802-0aaa78deedf9.fbx
c9ccf075-b96c-11e4-a802-0aaa78deedf9,Happy Walk Backward,Backward Happy Walk,Motion,download/c9ccf075-b96c-11e4-a802-0aaa78deedf9.fbx
c9ccab1b-b96c-11e4-a802-0aaa78deedf9,Sitting Idle,Sitting With Breathing Idle,Motion,download/c9ccab1b-b96c-11e4-a802-0aaa78deedf9.fbx
c9ccc173-b96c-11e4-a802-0aaa78deedf9,Low Crawl,"Super Low Crawl, Or Crawling Up A Wall",Motion,download/c9ccc173-b96c-11e4-a802-0aaa78deedf9.fbx
c9cacdf1-b96c-11e4-a802-0aaa78deedf9,Plank,Plank Position,Motion,download/c9cacdf1-b96c-11e4-a802-0aaa78deedf9.fbx
c9cb95c1-b96c-11e4-a802-0aaa78deedf9,Sitting Idle,Sitting Still In A Chair,Motion,download/c9cb95c1-b96c-11e4-a802-0aaa78deedf9.fbx
c9cb52f3-b96c-11e4-a802-0aaa78deedf9,Head Hit,Receiving A Light Hit To The Head From A Left Punch,Motion,download/c9cb52f3-b96c-11e4-a802-0aaa78deedf9.fbx
c9cb144f-b96c-11e4-a802-0aaa78deedf9,Lead Jab,Short Body Jab,Motion,download/c9cb144f-b96c-11e4-a802-0aaa78deedf9.fbx
c9cb57a9-b96c-11e4-a802-0aaa78deedf9,Head Hit,Receiving A Medium Hit To The Head From A Straight Punch,Motion,download/c9cb57a9-b96c-11e4-a802-0aaa78deedf9.fbx
c9ca81d8-b96c-11e4-a802-0aaa78deedf9,Left Cover Sneak W/ Rifle,Left Standing Sneak Behind Cover W/ Rifle,Motion,download/c9ca81d8-b96c-11e4-a802-0aaa78deedf9.fbx
c9cb516e-b96c-11e4-a802-0aaa78deedf9,Head Hit,Receiving A Big Hit To The Head From A Left Punch,Motion,download/c9cb516e-b96c-11e4-a802-0aaa78deedf9.fbx
c9cb07b2-b96c-11e4-a802-0aaa78deedf9,Light Hit To Head,Receiving A Light Hit From A Straight Punch,Motion,download/c9cb07b2-b96c-11e4-a802-0aaa78deedf9.fbx
d960de14-4544-4f00-aab4-aa6770b73ded,Catwalk Walk Stop Twist R,Male Walk Forward To Twist Right Idle,Motion,download/d960de14-4544-4f00-aab4-aa6770b73ded.fbx
42549f6f-15f4-41f1-856d-65705ff2d995,Female Crouch Pose,Examine Forwards,Motion,download/42549f6f-15f4-41f1-856d-65705ff2d995.fbx
ca09995f-5893-4f93-aca3-ed1ae51dbe73,Catwalk Sequence 04,Female Sequence - Transition To Hands On Hips,Motion,download/ca09995f-5893-4f93-aca3-ed1ae51dbe73.fbx
c9ceb236-b96c-11e4-a802-0aaa78deedf9,Standing Idle 01,Standing Idle With Bow,Motion,download/c9ceb236-b96c-11e4-a802-0aaa78deedf9.fbx
c9ceae44-b96c-11e4-a802-0aaa78deedf9,Standing Death Backward 01,Death Reaction Falling Backwards With Bow,Motion,download/c9ceae44-b96c-11e4-a802-0aaa78deedf9.fbx
c9ce7bbc-b96c-11e4-a802-0aaa78deedf9,Fast Run,Running Fast,Motion,download/c9ce7bbc-b96c-11e4-a802-0aaa78deedf9.fbx
5ed67991-c2e8-4723-806c-edcfc7dc5c79,Catwalk Twist L To Twist R,Female Twist Left Idle To Twist Right Idle,Motion,download/5ed67991-c2e8-4723-806c-edcfc7dc5c79.fbx
f75e91f2-0446-47a3-8bf7-d9c464863c8b,Standing Jump,Jumping And Landing In Place,Motion,download/f75e91f2-0446-47a3-8bf7-d9c464863c8b.fbx
c9ce8b7b-b96c-11e4-a802-0aaa78deedf9,Run Backward,Rifle Run Backward,Motion,download/c9ce8b7b-b96c-11e4-a802-0aaa78deedf9.fbx
c9cdbe5f-b96c-11e4-a802-0aaa78deedf9,Pistol Run Arc,Run Arc Right With An Aimed Pistol,Motion,download/c9cdbe5f-b96c-11e4-a802-0aaa78deedf9.fbx
c9cd90a6-b96c-11e4-a802-0aaa78deedf9,Defeat Idle,Sporty Granny Defeat Idle,Motion,download/c9cd90a6-b96c-11e4-a802-0aaa78deedf9.fbx
c9cd8b3a-b96c-11e4-a802-0aaa78deedf9,Shaking It Off,Shaking It Off In Relief,Motion,download/c9cd8b3a-b96c-11e4-a802-0aaa78deedf9.fbx
c9cdb8f0-b96c-11e4-a802-0aaa78deedf9,Pistol Walk,Walking With An Aimed Pistol,Motion,download/c9cdb8f0-b96c-11e4-a802-0aaa78deedf9.fbx
c9cd6dc3-b96c-11e4-a802-0aaa78deedf9,Rifle Idle To Crouch,Rifle Idle To Crouch Walk,Motion,download/c9cd6dc3-b96c-11e4-a802-0aaa78deedf9.fbx
c9cd8cc4-b96c-11e4-a802-0aaa78deedf9,Hit On The Back,Getting Hit On The Back With An Object While Running,Motion,download/c9cd8cc4-b96c-11e4-a802-0aaa78deedf9.fbx
c9cdb348-b96c-11e4-a802-0aaa78deedf9,Falling Back Death,Dying Falling Backward,Motion,download/c9cdb348-b96c-11e4-a802-0aaa78deedf9.fbx
c9cd1da9-b96c-11e4-a802-0aaa78deedf9,Running Backward,Female Ninja Run Backward,Motion,download/c9cd1da9-b96c-11e4-a802-0aaa78deedf9.fbx
c9cd43b7-b96c-11e4-a802-0aaa78deedf9,Baseball Step Up To Bat,Baseball Batter Getting Situated To Hit,Motion,download/c9cd43b7-b96c-11e4-a802-0aaa78deedf9.fbx
c9cd5407-b96c-11e4-a802-0aaa78deedf9,Rifle Down To Aim,Rifle Down To Aiming,Motion,download/c9cd5407-b96c-11e4-a802-0aaa78deedf9.fbx
c9cd08db-b96c-11e4-a802-0aaa78deedf9,Exiting Car,Exiting Out Of The Driverside Of A Car,Motion,download/c9cd08db-b96c-11e4-a802-0aaa78deedf9.fbx
c9cc88df-b96c-11e4-a802-0aaa78deedf9,Great Sword Crouching,Great Sword Crouching Block Idle,Motion,download/c9cc88df-b96c-11e4-a802-0aaa78deedf9.fbx
c9cae022-b96c-11e4-a802-0aaa78deedf9,Illegal Knee,Boxing Illegal Knee,Motion,download/c9cae022-b96c-11e4-a802-0aaa78deedf9.fbx
c9cb6fca-b96c-11e4-a802-0aaa78deedf9,Cheering While Sitting,Cheering While Sitting With Very High Enthusiasm,Motion,download/c9cb6fca-b96c-11e4-a802-0aaa78deedf9.fbx
c9cba7ba-b96c-11e4-a802-0aaa78deedf9,Chapaeu De Couro,Capoeira Ground Spin Kick,Motion,download/c9cba7ba-b96c-11e4-a802-0aaa78deedf9.fbx
c9cb42ee-b96c-11e4-a802-0aaa78deedf9,Goalkeeper Pass,Goalkeeper Rolling Pass,Motion,download/c9cb42ee-b96c-11e4-a802-0aaa78deedf9.fbx
c9c9a8af-b96c-11e4-a802-0aaa78deedf9,Insult,Insulting With Rude Gesture,Motion,download/c9c9a8af-b96c-11e4-a802-0aaa78deedf9.fbx
c9c8a3f3-b96c-11e4-a802-0aaa78deedf9,Prone Death,Dying From A Prone Position,Motion,download/c9c8a3f3-b96c-11e4-a802-0aaa78deedf9.fbx
c9c97200-b96c-11e4-a802-0aaa78deedf9,Left Turn,Standing Left Turn Game Blend,Motion,download/c9c97200-b96c-11e4-a802-0aaa78deedf9.fbx
c9c9706d-b96c-11e4-a802-0aaa78deedf9,Thriller Part 1,Thriller Dance Part 1,Motion,download/c9c9706d-b96c-11e4-a802-0aaa78deedf9.fbx
c9c94ad6-b96c-11e4-a802-0aaa78deedf9,Left Strafe Jump,Jumping While Strafing Left- Loop,Motion,download/c9c94ad6-b96c-11e4-a802-0aaa78deedf9.fbx
c9c9e6a3-b96c-11e4-a802-0aaa78deedf9,Tender Placement,Tenderly Placing Someone On A Bed,Motion,download/c9c9e6a3-b96c-11e4-a802-0aaa78deedf9.fbx
c9c917a2-b96c-11e4-a802-0aaa78deedf9,Angry Gesture,Angry Forward Gesture,Motion,download/c9c917a2-b96c-11e4-a802-0aaa78deedf9.fbx
c9c9a4ed-b96c-11e4-a802-0aaa78deedf9,Running Turn 180,Turning 180 Degrees While Running,Motion,download/c9c9a4ed-b96c-11e4-a802-0aaa78deedf9.fbx
c9c98730-b96c-11e4-a802-0aaa78deedf9,Left Turn,Standing Left Turn Game Blend,Motion,download/c9c98730-b96c-11e4-a802-0aaa78deedf9.fbx
c9c98cab-b96c-11e4-a802-0aaa78deedf9,Threatening,Being Threatening While Standing,Motion,download/c9c98cab-b96c-11e4-a802-0aaa78deedf9.fbx
c9c9e16e-b96c-11e4-a802-0aaa78deedf9,Thrust Slash,Thrust And Slash With Blade,Motion,download/c9c9e16e-b96c-11e4-a802-0aaa78deedf9.fbx
c9c9f4bc-b96c-11e4-a802-0aaa78deedf9,Quick Formal Bow,Quick Formal Bow,Motion,download/c9c9f4bc-b96c-11e4-a802-0aaa78deedf9.fbx
c9c932fb-b96c-11e4-a802-0aaa78deedf9,Turning Right 90 Degrees,90 Degree Right Turn While Aiming A Rifle,Motion,download/c9c932fb-b96c-11e4-a802-0aaa78deedf9.fbx
c9c87e8e-b96c-11e4-a802-0aaa78deedf9,Moving Backward In Prone Position,Moving Backward In Prone Position With Rifle,Motion,download/c9c87e8e-b96c-11e4-a802-0aaa78deedf9.fbx
c9c89b1d-b96c-11e4-a802-0aaa78deedf9,Run And Throw Grenade,Throw Grenade While Running,Motion,download/c9c89b1d-b96c-11e4-a802-0aaa78deedf9.fbx
c9c908f7-b96c-11e4-a802-0aaa78deedf9,Weight Shift,Shifting Weight From Side To Side,Motion,download/c9c908f7-b96c-11e4-a802-0aaa78deedf9.fbx
c9c8f0d9-b96c-11e4-a802-0aaa78deedf9,Standing,Standing Into Fighting Stance From Crouching,Motion,download/c9c8f0d9-b96c-11e4-a802-0aaa78deedf9.fbx
c9c8fcef-b96c-11e4-a802-0aaa78deedf9,Writhing In Pain,Laying On Back Writhing In Pain,Motion,download/c9c8fcef-b96c-11e4-a802-0aaa78deedf9.fbx
c9c84aa4-b96c-11e4-a802-0aaa78deedf9,Petting,Petting A Large Animal,Motion,download/c9c84aa4-b96c-11e4-a802-0aaa78deedf9.fbx
c9c8976c-b96c-11e4-a802-0aaa78deedf9,Receive Stomach Uppercut,Receive Stomach Uppercut,Motion,download/c9c8976c-b96c-11e4-a802-0aaa78deedf9.fbx
c9c7f360-b96c-11e4-a802-0aaa78deedf9,Elbow Uppercut Combo,Elbow-Uppercut Strike Combo,Motion,download/c9c7f360-b96c-11e4-a802-0aaa78deedf9.fbx
c9c7216e-b96c-11e4-a802-0aaa78deedf9,Knocked Out,Knocked Out Falling To Stomach,Motion,download/c9c7216e-b96c-11e4-a802-0aaa78deedf9.fbx
c9c6dab7-b96c-11e4-a802-0aaa78deedf9,Zombie Scratch Idle,Zombie Scratching Idle,Motion,download/c9c6dab7-b96c-11e4-a802-0aaa78deedf9.fbx
c9c73634-b96c-11e4-a802-0aaa78deedf9,Dancing,Boogaloo,Motion,download/c9c73634-b96c-11e4-a802-0aaa78deedf9.fbx
c9cc288d-b96c-11e4-a802-0aaa78deedf9,Football Catch,Receiving A Football While Getting Tackled To The Ground,Motion,download/c9cc288d-b96c-11e4-a802-0aaa78deedf9.fbx
c9c71702-b96c-11e4-a802-0aaa78deedf9,Getting Hit,Getting Hit From Back,Motion,download/c9c71702-b96c-11e4-a802-0aaa78deedf9.fbx
c9c71880-b96c-11e4-a802-0aaa78deedf9,Boxing,Boxing Lead Hand Uppercut,Motion,download/c9c71880-b96c-11e4-a802-0aaa78deedf9.fbx
c9c7a6d6-b96c-11e4-a802-0aaa78deedf9,Catwalk Walk,Model Walking Down The Catwalk,Motion,download/c9c7a6d6-b96c-11e4-a802-0aaa78deedf9.fbx
c9c7eede-b96c-11e4-a802-0aaa78deedf9,Jab To Elbow Punch,Jab To Elbow Combo,Motion,download/c9c7eede-b96c-11e4-a802-0aaa78deedf9.fbx
c9c7aa9c-b96c-11e4-a802-0aaa78deedf9,Uppercut Jab,Uppercut Jab And Open Palm Strike Combo,Motion,download/c9c7aa9c-b96c-11e4-a802-0aaa78deedf9.fbx
c9c73f13-b96c-11e4-a802-0aaa78deedf9,Salsa Dancing,Male Salsa Variation Eight,Motion,download/c9c73f13-b96c-11e4-a802-0aaa78deedf9.fbx
c9c687a7-b96c-11e4-a802-0aaa78deedf9,Shove Reaction,Standing Reaction To Shove,Motion,download/c9c687a7-b96c-11e4-a802-0aaa78deedf9.fbx
c9c86f03-b96c-11e4-a802-0aaa78deedf9,Fire Rifle,Fire Rifle While Crouched,Motion,download/c9c86f03-b96c-11e4-a802-0aaa78deedf9.fbx
c9c87a20-b96c-11e4-a802-0aaa78deedf9,Bash,Overhead Bashing Swing,Motion,download/c9c87a20-b96c-11e4-a802-0aaa78deedf9.fbx
c9c86288-b96c-11e4-a802-0aaa78deedf9,Looking,Looking With Hand Shading Eyes,Motion,download/c9c86288-b96c-11e4-a802-0aaa78deedf9.fbx
c9c81621-b96c-11e4-a802-0aaa78deedf9,Upward Thrust,Upward Weapon Thrust,Motion,download/c9c81621-b96c-11e4-a802-0aaa78deedf9.fbx
c9c6ca53-b96c-11e4-a802-0aaa78deedf9,Brutal To Happy Walking,Brutal To Happy Walk,Motion,download/c9c6ca53-b96c-11e4-a802-0aaa78deedf9.fbx
c9c68ad5-b96c-11e4-a802-0aaa78deedf9,Zombie Reaction Hit,Zombie Reaction Hit Stumble Back,Motion,download/c9c68ad5-b96c-11e4-a802-0aaa78deedf9.fbx
c9c6d49e-b96c-11e4-a802-0aaa78deedf9,Opening,Opening Cabinet Door,Motion,download/c9c6d49e-b96c-11e4-a802-0aaa78deedf9.fbx
c9c717c6-b96c-11e4-a802-0aaa78deedf9,Boxing,Boxing Lead Hand Hook,Motion,download/c9c717c6-b96c-11e4-a802-0aaa78deedf9.fbx
c9c72e08-b96c-11e4-a802-0aaa78deedf9,Push,Pushing Heavy Object,Motion,download/c9c72e08-b96c-11e4-a802-0aaa78deedf9.fbx
c9c7420d-b96c-11e4-a802-0aaa78deedf9,Wave Hip Hop Dance,Wave Hip Hop Dance Variation One,Motion,download/c9c7420d-b96c-11e4-a802-0aaa78deedf9.fbx
c9c767ad-b96c-11e4-a802-0aaa78deedf9,Swing Dancing,Swing Dance Charleston Variation 2,Motion,download/c9c767ad-b96c-11e4-a802-0aaa78deedf9.fbx
c9c6b520-b96c-11e4-a802-0aaa78deedf9,Zombie Turn,Zombie Turning Right Standing In Place,Motion,download/c9c6b520-b96c-11e4-a802-0aaa78deedf9.fbx
c9c6253f-b96c-11e4-a802-0aaa78deedf9,Kicking,Double Front Snap Kick Advancing,Motion,download/c9c6253f-b96c-11e4-a802-0aaa78deedf9.fbx
c9c60fce-b96c-11e4-a802-0aaa78deedf9,Clapping,Clap While Seated,Motion,download/c9c60fce-b96c-11e4-a802-0aaa78deedf9.fbx
c9c935fe-b96c-11e4-a802-0aaa78deedf9,Mutant Jumping,Mutant Eagle Jump,Motion,download/c9c935fe-b96c-11e4-a802-0aaa78deedf9.fbx
c9c944a4-b96c-11e4-a802-0aaa78deedf9,Prone Right Turn,Turning Right While Prone,Motion,download/c9c944a4-b96c-11e4-a802-0aaa78deedf9.fbx
c9c90d7b-b96c-11e4-a802-0aaa78deedf9,Head Nod Yes,Nodding Head Yes,Motion,download/c9c90d7b-b96c-11e4-a802-0aaa78deedf9.fbx
c9c94f98-b96c-11e4-a802-0aaa78deedf9,Firing Rifle,Repeatedly Firing While Walking At Medium Speed With Rifle,Motion,download/c9c94f98-b96c-11e4-a802-0aaa78deedf9.fbx
c9c9279d-b96c-11e4-a802-0aaa78deedf9,Crouch Walk Strafe Right,Crouched Rifle Walk Strafe Right,Motion,download/c9c9279d-b96c-11e4-a802-0aaa78deedf9.fbx
c9c8fffc-b96c-11e4-a802-0aaa78deedf9,Turn To Running,Turn Right And Run,Motion,download/c9c8fffc-b96c-11e4-a802-0aaa78deedf9.fbx
c9c8ad7e-b96c-11e4-a802-0aaa78deedf9,Struck In Head,Struck In Head While Sitting,Motion,download/c9c8ad7e-b96c-11e4-a802-0aaa78deedf9.fbx
c9c81e56-b96c-11e4-a802-0aaa78deedf9,Standing Up,Standing Up And Looking Around,Motion,download/c9c81e56-b96c-11e4-a802-0aaa78deedf9.fbx
c9c80157-b96c-11e4-a802-0aaa78deedf9,Spell Casting,Casting A Ressurection Or Summon Spell,Motion,download/c9c80157-b96c-11e4-a802-0aaa78deedf9.fbx
c9ca6a2d-b96c-11e4-a802-0aaa78deedf9,Golf Tee Up,Placing Tee Into The Ground,Motion,download/c9ca6a2d-b96c-11e4-a802-0aaa78deedf9.fbx
c9c98a38-b96c-11e4-a802-0aaa78deedf9,Happy,Standing Happily,Motion,download/c9c98a38-b96c-11e4-a802-0aaa78deedf9.fbx
c9c9a2ae-b96c-11e4-a802-0aaa78deedf9,Right Cover Sneak,Right Standing Sneak Behind Cover,Motion,download/c9c9a2ae-b96c-11e4-a802-0aaa78deedf9.fbx
c9c9d919-b96c-11e4-a802-0aaa78deedf9,Jumping Up,Jumping Up From Action Idle,Motion,download/c9c9d919-b96c-11e4-a802-0aaa78deedf9.fbx
c9c9e994-b96c-11e4-a802-0aaa78deedf9,Running Forward Flip,Doing A Forward Flip While Running,Motion,download/c9c9e994-b96c-11e4-a802-0aaa78deedf9.fbx
c9ca0104-b96c-11e4-a802-0aaa78deedf9,Talking On A Cell Phone,Male Standing While Talking On A Cell Phone,Motion,download/c9ca0104-b96c-11e4-a802-0aaa78deedf9.fbx
c9c9ca8b-b96c-11e4-a802-0aaa78deedf9,Crouch Cover To Cover,Crouch Cover To Cover,Motion,download/c9c9ca8b-b96c-11e4-a802-0aaa78deedf9.fbx
c9cedb93-b96c-11e4-a802-0aaa78deedf9,Standing Melee Combo Attack Ver. 3,Two Hit Combo Attack With Axe,Motion,download/c9cedb93-b96c-11e4-a802-0aaa78deedf9.fbx
c9ce70c7-b96c-11e4-a802-0aaa78deedf9,Laying Severe Cough,Laying Coughing Severely,Motion,download/c9ce70c7-b96c-11e4-a802-0aaa78deedf9.fbx
c9ce7608-b96c-11e4-a802-0aaa78deedf9,Walker Walk,Walking With Walker,Motion,download/c9ce7608-b96c-11e4-a802-0aaa78deedf9.fbx
e916b410-6978-439c-af54-8377a9e79317,Standing React Death Left,Death Falling To The Left,Motion,download/e916b410-6978-439c-af54-8377a9e79317.fbx
c9cdb289-b96c-11e4-a802-0aaa78deedf9,Falling Forward Death,Dying Falling Forward,Motion,download/c9cdb289-b96c-11e4-a802-0aaa78deedf9.fbx
c9cd67a6-b96c-11e4-a802-0aaa78deedf9,Rifle Crouch Turn,45 Degree Left Turn,Motion,download/c9cd67a6-b96c-11e4-a802-0aaa78deedf9.fbx
c9cd7d95-b96c-11e4-a802-0aaa78deedf9,Jog Forward Diagonal,Soccer Jog Diagonal Forward Right,Motion,download/c9cd7d95-b96c-11e4-a802-0aaa78deedf9.fbx
c9cd9927-b96c-11e4-a802-0aaa78deedf9,Victory Idle,Aj Victory Idle,Motion,download/c9cd9927-b96c-11e4-a802-0aaa78deedf9.fbx
c9cd815b-b96c-11e4-a802-0aaa78deedf9,Idle To Sprint,Start Sprint From Action Idle,Motion,download/c9cd815b-b96c-11e4-a802-0aaa78deedf9.fbx
c9ceb6f2-b96c-11e4-a802-0aaa78deedf9,Fall A Land To Run Forward,Land From Fall A To Run Forward,Motion,download/c9ceb6f2-b96c-11e4-a802-0aaa78deedf9.fbx
c9ce79b8-b96c-11e4-a802-0aaa78deedf9,Sprint Turn,Turning While Sprinting,Motion,download/c9ce79b8-b96c-11e4-a802-0aaa78deedf9.fbx
c9ce9553-b96c-11e4-a802-0aaa78deedf9,Sprint Backward Left,Rifle Sprint Backward Left,Motion,download/c9ce9553-b96c-11e4-a802-0aaa78deedf9.fbx
e21d35a0-508c-4ed3-af3d-dac75080d944,Standing 2H Magic Attack 03,Two Handed Casting Spell Forwards Sustained,Motion,download/e21d35a0-508c-4ed3-af3d-dac75080d944.fbx
c9cd6254-b96c-11e4-a802-0aaa78deedf9,Rifle Prone To Kneel,Rifle Prone To Kneeling,Motion,download/c9cd6254-b96c-11e4-a802-0aaa78deedf9.fbx
c9cd5ab9-b96c-11e4-a802-0aaa78deedf9,Rifle Turn,180 Degree Left Turn,Motion,download/c9cd5ab9-b96c-11e4-a802-0aaa78deedf9.fbx
c9cd4e19-b96c-11e4-a802-0aaa78deedf9,Backwards Rifle Run,Running Backwards With Rifle Down,Motion,download/c9cd4e19-b96c-11e4-a802-0aaa78deedf9.fbx
c9cb4234-b96c-11e4-a802-0aaa78deedf9,Goalkeeper Body Block,Goalkeeper Right Body Block,Motion,download/c9cb4234-b96c-11e4-a802-0aaa78deedf9.fbx
c9cbde6b-b96c-11e4-a802-0aaa78deedf9,Esquiva 1,Capoeira Flip Escape,Motion,download/c9cbde6b-b96c-11e4-a802-0aaa78deedf9.fbx
c9cb36c6-b96c-11e4-a802-0aaa78deedf9,Front Raises,Front Raises Workout,Motion,download/c9cb36c6-b96c-11e4-a802-0aaa78deedf9.fbx
c9cb60b4-b96c-11e4-a802-0aaa78deedf9,Stall Soccerball,Juggling Right Knee Stall Of A Soccer Ball,Motion,download/c9cb60b4-b96c-11e4-a802-0aaa78deedf9.fbx
c9cb50af-b96c-11e4-a802-0aaa78deedf9,Short Step Forward,Short Boxing Step Forward,Motion,download/c9cb50af-b96c-11e4-a802-0aaa78deedf9.fbx
c9cb5ce7-b96c-11e4-a802-0aaa78deedf9,Kneeing Soccerball,Juggling Right Knee Of A Soccer Ball,Motion,download/c9cb5ce7-b96c-11e4-a802-0aaa78deedf9.fbx
c9c685de-b96c-11e4-a802-0aaa78deedf9,Zombie Transition,Zombie Transition Ready To Alert,Motion,download/c9c685de-b96c-11e4-a802-0aaa78deedf9.fbx
c9c68a0f-b96c-11e4-a802-0aaa78deedf9,Zombie Reaction Hit,Zombie Reaction Hit Flinches,Motion,download/c9c68a0f-b96c-11e4-a802-0aaa78deedf9.fbx
c6c4ddd1-3bfa-439d-aabb-bb80d03e4388,Male Standing Pose,Looking Forward,Motion,download/c6c4ddd1-3bfa-439d-aabb-bb80d03e4388.fbx
400dc4b4-f030-4527-b4e5-5f59a8727d4c,Crouch Torch To Standing Torch Idle,Transition From Crouch Idle To Standing Idle,Motion,download/400dc4b4-f030-4527-b4e5-5f59a8727d4c.fbx
ba693e26-be81-4e70-a6a3-f41172dcb12f,Female Standing Pose,"Legs Crossed, Left Hand On Hip",Motion,download/ba693e26-be81-4e70-a6a3-f41172dcb12f.fbx
4a332831-d65a-45a3-a330-5463db336c3b,Male Sitting Pose,Elbows On Legs Leaning Left,Motion,download/4a332831-d65a-45a3-a330-5463db336c3b.fbx
2278ba9c-6878-472c-b329-a340c0ec29c1,Female Standing Pose,Arms Down,Motion,download/2278ba9c-6878-472c-b329-a340c0ec29c1.fbx
4af0bbb1-13ef-4db3-987c-5ec2da564730,Female Standing Pose,"Right Arm Raised, Left Hand On Hip",Motion,download/4af0bbb1-13ef-4db3-987c-5ec2da564730.fbx
abe202be-9b63-49e8-9617-9c6ab94136de,Female Sitting Pose,Arms Supporting,Motion,download/abe202be-9b63-49e8-9617-9c6ab94136de.fbx
dafc5687-c69f-487c-a672-dfb04cd28c30,Standing Walk Left,Walking Left,Motion,download/dafc5687-c69f-487c-a672-dfb04cd28c30.fbx
851cbdbd-5dcd-40ec-813b-d020e3dfb55c,Catwalk Idle To Walk Forward Crossed,Female Idle To Walk Forward - Legs Crossing,Motion,download/851cbdbd-5dcd-40ec-813b-d020e3dfb55c.fbx
c9cdbd9a-b96c-11e4-a802-0aaa78deedf9,Pistol Walk Arc,Walk Arc Left With An Aimed Pistol,Motion,download/c9cdbd9a-b96c-11e4-a802-0aaa78deedf9.fbx
c9cdc166-b96c-11e4-a802-0aaa78deedf9,Pistol Stand To Kneel,Pistol Standing To Kneeling,Motion,download/c9cdc166-b96c-11e4-a802-0aaa78deedf9.fbx
c9c8772f-b96c-11e4-a802-0aaa78deedf9,Prone To Crouch Transition,Transition From Prone To Crouch,Motion,download/c9c8772f-b96c-11e4-a802-0aaa78deedf9.fbx
c9c840de-b96c-11e4-a802-0aaa78deedf9,Shooting,Firing A Gun,Motion,download/c9c840de-b96c-11e4-a802-0aaa78deedf9.fbx
c9c74151-b96c-11e4-a802-0aaa78deedf9,Tut Hip Hop Dance,Tut Hip Hop Dance Variation Two,Motion,download/c9c74151-b96c-11e4-a802-0aaa78deedf9.fbx
c9c73d98-b96c-11e4-a802-0aaa78deedf9,Booty Hip Hop Dance,Booty Step Hip Hop Dance,Motion,download/c9c73d98-b96c-11e4-a802-0aaa78deedf9.fbx
c9cc3045-b96c-11e4-a802-0aaa78deedf9,Header,Idle Soccer Header,Motion,download/c9cc3045-b96c-11e4-a802-0aaa78deedf9.fbx
c9c728e1-b96c-11e4-a802-0aaa78deedf9,Taunt,Spank Twice,Motion,download/c9c728e1-b96c-11e4-a802-0aaa78deedf9.fbx
c9c6dcf2-b96c-11e4-a802-0aaa78deedf9,Dying Backwards,Shot To The Chest Falling Backwards,Motion,download/c9c6dcf2-b96c-11e4-a802-0aaa78deedf9.fbx
c9c6e4c9-b96c-11e4-a802-0aaa78deedf9,Hip Hop Dancing,Timid Dancing,Motion,download/c9c6e4c9-b96c-11e4-a802-0aaa78deedf9.fbx
c9c6cb0d-b96c-11e4-a802-0aaa78deedf9,Running,Running Leaning Back Or Forth,Motion,download/c9c6cb0d-b96c-11e4-a802-0aaa78deedf9.fbx
c9c6bba5-b96c-11e4-a802-0aaa78deedf9,Hit Reaction,Left Reaction To Front Hit Holding A Rifle,Motion,download/c9c6bba5-b96c-11e4-a802-0aaa78deedf9.fbx
c9cc270c-b96c-11e4-a802-0aaa78deedf9,Football Stance,Football Player Getting Into Stance,Motion,download/c9cc270c-b96c-11e4-a802-0aaa78deedf9.fbx
c9c6a494-b96c-11e4-a802-0aaa78deedf9,Military Signaling,"Military Signaling ""Follow"" While Crouched",Motion,download/c9c6a494-b96c-11e4-a802-0aaa78deedf9.fbx
c9c64c7c-b96c-11e4-a802-0aaa78deedf9,Jumping Down,Male Frog Style Jump Down,Motion,download/c9c64c7c-b96c-11e4-a802-0aaa78deedf9.fbx
c9c64840-b96c-11e4-a802-0aaa78deedf9,Jumping,Male Jumping Down From 4 Feet,Motion,download/c9c64840-b96c-11e4-a802-0aaa78deedf9.fbx
c9c5fba3-b96c-11e4-a802-0aaa78deedf9,Kicking,Roundhouse Kick With The Rear Foot,Motion,download/c9c5fba3-b96c-11e4-a802-0aaa78deedf9.fbx
c9caf951-b96c-11e4-a802-0aaa78deedf9,Big Rib Hit,Receiving A Big Hit In The Ribs,Motion,download/c9caf951-b96c-11e4-a802-0aaa78deedf9.fbx
c9caace6-b96c-11e4-a802-0aaa78deedf9,Big Jump,Big Jump To Roll,Motion,download/c9caace6-b96c-11e4-a802-0aaa78deedf9.fbx
c9c9e8d6-b96c-11e4-a802-0aaa78deedf9,Tender Placement,Being Tenderly Placed On A Bed,Motion,download/c9c9e8d6-b96c-11e4-a802-0aaa78deedf9.fbx
c9c9ee12-b96c-11e4-a802-0aaa78deedf9,180 Turn W/ Briefcase,Male 180 Turn With Briefcase,Motion,download/c9c9ee12-b96c-11e4-a802-0aaa78deedf9.fbx
c9c9318a-b96c-11e4-a802-0aaa78deedf9,Roll Left,Rolling Left While Aiming Rifle Game Blend,Motion,download/c9c9318a-b96c-11e4-a802-0aaa78deedf9.fbx
c9c90758-b96c-11e4-a802-0aaa78deedf9,Climbing,Starting To Climb Onto A Box Or Short Fence,Motion,download/c9c90758-b96c-11e4-a802-0aaa78deedf9.fbx
c9c93fe1-b96c-11e4-a802-0aaa78deedf9,Mutant Right Turn 45,Mutant 45 Degree Right Turn From Idle,Motion,download/c9c93fe1-b96c-11e4-a802-0aaa78deedf9.fbx
c9c96eae-b96c-11e4-a802-0aaa78deedf9,Left Turn,Standing 180 Left Turn,Motion,download/c9c96eae-b96c-11e4-a802-0aaa78deedf9.fbx
c9c81565-b96c-11e4-a802-0aaa78deedf9,Shooting Pistol,Shooting A Pistol From Behind Cover,Motion,download/c9c81565-b96c-11e4-a802-0aaa78deedf9.fbx
c9c804f0-b96c-11e4-a802-0aaa78deedf9,Stand,Standing From Crouched Hands On Ground,Motion,download/c9c804f0-b96c-11e4-a802-0aaa78deedf9.fbx
c9c7773e-b96c-11e4-a802-0aaa78deedf9,Entry,Entering From Ring Corner,Motion,download/c9c7773e-b96c-11e4-a802-0aaa78deedf9.fbx
c9c78858-b96c-11e4-a802-0aaa78deedf9,Golf Drive,Long Distance Golf Drive,Motion,download/c9c78858-b96c-11e4-a802-0aaa78deedf9.fbx
c9c723ad-b96c-11e4-a802-0aaa78deedf9,Rallying,Rallying The Crowd To Make Them Cheer,Motion,download/c9c723ad-b96c-11e4-a802-0aaa78deedf9.fbx
c9c87961-b96c-11e4-a802-0aaa78deedf9,Crawl Forward,Crawling Forward,Motion,download/c9c87961-b96c-11e4-a802-0aaa78deedf9.fbx
c9c89ed9-b96c-11e4-a802-0aaa78deedf9,Hit Reaction,Receive Punch To The Body,Motion,download/c9c89ed9-b96c-11e4-a802-0aaa78deedf9.fbx
c9c89d61-b96c-11e4-a802-0aaa78deedf9,Strafe Right,Start Strafe Walk Right,Motion,download/c9c89d61-b96c-11e4-a802-0aaa78deedf9.fbx
c9c89472-b96c-11e4-a802-0aaa78deedf9,Run Backwards,Crouch To Run Backwards,Motion,download/c9c89472-b96c-11e4-a802-0aaa78deedf9.fbx
c9cb8d02-b96c-11e4-a802-0aaa78deedf9,Cheering While Sitting,Cheering While Sitting And Talking To Neighbor,Motion,download/c9cb8d02-b96c-11e4-a802-0aaa78deedf9.fbx
c9cc3593-b96c-11e4-a802-0aaa78deedf9,Breakdance Footwork To Freeze,Breakdance Ground Footwork To Crossleg Freeze,Motion,download/c9cc3593-b96c-11e4-a802-0aaa78deedf9.fbx
c9cb3360-b96c-11e4-a802-0aaa78deedf9,Bicep Curl,Bicep Curl Workout,Motion,download/c9cb3360-b96c-11e4-a802-0aaa78deedf9.fbx
c9cb6e4c-b96c-11e4-a802-0aaa78deedf9,Cheering While Sitting,Cheering While Sitting With High Enthusiasm,Motion,download/c9cb6e4c-b96c-11e4-a802-0aaa78deedf9.fbx
c9cc679e-b96c-11e4-a802-0aaa78deedf9,Sword And Shield Kick,Sword And Shield Sparta Kick,Motion,download/c9cc679e-b96c-11e4-a802-0aaa78deedf9.fbx
c9cc6225-b96c-11e4-a802-0aaa78deedf9,Sword And Shield Crouching,Sword And Shield Unblocked Impact,Motion,download/c9cc6225-b96c-11e4-a802-0aaa78deedf9.fbx
c9cbdd1a-b96c-11e4-a802-0aaa78deedf9,Baseball Pitching,Pitching A Baseball,Motion,download/c9cbdd1a-b96c-11e4-a802-0aaa78deedf9.fbx
c9cb779d-b96c-11e4-a802-0aaa78deedf9,Sitting Yell,Yelling While Sitting Back,Motion,download/c9cb779d-b96c-11e4-a802-0aaa78deedf9.fbx
c9ca6f2d-b96c-11e4-a802-0aaa78deedf9,Golf Putt Victory,Post-Putting Victory Gesture Var 2,Motion,download/c9ca6f2d-b96c-11e4-a802-0aaa78deedf9.fbx
c9cad586-b96c-11e4-a802-0aaa78deedf9,End Plank,End Plank To Fitness Idle,Motion,download/c9cad586-b96c-11e4-a802-0aaa78deedf9.fbx
c9cacaed-b96c-11e4-a802-0aaa78deedf9,Getting Thrown,Being Thrown To The Side,Motion,download/c9cacaed-b96c-11e4-a802-0aaa78deedf9.fbx
c9caa3e7-b96c-11e4-a802-0aaa78deedf9,Idle,Standing Cover Against Object,Motion,download/c9caa3e7-b96c-11e4-a802-0aaa78deedf9.fbx
c9c9a1ed-b96c-11e4-a802-0aaa78deedf9,Right Turn,Standing Right Turn,Motion,download/c9c9a1ed-b96c-11e4-a802-0aaa78deedf9.fbx
c9ce9dc5-b96c-11e4-a802-0aaa78deedf9,Walk Crouching Left,Rifle Crouched Walk Left,Motion,download/c9ce9dc5-b96c-11e4-a802-0aaa78deedf9.fbx
c9ce58e5-b96c-11e4-a802-0aaa78deedf9,Drunk Idle,Drunken Basic Idle,Motion,download/c9ce58e5-b96c-11e4-a802-0aaa78deedf9.fbx
c9ce7005-b96c-11e4-a802-0aaa78deedf9,Laying Mild Cough,Laying Coughing Mildly,Motion,download/c9ce7005-b96c-11e4-a802-0aaa78deedf9.fbx
c9ce9493-b96c-11e4-a802-0aaa78deedf9,Sprint Backward Right,Rifle Sprint Backward Right,Motion,download/c9ce9493-b96c-11e4-a802-0aaa78deedf9.fbx
c9ce6749-b96c-11e4-a802-0aaa78deedf9,Stroke Nodding,Stroke Victim Laying Nodding,Motion,download/c9ce6749-b96c-11e4-a802-0aaa78deedf9.fbx
c9cd985f-b96c-11e4-a802-0aaa78deedf9,Defeat Idle,Aj Defeat Idle,Motion,download/c9cd985f-b96c-11e4-a802-0aaa78deedf9.fbx
c9cea76f-b96c-11e4-a802-0aaa78deedf9,Death From Front Headshot,Rifle Death From Front Headshot,Motion,download/c9cea76f-b96c-11e4-a802-0aaa78deedf9.fbx
c9cebfb0-b96c-11e4-a802-0aaa78deedf9,Standing Run Back,Running Backwards With Bow,Motion,download/c9cebfb0-b96c-11e4-a802-0aaa78deedf9.fbx
c9cd847a-b96c-11e4-a802-0aaa78deedf9,Hit On Side Of Head,Getting Hit On The Right Side Of The Head With An Object When Running,Motion,download/c9cd847a-b96c-11e4-a802-0aaa78deedf9.fbx
c9ccdca0-b96c-11e4-a802-0aaa78deedf9,Walk Backward,Walking Backward In A Sad Disposition,Motion,download/c9ccdca0-b96c-11e4-a802-0aaa78deedf9.fbx
c9cd47f8-b96c-11e4-a802-0aaa78deedf9,Ymca Dance,Doing The Ymca Dance,Motion,download/c9cd47f8-b96c-11e4-a802-0aaa78deedf9.fbx
c9cd6196-b96c-11e4-a802-0aaa78deedf9,Rifle Kneel To Prone,Rifle Kneeling To Prone,Motion,download/c9cd6196-b96c-11e4-a802-0aaa78deedf9.fbx
c9cd0b1e-b96c-11e4-a802-0aaa78deedf9,Release Hostage - Villain,Armed Villain Releasing Hostage,Motion,download/c9cd0b1e-b96c-11e4-a802-0aaa78deedf9.fbx
c9ccc3a9-b96c-11e4-a802-0aaa78deedf9,Walking Left Turn,Turning Left While Walking,Motion,download/c9ccc3a9-b96c-11e4-a802-0aaa78deedf9.fbx
c9cc8232-b96c-11e4-a802-0aaa78deedf9,Great Sword Blocking,Great Sword Block To Standing,Motion,download/c9cc8232-b96c-11e4-a802-0aaa78deedf9.fbx
c9cc7cd9-b96c-11e4-a802-0aaa78deedf9,Great Sword Jump,Great Sword Jump,Motion,download/c9cc7cd9-b96c-11e4-a802-0aaa78deedf9.fbx
7f89db68-fb6f-4771-9b58-9c0e56fd1c30,Male Sitting Pose,"Legs Crossed, Holding Object",Motion,download/7f89db68-fb6f-4771-9b58-9c0e56fd1c30.fbx
f501b173-92d7-40a2-b213-286e3c69173f,Male Laying Pose,"On Left Side, Left Arm Supporting",Motion,download/f501b173-92d7-40a2-b213-286e3c69173f.fbx
df9c4ee9-dd9a-44cb-bcba-446c375a4023,Female Sitting Pose,"Leaning Forward, Elbows On Knees",Motion,download/df9c4ee9-dd9a-44cb-bcba-446c375a4023.fbx
bddb482f-e379-4240-bf42-f6f9222c0a64,Catwalk Twist R To Twist L,Male Twist Right Idle To Twist Left Idle,Motion,download/bddb482f-e379-4240-bf42-f6f9222c0a64.fbx
a3d120fd-c26a-46c7-a4a0-59c1c5d8157c,Standing 1H Magic Attack 01,One Handed Casting Spell Fowards,Motion,download/a3d120fd-c26a-46c7-a4a0-59c1c5d8157c.fbx
b8c87300-fb46-41b5-b4b0-27aff06137a4,Standing Death Right 01,Death Reaction Falling Right With Bow,Motion,download/b8c87300-fb46-41b5-b4b0-27aff06137a4.fbx
b65b2918-821e-47e9-ba22-c1428f679600,Fall B Loop,Fall B Idle With Bow,Motion,download/b65b2918-821e-47e9-ba22-c1428f679600.fbx
c9cdb1c3-b96c-11e4-a802-0aaa78deedf9,Dual Weapon Combo,Dual Weapon Combo Attack,Motion,download/c9cdb1c3-b96c-11e4-a802-0aaa78deedf9.fbx
c9ced4df-b96c-11e4-a802-0aaa78deedf9,Standing Melee Attack 360 High,Left To Right Spin Attack With Axe,Motion,download/c9ced4df-b96c-11e4-a802-0aaa78deedf9.fbx
c9ce8617-b96c-11e4-a802-0aaa78deedf9,Quick Steps,Sideways Jumps,Motion,download/c9ce8617-b96c-11e4-a802-0aaa78deedf9.fbx
c9ce9302-b96c-11e4-a802-0aaa78deedf9,Sprint Left,Rifle Sprint Left,Motion,download/c9ce9302-b96c-11e4-a802-0aaa78deedf9.fbx
c9ce7545-b96c-11e4-a802-0aaa78deedf9,Iv Pole Walking,Walking With An Iv Pole,Motion,download/c9ce7545-b96c-11e4-a802-0aaa78deedf9.fbx
c9c74506-b96c-11e4-a802-0aaa78deedf9,Slide Hip Hop Walk,Slide Hip Hop Walk,Motion,download/c9c74506-b96c-11e4-a802-0aaa78deedf9.fbx
c9c786dc-b96c-11e4-a802-0aaa78deedf9,Piano Playing,Playing A Run On A Piano,Motion,download/c9c786dc-b96c-11e4-a802-0aaa78deedf9.fbx
c9c6ac49-b96c-11e4-a802-0aaa78deedf9,Put Back Rifle,Ready Pose To Standing Putting Back The Rifle To The Side,Motion,download/c9c6ac49-b96c-11e4-a802-0aaa78deedf9.fbx
c9c6d0d5-b96c-11e4-a802-0aaa78deedf9,Breathing Idle,Breathing Idle,Motion,download/c9c6d0d5-b96c-11e4-a802-0aaa78deedf9.fbx
c9c63ce7-b96c-11e4-a802-0aaa78deedf9,Fighting Idle,Male Fight Idle Boxing Stance,Motion,download/c9c63ce7-b96c-11e4-a802-0aaa78deedf9.fbx
c9c68c4c-b96c-11e4-a802-0aaa78deedf9,Female Start Walking,Female Start Walking,Motion,download/c9c68c4c-b96c-11e4-a802-0aaa78deedf9.fbx
c9c668a5-b96c-11e4-a802-0aaa78deedf9,Jumping,Male Jumping Down From 4ft With A Rifle,Motion,download/c9c668a5-b96c-11e4-a802-0aaa78deedf9.fbx
c9c68115-b96c-11e4-a802-0aaa78deedf9,Zombie Punching,Zombie Attack With Right Hand,Motion,download/c9c68115-b96c-11e4-a802-0aaa78deedf9.fbx
c9c61776-b96c-11e4-a802-0aaa78deedf9,Walking,Creeping Zombie Walk,Motion,download/c9c61776-b96c-11e4-a802-0aaa78deedf9.fbx
b44b1c44-60b8-4021-ba68-3b5e62a43887,Catwalk Walk Forward 03,Male Walk Forward 03,Motion,download/b44b1c44-60b8-4021-ba68-3b5e62a43887.fbx
3a2c5c31-fe8a-4eb1-98c7-ad6cbb95b547,Standing 2H Magic Area Attack 01,Two Handed Casting Spell Towards Ground,Motion,download/3a2c5c31-fe8a-4eb1-98c7-ad6cbb95b547.fbx
57ba7803-a02d-4e6f-8c65-16c23e0e06b3,Catwalk Twist R To Twist L,Female Twist Right Idle To Twist Left Idle,Motion,download/57ba7803-a02d-4e6f-8c65-16c23e0e06b3.fbx
c9c667ea-b96c-11e4-a802-0aaa78deedf9,Jumping,Male Jumping Down From 4ft And Crouching On One Hand,Motion,download/c9c667ea-b96c-11e4-a802-0aaa78deedf9.fbx
c9c6e81b-b96c-11e4-a802-0aaa78deedf9,Samba Dancing,Samba Dance Olodum Variation Two,Motion,download/c9c6e81b-b96c-11e4-a802-0aaa78deedf9.fbx
c9c70b4b-b96c-11e4-a802-0aaa78deedf9,Boxing,Boxing Back Hand Hook,Motion,download/c9c70b4b-b96c-11e4-a802-0aaa78deedf9.fbx
c9c6e3a5-b96c-11e4-a802-0aaa78deedf9,Hip Hop Dancing,Hip Hop Dancing Shimmy,Motion,download/c9c6e3a5-b96c-11e4-a802-0aaa78deedf9.fbx
c9c6dc32-b96c-11e4-a802-0aaa78deedf9,Standing Up,Standing Up From Lying On Stomach,Motion,download/c9c6dc32-b96c-11e4-a802-0aaa78deedf9.fbx
c9c6f791-b96c-11e4-a802-0aaa78deedf9,Bellydancing,Bellydance Variation 2,Motion,download/c9c6f791-b96c-11e4-a802-0aaa78deedf9.fbx
c9c6d18f-b96c-11e4-a802-0aaa78deedf9,Dribble,Dribbling Basketball With Right Arm,Motion,download/c9c6d18f-b96c-11e4-a802-0aaa78deedf9.fbx
c9c68eaa-b96c-11e4-a802-0aaa78deedf9,Female Tough Walk,Female Walk Like A Cowgirl - 1 Stride Loop,Motion,download/c9c68eaa-b96c-11e4-a802-0aaa78deedf9.fbx
c9c627b2-b96c-11e4-a802-0aaa78deedf9,Jumping,Eagle Jump,Motion,download/c9c627b2-b96c-11e4-a802-0aaa78deedf9.fbx
c9c60126-b96c-11e4-a802-0aaa78deedf9,Strafe,Left Male Strafe,Motion,download/c9c60126-b96c-11e4-a802-0aaa78deedf9.fbx
c9c61df2-b96c-11e4-a802-0aaa78deedf9,Stabbing,Male Knife Stab With The Rear Hand And Reverse Grip,Motion,download/c9c61df2-b96c-11e4-a802-0aaa78deedf9.fbx
c9c5fab8-b96c-11e4-a802-0aaa78deedf9,Punching,Hook Punch With The Rear Hand,Motion,download/c9c5fab8-b96c-11e4-a802-0aaa78deedf9.fbx
c9c607e0-b96c-11e4-a802-0aaa78deedf9,Walking,Male Drunk Walk - Two Cycle Loop,Motion,download/c9c607e0-b96c-11e4-a802-0aaa78deedf9.fbx
c9c64773-b96c-11e4-a802-0aaa78deedf9,Walking Up The Stairs,Male Walk Up The Stairs,Motion,download/c9c64773-b96c-11e4-a802-0aaa78deedf9.fbx
c9c889b1-b96c-11e4-a802-0aaa78deedf9,Grenade Throw,Throwing A Grenade While Walking,Motion,download/c9c889b1-b96c-11e4-a802-0aaa78deedf9.fbx
c9c82b61-b96c-11e4-a802-0aaa78deedf9,Waking,Waking Up While Sitting,Motion,download/c9c82b61-b96c-11e4-a802-0aaa78deedf9.fbx
c9c8469a-b96c-11e4-a802-0aaa78deedf9,Hiding,Crouched Hiding To Ducking,Motion,download/c9c8469a-b96c-11e4-a802-0aaa78deedf9.fbx
c9c7fda5-b96c-11e4-a802-0aaa78deedf9,Walking,Careful Walk,Motion,download/c9c7fda5-b96c-11e4-a802-0aaa78deedf9.fbx
c9c8f012-b96c-11e4-a802-0aaa78deedf9,Left Turn,Turning Left With Rifle,Motion,download/c9c8f012-b96c-11e4-a802-0aaa78deedf9.fbx
c9c89828-b96c-11e4-a802-0aaa78deedf9,Strafing,Start Left Crouch Strafe Walk,Motion,download/c9c89828-b96c-11e4-a802-0aaa78deedf9.fbx
c9c87f4b-b96c-11e4-a802-0aaa78deedf9,Moving Backward In Crawl Position,Moving Backward In Crawl Position With Rifle,Motion,download/c9c87f4b-b96c-11e4-a802-0aaa78deedf9.fbx
c9c871f6-b96c-11e4-a802-0aaa78deedf9,Rifle Death,Dying Reaction While Standing Holding A Rifle,Motion,download/c9c871f6-b96c-11e4-a802-0aaa78deedf9.fbx
c9c89bdf-b96c-11e4-a802-0aaa78deedf9,Receive Punch To The Face,Receive Stomach Uppercut,Motion,download/c9c89bdf-b96c-11e4-a802-0aaa78deedf9.fbx
c9c8bace-b96c-11e4-a802-0aaa78deedf9,Leaning On A Wall,Little Girl Leaning On A Wall Listening To Music,Motion,download/c9c8bace-b96c-11e4-a802-0aaa78deedf9.fbx
c9c802f0-b96c-11e4-a802-0aaa78deedf9,Magic Spell Casting,Casting A Spell With One Hand,Motion,download/c9c802f0-b96c-11e4-a802-0aaa78deedf9.fbx
c9c6fbfe-b96c-11e4-a802-0aaa78deedf9,Finding,Finding Something On The Ground,Motion,download/c9c6fbfe-b96c-11e4-a802-0aaa78deedf9.fbx
c9c73fd8-b96c-11e4-a802-0aaa78deedf9,Salsa Dancing,Male Partner Salsa Variation One,Motion,download/c9c73fd8-b96c-11e4-a802-0aaa78deedf9.fbx
c9c6c471-b96c-11e4-a802-0aaa78deedf9,Scary Clown Stopping,Walking Coming To A Stop From Right Foot Passing,Motion,download/c9c6c471-b96c-11e4-a802-0aaa78deedf9.fbx
c9c6c823-b96c-11e4-a802-0aaa78deedf9,Slash Advance,Slashing Forward With A Bayonet,Motion,download/c9c6c823-b96c-11e4-a802-0aaa78deedf9.fbx
c9cc294c-b96c-11e4-a802-0aaa78deedf9,Football Catch,Jump And Catch With One Hand,Motion,download/c9cc294c-b96c-11e4-a802-0aaa78deedf9.fbx
c9c734bb-b96c-11e4-a802-0aaa78deedf9,Slide Hip Hop Dance,Slide Hip Hop Dance Variation One,Motion,download/c9c734bb-b96c-11e4-a802-0aaa78deedf9.fbx
c9c70c09-b96c-11e4-a802-0aaa78deedf9,Boxing,Boxing Illegal Knee,Motion,download/c9c70c09-b96c-11e4-a802-0aaa78deedf9.fbx
c9c706d2-b96c-11e4-a802-0aaa78deedf9,Taunt,Flexing Muscles,Motion,download/c9c706d2-b96c-11e4-a802-0aaa78deedf9.fbx
c9c6df2e-b96c-11e4-a802-0aaa78deedf9,Dying,Laying On The Ground Dying,Motion,download/c9c6df2e-b96c-11e4-a802-0aaa78deedf9.fbx
c9c7a795-b96c-11e4-a802-0aaa78deedf9,"Shoulder Throw, Aggressor",Throwing Opponent Over The Shoulder With A Leg Hook,Motion,download/c9c7a795-b96c-11e4-a802-0aaa78deedf9.fbx
c9c72bad-b96c-11e4-a802-0aaa78deedf9,Warrior Idle,Warrior Stretching Idle,Motion,download/c9c72bad-b96c-11e4-a802-0aaa78deedf9.fbx
c9c78a8f-b96c-11e4-a802-0aaa78deedf9,Falling From Losing Balance,Losing Balance And Falling Off An Edge,Motion,download/c9c78a8f-b96c-11e4-a802-0aaa78deedf9.fbx
c9c76ac3-b96c-11e4-a802-0aaa78deedf9,Swing Dancing,"Swing Dance Charleston ""Crazy Legs""",Motion,download/c9c76ac3-b96c-11e4-a802-0aaa78deedf9.fbx
c9cd655c-b96c-11e4-a802-0aaa78deedf9,Rifle Crouch Backward Walk,Rifle Walking Backward Crouched,Motion,download/c9cd655c-b96c-11e4-a802-0aaa78deedf9.fbx
c9cd4f94-b96c-11e4-a802-0aaa78deedf9,Rifle Idle,Two Hand Lowered Gun Rifle Idle,Motion,download/c9cd4f94-b96c-11e4-a802-0aaa78deedf9.fbx
c9ccbe7e-b96c-11e4-a802-0aaa78deedf9,Sheath Sword 1,Combat To Sheathing Sword,Motion,download/c9ccbe7e-b96c-11e4-a802-0aaa78deedf9.fbx
c9cc975d-b96c-11e4-a802-0aaa78deedf9,Great Sword Casting,Great Sword Spell Casting,Motion,download/c9cc975d-b96c-11e4-a802-0aaa78deedf9.fbx
c9cc9cf4-b96c-11e4-a802-0aaa78deedf9,Soccer Tackle,Running Fall Over A Soccer Slide Tackle,Motion,download/c9cc9cf4-b96c-11e4-a802-0aaa78deedf9.fbx
c9ce5235-b96c-11e4-a802-0aaa78deedf9,Injured Run Backwards Left Turn,Injured Running Backwards Turning Left,Motion,download/c9ce5235-b96c-11e4-a802-0aaa78deedf9.fbx
c9cdc2f1-b96c-11e4-a802-0aaa78deedf9,Pistol Kneel To Stand,Pistol Kneeling To Standing,Motion,download/c9cdc2f1-b96c-11e4-a802-0aaa78deedf9.fbx
c9ce65c1-b96c-11e4-a802-0aaa78deedf9,Laying Hand Gesture,Laying On A Bed Gesturing With Hand,Motion,download/c9ce65c1-b96c-11e4-a802-0aaa78deedf9.fbx
c9cdb40b-b96c-11e4-a802-0aaa78deedf9,Falling Back Death,Dying Falling Backward,Motion,download/c9cdb40b-b96c-11e4-a802-0aaa78deedf9.fbx
c9cda04a-b96c-11e4-a802-0aaa78deedf9,Plant A Plant,Kneeling Planting A Plant,Motion,download/c9cda04a-b96c-11e4-a802-0aaa78deedf9.fbx
c9cc047b-b96c-11e4-a802-0aaa78deedf9,Sprint To Backslide,Sprint To Backslide,Motion,download/c9cc047b-b96c-11e4-a802-0aaa78deedf9.fbx
c9cb9783-b96c-11e4-a802-0aaa78deedf9,Sitting Idle,Sitting In Chair Hands Resting On Thighs,Motion,download/c9cb9783-b96c-11e4-a802-0aaa78deedf9.fbx
c9cbb367-b96c-11e4-a802-0aaa78deedf9,Ginga Variation 2,Capoeira Step,Motion,download/c9cbb367-b96c-11e4-a802-0aaa78deedf9.fbx
c9ca992c-b96c-11e4-a802-0aaa78deedf9,Flip Kick,Flipping Backwards To Kick,Motion,download/c9ca992c-b96c-11e4-a802-0aaa78deedf9.fbx
c9cab0fc-b96c-11e4-a802-0aaa78deedf9,Flying Shoulder Throw,Lucha Libre Style Aerial Shoulder Throw,Motion,download/c9cab0fc-b96c-11e4-a802-0aaa78deedf9.fbx
c9ca65b8-b96c-11e4-a802-0aaa78deedf9,Golf Putt,Long Putting Shot,Motion,download/c9ca65b8-b96c-11e4-a802-0aaa78deedf9.fbx
c9ca62c6-b96c-11e4-a802-0aaa78deedf9,Golf Putt,Short Putting Shot,Motion,download/c9ca62c6-b96c-11e4-a802-0aaa78deedf9.fbx
c9cc593b-b96c-11e4-a802-0aaa78deedf9,Sword And Shield Impact,Sword And Shield Head Impact,Motion,download/c9cc593b-b96c-11e4-a802-0aaa78deedf9.fbx
c9cc41c3-b96c-11e4-a802-0aaa78deedf9,Breakdance Uprock To Ground,Breakdance Uprock Transition To Ground Moves,Motion,download/c9cc41c3-b96c-11e4-a802-0aaa78deedf9.fbx
c9cba941-b96c-11e4-a802-0aaa78deedf9,Esquiva 3,Capoeira Escape,Motion,download/c9cba941-b96c-11e4-a802-0aaa78deedf9.fbx
c9cb9ec4-b96c-11e4-a802-0aaa78deedf9,Au,Capoeira Cartwheel Move,Motion,download/c9cb9ec4-b96c-11e4-a802-0aaa78deedf9.fbx
c9cbe140-b96c-11e4-a802-0aaa78deedf9,Esquiva 4,Capoeira Escape,Motion,download/c9cbe140-b96c-11e4-a802-0aaa78deedf9.fbx
c9cdab3c-b96c-11e4-a802-0aaa78deedf9,Wheelbarrow Dump,Dumping A Wheelbarrow,Motion,download/c9cdab3c-b96c-11e4-a802-0aaa78deedf9.fbx
c9cd7fd4-b96c-11e4-a802-0aaa78deedf9,Jog Backward Diagonal,Soccer Jog Diagonal Backward Left,Motion,download/c9cd7fd4-b96c-11e4-a802-0aaa78deedf9.fbx
c9cd8541-b96c-11e4-a802-0aaa78deedf9,Hit On Side Of Head,Getting Hit On The Left Side Of The Head With An Object When Running,Motion,download/c9cd8541-b96c-11e4-a802-0aaa78deedf9.fbx
c9cd3c2a-b96c-11e4-a802-0aaa78deedf9,Baseball Idle,Baseball Batter At Bat Idle,Motion,download/c9cd3c2a-b96c-11e4-a802-0aaa78deedf9.fbx
c9cd4b22-b96c-11e4-a802-0aaa78deedf9,Can Can,Doing The Can Can,Motion,download/c9cd4b22-b96c-11e4-a802-0aaa78deedf9.fbx
c9cd1f33-b96c-11e4-a802-0aaa78deedf9,Running Backward Arc,Female Ninja Run Backward Arc Left,Motion,download/c9cd1f33-b96c-11e4-a802-0aaa78deedf9.fbx
c9cd10ca-b96c-11e4-a802-0aaa78deedf9,Dwarf Walk,Female Dwarf Walk Forward,Motion,download/c9cd10ca-b96c-11e4-a802-0aaa78deedf9.fbx
c9cd0691-b96c-11e4-a802-0aaa78deedf9,Double Leg Takedown - Victim,Mma Takedown To Standing Mma Idle,Motion,download/c9cd0691-b96c-11e4-a802-0aaa78deedf9.fbx
c9cccdb4-b96c-11e4-a802-0aaa78deedf9,Sad Idle,Sad Idle Variation 1,Motion,download/c9cccdb4-b96c-11e4-a802-0aaa78deedf9.fbx
c9cc7c0e-b96c-11e4-a802-0aaa78deedf9,Great Sword Jump,Great Sword Running Jump,Motion,download/c9cc7c0e-b96c-11e4-a802-0aaa78deedf9.fbx
c9cbc81c-b96c-11e4-a802-0aaa78deedf9,Meia Lua De Frente,Capoeira Front Kick,Motion,download/c9cbc81c-b96c-11e4-a802-0aaa78deedf9.fbx
c9cb6846-b96c-11e4-a802-0aaa78deedf9,Standing Clap,Standing Wide Clap From Sitting,Motion,download/c9cb6846-b96c-11e4-a802-0aaa78deedf9.fbx
c9cc852c-b96c-11e4-a802-0aaa78deedf9,Great Sword Crouching,Great Sword Stand To Crouch,Motion,download/c9cc852c-b96c-11e4-a802-0aaa78deedf9.fbx
c9cc946d-b96c-11e4-a802-0aaa78deedf9,Great Sword Idle,Great Sword Look Around Idle,Motion,download/c9cc946d-b96c-11e4-a802-0aaa78deedf9.fbx
c9cc8a56-b96c-11e4-a802-0aaa78deedf9,Great Sword Impact,Great Sword Crouching Blocked Impact,Motion,download/c9cc8a56-b96c-11e4-a802-0aaa78deedf9.fbx
c9cbd192-b96c-11e4-a802-0aaa78deedf9,Queshada 2,Capoeira Side Step Front Kick,Motion,download/c9cbd192-b96c-11e4-a802-0aaa78deedf9.fbx
c9cc4d87-b96c-11e4-a802-0aaa78deedf9,Sword And Shield Strafe,Sword And Shield Right Run Strafe,Motion,download/c9cc4d87-b96c-11e4-a802-0aaa78deedf9.fbx
c9ccb57f-b96c-11e4-a802-0aaa78deedf9,Getting Smashed,Getting Smashed By A Large Object,Motion,download/c9ccb57f-b96c-11e4-a802-0aaa78deedf9.fbx
c9cbc269-b96c-11e4-a802-0aaa78deedf9,Meia Lua De Compasso Back,Capoeira Retreating Spin Kick,Motion,download/c9cbc269-b96c-11e4-a802-0aaa78deedf9.fbx
c9cb8e7b-b96c-11e4-a802-0aaa78deedf9,Sitting Disbelief,Sitting In Disbelief With Head Back,Motion,download/c9cb8e7b-b96c-11e4-a802-0aaa78deedf9.fbx
c9cb72cc-b96c-11e4-a802-0aaa78deedf9,Fist Pump,Big Standing Fist Pump From Sitting,Motion,download/c9cb72cc-b96c-11e4-a802-0aaa78deedf9.fbx
040356e9-129b-454c-ae6b-3a27f83804f8,Female Locomotion Pose,Sprinting,Motion,download/040356e9-129b-454c-ae6b-3a27f83804f8.fbx
6141db9f-01ac-4038-a0df-8f8f7f23311a,Female Crouch Pose,Examine Backwards,Motion,download/6141db9f-01ac-4038-a0df-8f8f7f23311a.fbx
c0ea475f-ca07-4dce-878b-aed9e7b63796,Standing Torch Walk Forward Stop Edge,Walking Forward To Stopping At Edge,Motion,download/c0ea475f-ca07-4dce-878b-aed9e7b63796.fbx
bd3b5ef2-b166-45b6-a552-97e3afbe9539,Standing Death Left 02,Death Reaction Falling Left With Bow,Motion,download/bd3b5ef2-b166-45b6-a552-97e3afbe9539.fbx
0ac7eaa4-5a83-46db-af31-0fb2c55c1c90,Unarmed Grab Torch From Floor,Picking Up Torch From The Ground,Motion,download/0ac7eaa4-5a83-46db-af31-0fb2c55c1c90.fbx
829cc0ef-488c-422a-8b1b-2f836ed60811,Male Action Pose,Jab With Right Hand,Motion,download/829cc0ef-488c-422a-8b1b-2f836ed60811.fbx
c9ceafbf-b96c-11e4-a802-0aaa78deedf9,Standing Dive Forward,Diving Forwards With Bow,Motion,download/c9ceafbf-b96c-11e4-a802-0aaa78deedf9.fbx
c9cec463-b96c-11e4-a802-0aaa78deedf9,Standing Turn 90 Right,Turning 90 Degrees Right With Bow,Motion,download/c9cec463-b96c-11e4-a802-0aaa78deedf9.fbx
c9ce855b-b96c-11e4-a802-0aaa78deedf9,Pike Walk,Pike Walk,Motion,download/c9ce855b-b96c-11e4-a802-0aaa78deedf9.fbx
c9ce6f23-b96c-11e4-a802-0aaa78deedf9,Picking At Shirt,Laying Picking At Shirt,Motion,download/c9ce6f23-b96c-11e4-a802-0aaa78deedf9.fbx
c9ce56a7-b96c-11e4-a802-0aaa78deedf9,Injured Turn Left,Injured Standing Turning Left,Motion,download/c9ce56a7-b96c-11e4-a802-0aaa78deedf9.fbx
c9ced1a8-b96c-11e4-a802-0aaa78deedf9,Standing Idle Looking Ver. 2,Looking Around With Axe,Motion,download/c9ced1a8-b96c-11e4-a802-0aaa78deedf9.fbx
c9ceb55c-b96c-11e4-a802-0aaa78deedf9,Fall A Loop,Fall A Idle With Bow,Motion,download/c9ceb55c-b96c-11e4-a802-0aaa78deedf9.fbx
c9ce8927-b96c-11e4-a802-0aaa78deedf9,Idle,Rifle Standing Idle,Motion,download/c9ce8927-b96c-11e4-a802-0aaa78deedf9.fbx
c9cedf83-b96c-11e4-a802-0aaa78deedf9,Standing Run Back,Running Backwards With Axe,Motion,download/c9cedf83-b96c-11e4-a802-0aaa78deedf9.fbx
c9ce4db0-b96c-11e4-a802-0aaa78deedf9,Injured Backwards Turn Left,Injured Walking Backwards Left Turn,Motion,download/c9ce4db0-b96c-11e4-a802-0aaa78deedf9.fbx
c9cdbfdd-b96c-11e4-a802-0aaa78deedf9,Pistol Run Backward Arc,Run Backward Arc Left With An Aimed Pistol,Motion,download/c9cdbfdd-b96c-11e4-a802-0aaa78deedf9.fbx
c9cdb661-b96c-11e4-a802-0aaa78deedf9,Pistol Jump,Standing Jump With Aimed Pistol,Motion,download/c9cdb661-b96c-11e4-a802-0aaa78deedf9.fbx
c9cdc3cc-b96c-11e4-a802-0aaa78deedf9,Pistol Walk Backward Arc,Walk Backward Arc Left With An Aimed Pistol,Motion,download/c9cdc3cc-b96c-11e4-a802-0aaa78deedf9.fbx
c9cd9b85-b96c-11e4-a802-0aaa78deedf9,Whatever Gesture,Aj Whatever Gesture,Motion,download/c9cd9b85-b96c-11e4-a802-0aaa78deedf9.fbx
c9cd6f3d-b96c-11e4-a802-0aaa78deedf9,Rifle Crouch Walk To Idle,Rifle Crouch Walking To Idle,Motion,download/c9cd6f3d-b96c-11e4-a802-0aaa78deedf9.fbx
c9cd74a2-b96c-11e4-a802-0aaa78deedf9,Rifle Hit To Back,Rifle Getting Hit To Ground,Motion,download/c9cd74a2-b96c-11e4-a802-0aaa78deedf9.fbx
c9c95b2f-b96c-11e4-a802-0aaa78deedf9,Receiving Cpr,Receiving Cpr On The Ground,Motion,download/c9c95b2f-b96c-11e4-a802-0aaa78deedf9.fbx
c9c951e5-b96c-11e4-a802-0aaa78deedf9,Single Step Right,Single Step To The Right While Aiming Rifle,Motion,download/c9c951e5-b96c-11e4-a802-0aaa78deedf9.fbx
c9c83fe2-b96c-11e4-a802-0aaa78deedf9,Being Carried,Being Carried By Someone To A Stop,Motion,download/c9c83fe2-b96c-11e4-a802-0aaa78deedf9.fbx
c9c8a1be-b96c-11e4-a802-0aaa78deedf9,Reload,Run While Reloading Rifle,Motion,download/c9c8a1be-b96c-11e4-a802-0aaa78deedf9.fbx
c9c88fe6-b96c-11e4-a802-0aaa78deedf9,Strafing,Start Left Crouch Strafe Run,Motion,download/c9c88fe6-b96c-11e4-a802-0aaa78deedf9.fbx
c9c90a7c-b96c-11e4-a802-0aaa78deedf9,Hands Forward Gesture,Two Handed Forward Gesture,Motion,download/c9c90a7c-b96c-11e4-a802-0aaa78deedf9.fbx
c9c8d8a2-b96c-11e4-a802-0aaa78deedf9,Knocked Unconscious,Pilot Flying Helicopter Getting Knocked Unconscious,Motion,download/c9c8d8a2-b96c-11e4-a802-0aaa78deedf9.fbx
c9c8fe6e-b96c-11e4-a802-0aaa78deedf9,Stumble Backwards,Slip And Fall Backwards,Motion,download/c9c8fe6e-b96c-11e4-a802-0aaa78deedf9.fbx
c9c90fbc-b96c-11e4-a802-0aaa78deedf9,Annoyed Head Shake,Shaking Head No Annoyed,Motion,download/c9c90fbc-b96c-11e4-a802-0aaa78deedf9.fbx
c9c769f9-b96c-11e4-a802-0aaa78deedf9,Salsa Dancing,Salsa Dancing Twirl And Clap,Motion,download/c9c769f9-b96c-11e4-a802-0aaa78deedf9.fbx
c9c731b3-b96c-11e4-a802-0aaa78deedf9,Samba Dancing,Female Samba Ijexa Break,Motion,download/c9c731b3-b96c-11e4-a802-0aaa78deedf9.fbx
c9c7fab0-b96c-11e4-a802-0aaa78deedf9,Jumping,Jump Up,Motion,download/c9c7fab0-b96c-11e4-a802-0aaa78deedf9.fbx
c9c7f118-b96c-11e4-a802-0aaa78deedf9,Punch To Elbow Combo,Vertical Elbow And Solar Plexus Strike,Motion,download/c9c7f118-b96c-11e4-a802-0aaa78deedf9.fbx
c9c7911a-b96c-11e4-a802-0aaa78deedf9,Sitting,Sitting Down Arms Outside Armrests,Motion,download/c9c7911a-b96c-11e4-a802-0aaa78deedf9.fbx
c9c86d8e-b96c-11e4-a802-0aaa78deedf9,Jump Backward,Jumping While Running And Holding A Rifle,Motion,download/c9c86d8e-b96c-11e4-a802-0aaa78deedf9.fbx
c9c818ab-b96c-11e4-a802-0aaa78deedf9,T-Pose,Standard T-Pose,Motion,download/c9c818ab-b96c-11e4-a802-0aaa78deedf9.fbx
c9c74096-b96c-11e4-a802-0aaa78deedf9,Samba Dancing,Female Fast Samba Enredo Variation Two,Motion,download/c9c74096-b96c-11e4-a802-0aaa78deedf9.fbx
c9c76614-b96c-11e4-a802-0aaa78deedf9,Salsa Dancing,Salsa Dancing Up And Back,Motion,download/c9c76614-b96c-11e4-a802-0aaa78deedf9.fbx
c9c76b83-b96c-11e4-a802-0aaa78deedf9,Bboy Hip Hop Move,Variation Two,Motion,download/c9c76b83-b96c-11e4-a802-0aaa78deedf9.fbx
c9c79a29-b96c-11e4-a802-0aaa78deedf9,Skateboarding,Skateboarding Idle,Motion,download/c9c79a29-b96c-11e4-a802-0aaa78deedf9.fbx
c9c77607-b96c-11e4-a802-0aaa78deedf9,Tripping,Tripping Forward While Walking,Motion,download/c9c77607-b96c-11e4-a802-0aaa78deedf9.fbx
9eef290f-575a-4f68-9213-6dac280ab90e,Standing Torch Inspect Upward,Inspecting Upwards With Torch,Motion,download/9eef290f-575a-4f68-9213-6dac280ab90e.fbx
469ad0f4-2f7f-47a1-b12c-203ca355a7f5,Standing Jump Running To Run Forward,Running Jump To Run Forward,Motion,download/469ad0f4-2f7f-47a1-b12c-203ca355a7f5.fbx
c9cea5e9-b96c-11e4-a802-0aaa78deedf9,Jump Loop,Rifle Jump Idle,Motion,download/c9cea5e9-b96c-11e4-a802-0aaa78deedf9.fbx
c9ced897-b96c-11e4-a802-0aaa78deedf9,Standing Melee Attack Kick Ver. 2,Kick With Right Foot Holding Axe,Motion,download/c9ced897-b96c-11e4-a802-0aaa78deedf9.fbx
c9cebe15-b96c-11e4-a802-0aaa78deedf9,Standing React Small From Front,Hit Reaction From The Front With Bow,Motion,download/c9cebe15-b96c-11e4-a802-0aaa78deedf9.fbx
b069293e-a683-4675-92b5-b50dc30f8c2a,Catwalk Walk Turn 180 Wide,Female Walk Forward In A Wide Turn To The Right,Motion,download/b069293e-a683-4675-92b5-b50dc30f8c2a.fbx
0aa23f2b-23b1-498b-b6b2-cd306c02f83c,Catwalk Idle Twist L,Female Twist Left Idle,Motion,download/0aa23f2b-23b1-498b-b6b2-cd306c02f83c.fbx
c9ce7243-b96c-11e4-a802-0aaa78deedf9,Laying Vomiting,Laying Vomiting Into A Bag,Motion,download/c9ce7243-b96c-11e4-a802-0aaa78deedf9.fbx
c9ce8c37-b96c-11e4-a802-0aaa78deedf9,Run Left,Rifle Run Left,Motion,download/c9ce8c37-b96c-11e4-a802-0aaa78deedf9.fbx
c9cca996-b96c-11e4-a802-0aaa78deedf9,Descending Stairs,Running Down A Set Of Stairs,Motion,download/c9cca996-b96c-11e4-a802-0aaa78deedf9.fbx
c9ced0df-b96c-11e4-a802-0aaa78deedf9,Standing Idle Looking Ver. 1,Looking Around With Axe,Motion,download/c9ced0df-b96c-11e4-a802-0aaa78deedf9.fbx
c9ceed14-b96c-11e4-a802-0aaa78deedf9,Unarmed Jump Running,Running Jump And Landing,Motion,download/c9ceed14-b96c-11e4-a802-0aaa78deedf9.fbx
c9cd044a-b96c-11e4-a802-0aaa78deedf9,Sneak Walk,Female Ninja Sneak Walk,Motion,download/c9cd044a-b96c-11e4-a802-0aaa78deedf9.fbx
c9ccf510-b96c-11e4-a802-0aaa78deedf9,Happy Right Turn,Turning Right,Motion,download/c9ccf510-b96c-11e4-a802-0aaa78deedf9.fbx
c9cd9c47-b96c-11e4-a802-0aaa78deedf9,Kneeling Idle,Kneeling Idle,Motion,download/c9cd9c47-b96c-11e4-a802-0aaa78deedf9.fbx
c9cd7246-b96c-11e4-a802-0aaa78deedf9,Rifle Shielding Face,Rifle Shielding Face From Debris,Motion,download/c9cd7246-b96c-11e4-a802-0aaa78deedf9.fbx
c9cd79d4-b96c-11e4-a802-0aaa78deedf9,Rifle Kneel Idle,Rifle Kneeling Idle,Motion,download/c9cd79d4-b96c-11e4-a802-0aaa78deedf9.fbx
c9cd75ce-b96c-11e4-a802-0aaa78deedf9,Rifle Rubbing Eyes,Rifle Rubbing Debris From Eyes,Motion,download/c9cd75ce-b96c-11e4-a802-0aaa78deedf9.fbx
c9cd96d4-b96c-11e4-a802-0aaa78deedf9,Weight Shift Gesture,Big Vegas Weight Shift Gesturing,Motion,download/c9cd96d4-b96c-11e4-a802-0aaa78deedf9.fbx
c9c9e81d-b96c-11e4-a802-0aaa78deedf9,Golf Drive,Golf Swing Drive Shot,Motion,download/c9c9e81d-b96c-11e4-a802-0aaa78deedf9.fbx
c9cb0034-b96c-11e4-a802-0aaa78deedf9,Hit To Body,Receiving A Body Hit By A Straight Punch,Motion,download/c9cb0034-b96c-11e4-a802-0aaa78deedf9.fbx
c9caec94-b96c-11e4-a802-0aaa78deedf9,Jab Cross,Short Jab Cross,Motion,download/c9caec94-b96c-11e4-a802-0aaa78deedf9.fbx
c9c9d262-b96c-11e4-a802-0aaa78deedf9,Golf Chip,Golf Swing Chip Shot,Motion,download/c9c9d262-b96c-11e4-a802-0aaa78deedf9.fbx
c9cb6d8d-b96c-11e4-a802-0aaa78deedf9,Cheering While Sitting,Cheering While Sitting With Low Enthusiasm,Motion,download/c9cb6d8d-b96c-11e4-a802-0aaa78deedf9.fbx
c9cb329c-b96c-11e4-a802-0aaa78deedf9,Kettlebell Swing,End Russian Kettlebell Swing To Fitness Idle,Motion,download/c9cb329c-b96c-11e4-a802-0aaa78deedf9.fbx
c9cafc81-b96c-11e4-a802-0aaa78deedf9,Big Stomach Hit,Receiving A Big Hit In The Stomach,Motion,download/c9cafc81-b96c-11e4-a802-0aaa78deedf9.fbx
c9ca5d02-b96c-11e4-a802-0aaa78deedf9,Golf Drive,Standard Drive,Motion,download/c9ca5d02-b96c-11e4-a802-0aaa78deedf9.fbx
c9c9db9e-b96c-11e4-a802-0aaa78deedf9,Walk Strafe Right,Walking Strafe To The Right,Motion,download/c9c9db9e-b96c-11e4-a802-0aaa78deedf9.fbx
c9c9baaa-b96c-11e4-a802-0aaa78deedf9,Idle To Braced Hang,Jump To A Braced Hang From Standing Idle,Motion,download/c9c9baaa-b96c-11e4-a802-0aaa78deedf9.fbx
c9c988bb-b96c-11e4-a802-0aaa78deedf9,Right Turn,Standing Right Turn Game Blend,Motion,download/c9c988bb-b96c-11e4-a802-0aaa78deedf9.fbx
c9c984ee-b96c-11e4-a802-0aaa78deedf9,Crying,Crying And Rubbing Eyes,Motion,download/c9c984ee-b96c-11e4-a802-0aaa78deedf9.fbx
c9c9e2f0-b96c-11e4-a802-0aaa78deedf9,Wall Run,Wall Run To Jump Pose,Motion,download/c9c9e2f0-b96c-11e4-a802-0aaa78deedf9.fbx
c9c9b504-b96c-11e4-a802-0aaa78deedf9,Free Hang To Braced,Free Hang Idle To Braced Idle,Motion,download/c9c9b504-b96c-11e4-a802-0aaa78deedf9.fbx
c9c9a122-b96c-11e4-a802-0aaa78deedf9,Stand To Roll,Dive Roll From Standing,Motion,download/c9c9a122-b96c-11e4-a802-0aaa78deedf9.fbx
c9c65f2a-b96c-11e4-a802-0aaa78deedf9,Hip Hop Dancing,Female Hip Hop 'Raise The Roof' Dancing,Motion,download/c9c65f2a-b96c-11e4-a802-0aaa78deedf9.fbx
c9c6429a-b96c-11e4-a802-0aaa78deedf9,Leg Sweep,360 Degrees Front Leg Sweep,Motion,download/c9c6429a-b96c-11e4-a802-0aaa78deedf9.fbx
b4421182-22f7-4ec6-a13b-abfb900a6bfe,Crouch Torch Walk Left,Walking Left While Crouched,Motion,download/b4421182-22f7-4ec6-a13b-abfb900a6bfe.fbx
d1ca4eae-e4f7-48e1-a7b0-a111c9d6b5a9,Standing Torch Inspect Downward,Inspecting Ground With Torch,Motion,download/d1ca4eae-e4f7-48e1-a7b0-a111c9d6b5a9.fbx
18b23688-f7fd-4653-9105-b2238f09c4c5,Crouch Torch Idle 01,Crouch Idle,Motion,download/18b23688-f7fd-4653-9105-b2238f09c4c5.fbx
2f6d96c7-c5a3-4ba4-8ed3-bd9f6b4eb461,Male Crouch Pose,Looking Forward,Motion,download/2f6d96c7-c5a3-4ba4-8ed3-bd9f6b4eb461.fbx
06f95726-a7d9-4df6-a41d-bd04809305f0,Male Sitting Pose,"Legs Crossed, Hands Behind Head",Motion,download/06f95726-a7d9-4df6-a41d-bd04809305f0.fbx
54213a5a-571d-4af3-a5e2-ff5149b9faba,Catwalk Walk Forward Turn 90R,Female Walk Forward Turning Right 90,Motion,download/54213a5a-571d-4af3-a5e2-ff5149b9faba.fbx
333a99ac-b29a-443c-968a-6a8877414a4d,Catwalk Idle Twist R,Female Twist Right Idle,Motion,download/333a99ac-b29a-443c-968a-6a8877414a4d.fbx
c9cdbc0b-b96c-11e4-a802-0aaa78deedf9,Pistol Strafe,Strafe Right With An Aimed Pistol,Motion,download/c9cdbc0b-b96c-11e4-a802-0aaa78deedf9.fbx
c9ce5825-b96c-11e4-a802-0aaa78deedf9,Injured Standing Jump,Injured Jumping While Standing,Motion,download/c9ce5825-b96c-11e4-a802-0aaa78deedf9.fbx
c9cb8fef-b96c-11e4-a802-0aaa78deedf9,Sitting Disbelief,Sitting Disbelief With Hands On Head,Motion,download/c9cb8fef-b96c-11e4-a802-0aaa78deedf9.fbx
c9cc0053-b96c-11e4-a802-0aaa78deedf9,Sprint To Wall Climb,Sprint To Wall Climb To Crouch Idle,Motion,download/c9cc0053-b96c-11e4-a802-0aaa78deedf9.fbx
c9cc44e7-b96c-11e4-a802-0aaa78deedf9,Breakdance Uprock Var 1 Start,Starting Breakdance Uprock Var. 1,Motion,download/c9cc44e7-b96c-11e4-a802-0aaa78deedf9.fbx
c9cc4e48-b96c-11e4-a802-0aaa78deedf9,Sword And Shield 180 Turn,Sword And Shield Run 180 Turn,Motion,download/c9cc4e48-b96c-11e4-a802-0aaa78deedf9.fbx
c9cc1182-b96c-11e4-a802-0aaa78deedf9,Walk With Rifle,Walking With Rifle At Waist Level,Motion,download/c9cc1182-b96c-11e4-a802-0aaa78deedf9.fbx
c9cb4aa2-b96c-11e4-a802-0aaa78deedf9,Goalkeeper Miss,Goalkeeper Jump And Miss,Motion,download/c9cb4aa2-b96c-11e4-a802-0aaa78deedf9.fbx
c9cb6908-b96c-11e4-a802-0aaa78deedf9,Standing Clap,Standing Clap From Sitting,Motion,download/c9cb6908-b96c-11e4-a802-0aaa78deedf9.fbx
c9cbd343-b96c-11e4-a802-0aaa78deedf9,Rasteira 1,Capoeira Escape,Motion,download/c9cbd343-b96c-11e4-a802-0aaa78deedf9.fbx
c9cb5c2a-b96c-11e4-a802-0aaa78deedf9,Kneeing Soccerball,Juggling Left Knee Of A Soccer Ball,Motion,download/c9cb5c2a-b96c-11e4-a802-0aaa78deedf9.fbx
c9cbac50-b96c-11e4-a802-0aaa78deedf9,Ginga Backward,Capoeira Step Backward,Motion,download/c9cbac50-b96c-11e4-a802-0aaa78deedf9.fbx
c9cb59e2-b96c-11e4-a802-0aaa78deedf9,Kick Up Soccerball,Kicking Up A Soccer Ball,Motion,download/c9cb59e2-b96c-11e4-a802-0aaa78deedf9.fbx
c9cb85b8-b96c-11e4-a802-0aaa78deedf9,Standing Yell,Standing Long Yell,Motion,download/c9cb85b8-b96c-11e4-a802-0aaa78deedf9.fbx
c9c9b079-b96c-11e4-a802-0aaa78deedf9,Climbing Up Wall,Climbing Up A Wall,Motion,download/c9c9b079-b96c-11e4-a802-0aaa78deedf9.fbx
c9ca55d5-b96c-11e4-a802-0aaa78deedf9,Running Slide,Running To Slide And Back To Running,Motion,download/c9ca55d5-b96c-11e4-a802-0aaa78deedf9.fbx
c9c9d323-b96c-11e4-a802-0aaa78deedf9,Hard Landing,Mid-Air Falling To A Hard Landing Game Blend,Motion,download/c9c9d323-b96c-11e4-a802-0aaa78deedf9.fbx
c9ca04b6-b96c-11e4-a802-0aaa78deedf9,Looking Through Files Low,Male Looking Through A File Cabinet Low,Motion,download/c9ca04b6-b96c-11e4-a802-0aaa78deedf9.fbx
c9c9ac9a-b96c-11e4-a802-0aaa78deedf9,Braced Hang Drop,Braced Hang Drop To Another Braced Hang,Motion,download/c9c9ac9a-b96c-11e4-a802-0aaa78deedf9.fbx
c9cad404-b96c-11e4-a802-0aaa78deedf9,End Bicycle Sit Up,End Bicycle Sit Up To Fitness Idle,Motion,download/c9cad404-b96c-11e4-a802-0aaa78deedf9.fbx
c9caeedc-b96c-11e4-a802-0aaa78deedf9,Right Block,High Right Block,Motion,download/c9caeedc-b96c-11e4-a802-0aaa78deedf9.fbx
c9cae414-b96c-11e4-a802-0aaa78deedf9,Jab Cross,Boxing Jab Cross Long,Motion,download/c9cae414-b96c-11e4-a802-0aaa78deedf9.fbx
c9ce8aaf-b96c-11e4-a802-0aaa78deedf9,Idle Crouching,Rifle Crouched Idle,Motion,download/c9ce8aaf-b96c-11e4-a802-0aaa78deedf9.fbx
9f1f301e-3b08-4403-ae42-7ebc34cee551,Standing React Large From Right,Large Hit Reaction From The Right,Motion,download/9f1f301e-3b08-4403-ae42-7ebc34cee551.fbx
c9cee7ab-b96c-11e4-a802-0aaa78deedf9,Standing Walk Right,Walking Right With Axe,Motion,download/c9cee7ab-b96c-11e4-a802-0aaa78deedf9.fbx
c9cd7c15-b96c-11e4-a802-0aaa78deedf9,Jog Strafe Left,Soccer Strafe Left,Motion,download/c9cd7c15-b96c-11e4-a802-0aaa78deedf9.fbx
c9ce642e-b96c-11e4-a802-0aaa78deedf9,Laying Nodding,Laying On A Bed Nodding,Motion,download/c9ce642e-b96c-11e4-a802-0aaa78deedf9.fbx
c9cd8fe5-b96c-11e4-a802-0aaa78deedf9,Box Turn,Turning Right Carrying A Box,Motion,download/c9cd8fe5-b96c-11e4-a802-0aaa78deedf9.fbx
c9ced5ab-b96c-11e4-a802-0aaa78deedf9,Standing Melee Attack 360 Low,Left To Right Spin Attack With Axe,Motion,download/c9ced5ab-b96c-11e4-a802-0aaa78deedf9.fbx
c9cea44b-b96c-11e4-a802-0aaa78deedf9,Crouching Turn 90 Right,Rifle Crouched Turn 90 Left,Motion,download/c9cea44b-b96c-11e4-a802-0aaa78deedf9.fbx
c9cecf48-b96c-11e4-a802-0aaa78deedf9,Standing Disarm Over Shoulder,Disarming Axe Over The Shoulder,Motion,download/c9cecf48-b96c-11e4-a802-0aaa78deedf9.fbx
c9cef0de-b96c-11e4-a802-0aaa78deedf9,Unarmed Walk Back,Walking Backwards,Motion,download/c9cef0de-b96c-11e4-a802-0aaa78deedf9.fbx
c9cd953a-b96c-11e4-a802-0aaa78deedf9,Victory Idle,Big Vegas Victory Idle,Motion,download/c9cd953a-b96c-11e4-a802-0aaa78deedf9.fbx
c9cc5e5a-b96c-11e4-a802-0aaa78deedf9,Sword And Shield Crouch Block,Sword And Shield Left Crouch  To Block,Motion,download/c9cc5e5a-b96c-11e4-a802-0aaa78deedf9.fbx
c9cb6f0d-b96c-11e4-a802-0aaa78deedf9,Sitting Fist Pump,Low Enthusiasm Fist Pump While Sitting,Motion,download/c9cb6f0d-b96c-11e4-a802-0aaa78deedf9.fbx
c9cb6602-b96c-11e4-a802-0aaa78deedf9,Sitting Clap,Sitting Unethusiastic High Clap,Motion,download/c9cb6602-b96c-11e4-a802-0aaa78deedf9.fbx
c9cb93af-b96c-11e4-a802-0aaa78deedf9,Sitting Disbelief,Sitting In Disbelief With Head Forward,Motion,download/c9cb93af-b96c-11e4-a802-0aaa78deedf9.fbx
c9cb7a15-b96c-11e4-a802-0aaa78deedf9,Standing Yell,Short Yell While Standing,Motion,download/c9cb7a15-b96c-11e4-a802-0aaa78deedf9.fbx
c9cb7445-b96c-11e4-a802-0aaa78deedf9,Standing Cheering,Sitting To Standing Big Fist Pump,Motion,download/c9cb7445-b96c-11e4-a802-0aaa78deedf9.fbx
c9ceb097-b96c-11e4-a802-0aaa78deedf9,Standing Equip Bow,Equipping Bow,Motion,download/c9ceb097-b96c-11e4-a802-0aaa78deedf9.fbx
c9ce576a-b96c-11e4-a802-0aaa78deedf9,Injured Run Jump,Injured Jumping While Running,Motion,download/c9ce576a-b96c-11e4-a802-0aaa78deedf9.fbx
c9ce48f3-b96c-11e4-a802-0aaa78deedf9,Injured Walk Left Turn,Injured Walking Turning Left,Motion,download/c9ce48f3-b96c-11e4-a802-0aaa78deedf9.fbx
c9cdadeb-b96c-11e4-a802-0aaa78deedf9,Wheelbarrow Walk Turn,Walk Turn With An Empty Wheelbarrow,Motion,download/c9cdadeb-b96c-11e4-a802-0aaa78deedf9.fbx
c9ced273-b96c-11e4-a802-0aaa78deedf9,Standing Melee Attack Backhand,Backhanded Upward Attack With Axe,Motion,download/c9ced273-b96c-11e4-a802-0aaa78deedf9.fbx
60e72547-b769-4191-a071-f9869d22828e,Standing 2H Magic Area Attack 02,Two Handed Casting Spell Pull In Blast Out,Motion,download/60e72547-b769-4191-a071-f9869d22828e.fbx
c9cee54b-b96c-11e4-a802-0aaa78deedf9,Standing Walk Back,Walking Backwards With Axe,Motion,download/c9cee54b-b96c-11e4-a802-0aaa78deedf9.fbx
c9ceb621-b96c-11e4-a802-0aaa78deedf9,Fall A Land To Standing Idle 01,Land From Fall A To Standing Idle,Motion,download/c9ceb621-b96c-11e4-a802-0aaa78deedf9.fbx
c9cec52e-b96c-11e4-a802-0aaa78deedf9,Standing Walk Back,Walking Backwards With Bow,Motion,download/c9cec52e-b96c-11e4-a802-0aaa78deedf9.fbx
c9ceba20-b96c-11e4-a802-0aaa78deedf9,Standing Dodge Right,Dodge Right With Bow,Motion,download/c9ceba20-b96c-11e4-a802-0aaa78deedf9.fbx
c9cc6b82-b96c-11e4-a802-0aaa78deedf9,Sword And Shield Death,Sword And Shield Falling Forward Death,Motion,download/c9cc6b82-b96c-11e4-a802-0aaa78deedf9.fbx
c9cc73a7-b96c-11e4-a802-0aaa78deedf9,Great Sword Walk,Great Sword Backward Walk,Motion,download/c9cc73a7-b96c-11e4-a802-0aaa78deedf9.fbx
c9cd16df-b96c-11e4-a802-0aaa78deedf9,Orc Idle,Female Orc Standing Idle,Motion,download/c9cd16df-b96c-11e4-a802-0aaa78deedf9.fbx
c9cd809f-b96c-11e4-a802-0aaa78deedf9,Goalkeeper Body Block,Goalkeeper Left Body Block,Motion,download/c9cd809f-b96c-11e4-a802-0aaa78deedf9.fbx
c9ccca85-b96c-11e4-a802-0aaa78deedf9,Right Turn,Turning Right,Motion,download/c9ccca85-b96c-11e4-a802-0aaa78deedf9.fbx
c9cccff5-b96c-11e4-a802-0aaa78deedf9,Teeter Transition,Transitioning From Walking To Teetering,Motion,download/c9cccff5-b96c-11e4-a802-0aaa78deedf9.fbx
c9cb20e3-b96c-11e4-a802-0aaa78deedf9,Clean And Jerk,Clean And Jerk Workout,Motion,download/c9cb20e3-b96c-11e4-a802-0aaa78deedf9.fbx
c9cac1ca-b96c-11e4-a802-0aaa78deedf9,Idle To Push Up,Fitness Idle Transition To Basic Push Up,Motion,download/c9cac1ca-b96c-11e4-a802-0aaa78deedf9.fbx
c9c97b90-b96c-11e4-a802-0aaa78deedf9,Left Strafe,Running Strafe To The Left,Motion,download/c9c97b90-b96c-11e4-a802-0aaa78deedf9.fbx
c9c92527-b96c-11e4-a802-0aaa78deedf9,Rifle Jump In Place,Standing Jumping In Place,Motion,download/c9c92527-b96c-11e4-a802-0aaa78deedf9.fbx
c9c8fb6e-b96c-11e4-a802-0aaa78deedf9,Lifting Object,Lifting A Heavy Object With Both Hands,Motion,download/c9c8fb6e-b96c-11e4-a802-0aaa78deedf9.fbx
c9c90b3c-b96c-11e4-a802-0aaa78deedf9,Shaking Head No,Shaking Head No Dismissively,Motion,download/c9c90b3c-b96c-11e4-a802-0aaa78deedf9.fbx
c9c9897a-b96c-11e4-a802-0aaa78deedf9,Plotting,Evil Plotting,Motion,download/c9c9897a-b96c-11e4-a802-0aaa78deedf9.fbx
c9c95818-b96c-11e4-a802-0aaa78deedf9,Hold Off Assailant,Holding Off Assailant Attacking From Above While Sitting,Motion,download/c9c95818-b96c-11e4-a802-0aaa78deedf9.fbx
c9c79aea-b96c-11e4-a802-0aaa78deedf9,Asking Question,Seated Idle With Hands On A Table,Motion,download/c9c79aea-b96c-11e4-a802-0aaa78deedf9.fbx
c9c78c0d-b96c-11e4-a802-0aaa78deedf9,Angry Gesture,Seated Idle With Hands On A Table Being Rude,Motion,download/c9c78c0d-b96c-11e4-a802-0aaa78deedf9.fbx
c9c8009b-b96c-11e4-a802-0aaa78deedf9,Wide Arm Spell Casting,Casting A Magic Spell Wide With Two Arms,Motion,download/c9c8009b-b96c-11e4-a802-0aaa78deedf9.fbx
c9c7a014-b96c-11e4-a802-0aaa78deedf9,Casting Spell,Conjuring Magic And Throwing,Motion,download/c9c7a014-b96c-11e4-a802-0aaa78deedf9.fbx
c9c7f59a-b96c-11e4-a802-0aaa78deedf9,Side Kick,Side Kick,Motion,download/c9c7f59a-b96c-11e4-a802-0aaa78deedf9.fbx
c9c807f5-b96c-11e4-a802-0aaa78deedf9,Moving While Hanging,Moving Sideways While Hanging From A Bar,Motion,download/c9c807f5-b96c-11e4-a802-0aaa78deedf9.fbx
c9c72d42-b96c-11e4-a802-0aaa78deedf9,Flying Bicycle Kick,Flying Bicycle Kick,Motion,download/c9c72d42-b96c-11e4-a802-0aaa78deedf9.fbx
c9c7386d-b96c-11e4-a802-0aaa78deedf9,Arms Hip Hop Dance,Hip Hop Dancing With Arms,Motion,download/c9c7386d-b96c-11e4-a802-0aaa78deedf9.fbx
c9c8c433-b96c-11e4-a802-0aaa78deedf9,Looking Behind,Standing Idle Looking Behind Over Right Side,Motion,download/c9c8c433-b96c-11e4-a802-0aaa78deedf9.fbx
5827c487-29d0-49b9-932c-62c5d1834c8d,Standing Torch Walk Left,Walking Left With Torch,Motion,download/5827c487-29d0-49b9-932c-62c5d1834c8d.fbx
2f7089a1-b4a7-40c3-98f9-53d73cd4634e,Female Standing Pose,"Legs Crossed, Left Hand On Hip",Motion,download/2f7089a1-b4a7-40c3-98f9-53d73cd4634e.fbx
72c8d4ff-33af-47a2-8751-4f56dc2d3f98,Female Sitting Pose,"Legs Crossed, Reclining",Motion,download/72c8d4ff-33af-47a2-8751-4f56dc2d3f98.fbx
223e0cef-b9c0-4559-a115-6d8d7ca18c12,Female Crouch Pose,Looking Forward,Motion,download/223e0cef-b9c0-4559-a115-6d8d7ca18c12.fbx
880e07f3-71e5-4a2b-99de-209355a0ea1d,Female Laying Pose,"Legs Crossed, Arms Supporting",Motion,download/880e07f3-71e5-4a2b-99de-209355a0ea1d.fbx
7a46ab56-3cd5-405f-aa4a-48cf84bb64e7,Catwalk Twist R To Walk 180,Female Twist Right Idle To Walk 180 - Turning Right,Motion,download/7a46ab56-3cd5-405f-aa4a-48cf84bb64e7.fbx
7bf2f079-7884-44dd-ad4f-2cd61f175803,Female Standing Pose,Right Hand On Hip,Motion,download/7bf2f079-7884-44dd-ad4f-2cd61f175803.fbx
98ce4e31-526b-41cd-bcd7-8bc4ece87bee,Male Sitting Pose,"Reclined, Left Leg Crossed, Hands Behind Head",Motion,download/98ce4e31-526b-41cd-bcd7-8bc4ece87bee.fbx
c9cef3e2-b96c-11e4-a802-0aaa78deedf9,Dancing Running Man,Dancing The Running Man,Motion,download/c9cef3e2-b96c-11e4-a802-0aaa78deedf9.fbx
b5b82299-62da-49dd-ac55-9fde07ae45d8,Standing Torch Run Forward,Running Forwards With Torch,Motion,download/b5b82299-62da-49dd-ac55-9fde07ae45d8.fbx
a02a47ae-3e9f-42d6-8826-bc55a5b89a6c,Male Action Pose,Pushing With Both Hands,Motion,download/a02a47ae-3e9f-42d6-8826-bc55a5b89a6c.fbx
27285e81-ea46-448c-8ee2-fc2cccccddba,Standing Torch Melee Attack 03,Two Hit Combo Attack With Torch,Motion,download/27285e81-ea46-448c-8ee2-fc2cccccddba.fbx
c9cd8f1a-b96c-11e4-a802-0aaa78deedf9,Box Turn,Turning Left Carrying A Box,Motion,download/c9cd8f1a-b96c-11e4-a802-0aaa78deedf9.fbx
c9ce5ce4-b96c-11e4-a802-0aaa78deedf9,Drunk Run Forward,Running Forward While Drunk,Motion,download/c9ce5ce4-b96c-11e4-a802-0aaa78deedf9.fbx
c9c8f331-b96c-11e4-a802-0aaa78deedf9,Shoulder Hit And Fall,Hit In The Shoulder And Falls To The Ground,Motion,download/c9c8f331-b96c-11e4-a802-0aaa78deedf9.fbx
c9c8b71c-b96c-11e4-a802-0aaa78deedf9,Check Shoe,Check Shoe While Holding Rifle,Motion,download/c9c8b71c-b96c-11e4-a802-0aaa78deedf9.fbx
c9c8ca31-b96c-11e4-a802-0aaa78deedf9,Jumping Down,Jumping Down From Higher Level,Motion,download/c9c8ca31-b96c-11e4-a802-0aaa78deedf9.fbx
c9c8fc30-b96c-11e4-a802-0aaa78deedf9,Running Jump,Fast Run To Jump Up Onto Higher Level,Motion,download/c9c8fc30-b96c-11e4-a802-0aaa78deedf9.fbx
c9c831cf-b96c-11e4-a802-0aaa78deedf9,Standing Idle,Standing Idle,Motion,download/c9c831cf-b96c-11e4-a802-0aaa78deedf9.fbx
c9c7f7e3-b96c-11e4-a802-0aaa78deedf9,Hit Reaction,Holding Rifle,Motion,download/c9c7f7e3-b96c-11e4-a802-0aaa78deedf9.fbx
c9c6d86d-b96c-11e4-a802-0aaa78deedf9,Putting Down,Putting Down An Object,Motion,download/c9c6d86d-b96c-11e4-a802-0aaa78deedf9.fbx
c9c639a9-b96c-11e4-a802-0aaa78deedf9,Gunplay,Shooting,Motion,download/c9c639a9-b96c-11e4-a802-0aaa78deedf9.fbx
c9c79d1f-b96c-11e4-a802-0aaa78deedf9,Bored,Standing Around Bored Idle,Motion,download/c9c79d1f-b96c-11e4-a802-0aaa78deedf9.fbx
c9c720b7-b96c-11e4-a802-0aaa78deedf9,Walking,Boxing Advancing Forward,Motion,download/c9c720b7-b96c-11e4-a802-0aaa78deedf9.fbx
c9c7a617-b96c-11e4-a802-0aaa78deedf9,Back Flip To Uppercut,Back Flip To Uppercut Combo,Motion,download/c9c7a617-b96c-11e4-a802-0aaa78deedf9.fbx
c9c77262-b96c-11e4-a802-0aaa78deedf9,Speedbag,Punching A Speedbag,Motion,download/c9c77262-b96c-11e4-a802-0aaa78deedf9.fbx
c9c78916-b96c-11e4-a802-0aaa78deedf9,Flying,Flying Idle,Motion,download/c9c78916-b96c-11e4-a802-0aaa78deedf9.fbx
c9c792b2-b96c-11e4-a802-0aaa78deedf9,Sitting Victory,Celebrating Victory While Sitting,Motion,download/c9c792b2-b96c-11e4-a802-0aaa78deedf9.fbx
c9c78e47-b96c-11e4-a802-0aaa78deedf9,Throwing Dice,Throwing Dice From A Sitting Position,Motion,download/c9c78e47-b96c-11e4-a802-0aaa78deedf9.fbx
c9c66acd-b96c-11e4-a802-0aaa78deedf9,Jumping,Male Stepping Onto Platform,Motion,download/c9c66acd-b96c-11e4-a802-0aaa78deedf9.fbx
c9c63329-b96c-11e4-a802-0aaa78deedf9,Listening To Music,Male With Headphones Listening To Music,Motion,download/c9c63329-b96c-11e4-a802-0aaa78deedf9.fbx
c9c60315-b96c-11e4-a802-0aaa78deedf9,Walking,Zombie Walking,Motion,download/c9c60315-b96c-11e4-a802-0aaa78deedf9.fbx
c9c5f7e1-b96c-11e4-a802-0aaa78deedf9,Punching,Jab Punch,Motion,download/c9c5f7e1-b96c-11e4-a802-0aaa78deedf9.fbx
c9c60b71-b96c-11e4-a802-0aaa78deedf9,Idle,Male Boxing Idle,Motion,download/c9c60b71-b96c-11e4-a802-0aaa78deedf9.fbx
c9c816df-b96c-11e4-a802-0aaa78deedf9,Vampiric Bite,Lunging Forward To Bite,Motion,download/c9c816df-b96c-11e4-a802-0aaa78deedf9.fbx
c9c85e20-b96c-11e4-a802-0aaa78deedf9,Entering Code,Entering An Access Code,Motion,download/c9c85e20-b96c-11e4-a802-0aaa78deedf9.fbx
c9c888f7-b96c-11e4-a802-0aaa78deedf9,Head Spinning,Breakdance Head Spin,Motion,download/c9c888f7-b96c-11e4-a802-0aaa78deedf9.fbx
c9c87ad9-b96c-11e4-a802-0aaa78deedf9,Crouch To Prone,Crouching To Laying Prone Transition,Motion,download/c9c87ad9-b96c-11e4-a802-0aaa78deedf9.fbx
c9c6c237-b96c-11e4-a802-0aaa78deedf9,Scary Clown Start Walking,Scary Clown Start Walking,Motion,download/c9c6c237-b96c-11e4-a802-0aaa78deedf9.fbx
c9c79ddc-b96c-11e4-a802-0aaa78deedf9,Victory,Celebrating After A Win While Seated,Motion,download/c9c79ddc-b96c-11e4-a802-0aaa78deedf9.fbx
c9c6e690-b96c-11e4-a802-0aaa78deedf9,House Dancing,House Dance Variation Four,Motion,download/c9c6e690-b96c-11e4-a802-0aaa78deedf9.fbx
c9c70ef0-b96c-11e4-a802-0aaa78deedf9,Turning,Turning In Place,Motion,download/c9c70ef0-b96c-11e4-a802-0aaa78deedf9.fbx
c9c6efdd-b96c-11e4-a802-0aaa78deedf9,Dancing,Ballet Dance Variation Two,Motion,download/c9c6efdd-b96c-11e4-a802-0aaa78deedf9.fbx
c9c6ec22-b96c-11e4-a802-0aaa78deedf9,Laughing,Laughing Standing,Motion,download/c9c6ec22-b96c-11e4-a802-0aaa78deedf9.fbx
c9c6fb3e-b96c-11e4-a802-0aaa78deedf9,Pulling A Rope,Mime Pulling A Rope,Motion,download/c9c6fb3e-b96c-11e4-a802-0aaa78deedf9.fbx
c9cc2dce-b96c-11e4-a802-0aaa78deedf9,Soccer Pass,Soccer Pass From Idle Pose,Motion,download/c9cc2dce-b96c-11e4-a802-0aaa78deedf9.fbx
c9c789d5-b96c-11e4-a802-0aaa78deedf9,Heavy Weapon Swing,Two Handed Heavy Weapon Swing,Motion,download/c9c789d5-b96c-11e4-a802-0aaa78deedf9.fbx
c9c670f2-b96c-11e4-a802-0aaa78deedf9,Rope Climb,Climbing A Rope Without Using Legs,Motion,download/c9c670f2-b96c-11e4-a802-0aaa78deedf9.fbx
c9c60a8c-b96c-11e4-a802-0aaa78deedf9,Walking,Male Brutal Walk,Motion,download/c9c60a8c-b96c-11e4-a802-0aaa78deedf9.fbx
c9c63669-b96c-11e4-a802-0aaa78deedf9,Gunplay,Male Standing Fantasy Gunplay With Hand Cannon,Motion,download/c9c63669-b96c-11e4-a802-0aaa78deedf9.fbx
c9ceedd8-b96c-11e4-a802-0aaa78deedf9,Unarmed Run Back,Running Backwards,Motion,download/c9ceedd8-b96c-11e4-a802-0aaa78deedf9.fbx
27fe7228-487a-4951-af65-30cef1a9183d,Female Action Pose,Attacking,Motion,download/27fe7228-487a-4951-af65-30cef1a9183d.fbx
009b2b9b-2974-40f2-8825-feb4db36a6b2,Catwalk Walk Forward,Female Walk Forward,Motion,download/009b2b9b-2974-40f2-8825-feb4db36a6b2.fbx
c9cdbcce-b96c-11e4-a802-0aaa78deedf9,Pistol Walk Arc,Walk Arc Right With An Aimed Pistol,Motion,download/c9cdbcce-b96c-11e4-a802-0aaa78deedf9.fbx
c9cd686a-b96c-11e4-a802-0aaa78deedf9,Rifle Crouch Turn,90 Degree Left Turn,Motion,download/c9cd686a-b96c-11e4-a802-0aaa78deedf9.fbx
c9cd6315-b96c-11e4-a802-0aaa78deedf9,Rifle Kneel To Aim,Rifle Kneeling And Aiming,Motion,download/c9cd6315-b96c-11e4-a802-0aaa78deedf9.fbx
c9cda378-b96c-11e4-a802-0aaa78deedf9,Holding Turn Right,Holding An Object While Turning Right,Motion,download/c9cda378-b96c-11e4-a802-0aaa78deedf9.fbx
c9cd7cd3-b96c-11e4-a802-0aaa78deedf9,Jog Strafe Right,Soccer Strafe Right,Motion,download/c9cd7cd3-b96c-11e4-a802-0aaa78deedf9.fbx
c9ce9616-b96c-11e4-a802-0aaa78deedf9,Walk Forward,Rifle Walk Forward,Motion,download/c9ce9616-b96c-11e4-a802-0aaa78deedf9.fbx
c9cd9608-b96c-11e4-a802-0aaa78deedf9,Pointing Gesture,Big Vegas Pointing Gesture,Motion,download/c9cd9608-b96c-11e4-a802-0aaa78deedf9.fbx
c9cd717c-b96c-11e4-a802-0aaa78deedf9,Rifle Kneel Hit To Back,Rifle Kneeling Getting Hit To Back,Motion,download/c9cd717c-b96c-11e4-a802-0aaa78deedf9.fbx
c9cd649b-b96c-11e4-a802-0aaa78deedf9,Rifle Crouch Walk,Rifle Walking Crouched,Motion,download/c9cd649b-b96c-11e4-a802-0aaa78deedf9.fbx
c9ce7dba-b96c-11e4-a802-0aaa78deedf9,Reaching Out,Reaching Out Gesture,Motion,download/c9ce7dba-b96c-11e4-a802-0aaa78deedf9.fbx
c9cd1c1f-b96c-11e4-a802-0aaa78deedf9,Running Arc,Female Ninja Run Arc Left,Motion,download/c9cd1c1f-b96c-11e4-a802-0aaa78deedf9.fbx
c9ca78f8-b96c-11e4-a802-0aaa78deedf9,Golf Post Shot,Post-Shot Course Correction Var 2,Motion,download/c9ca78f8-b96c-11e4-a802-0aaa78deedf9.fbx
c9ca56fe-b96c-11e4-a802-0aaa78deedf9,Being Electrocuted,Being Electrocuted Into Unconciousness,Motion,download/c9ca56fe-b96c-11e4-a802-0aaa78deedf9.fbx
c9c9b6a5-b96c-11e4-a802-0aaa78deedf9,Braced To Free Hang,Braced Idle To Free Hang Idle,Motion,download/c9c9b6a5-b96c-11e4-a802-0aaa78deedf9.fbx
c9c9713c-b96c-11e4-a802-0aaa78deedf9,Right Turn,Standing 180 Right Turn,Motion,download/c9c9713c-b96c-11e4-a802-0aaa78deedf9.fbx
c9c9d3e0-b96c-11e4-a802-0aaa78deedf9,Jump To Hang,Jump Grab To Free Hanging,Motion,download/c9c9d3e0-b96c-11e4-a802-0aaa78deedf9.fbx
c9c9d019-b96c-11e4-a802-0aaa78deedf9,Jumping Up,Jumping Up From Action Idle Game Blend,Motion,download/c9c9d019-b96c-11e4-a802-0aaa78deedf9.fbx
c9c9d55d-b96c-11e4-a802-0aaa78deedf9,Fishing Idle,Fishing Idle,Motion,download/c9c9d55d-b96c-11e4-a802-0aaa78deedf9.fbx
c9c9b139-b96c-11e4-a802-0aaa78deedf9,Pull Heavy Object Start,Start To Pull A Heavy Object,Motion,download/c9c9b139-b96c-11e4-a802-0aaa78deedf9.fbx
c9c7abe7-b96c-11e4-a802-0aaa78deedf9,Leg Sweep,360 Leg Sweep Kick,Motion,download/c9c7abe7-b96c-11e4-a802-0aaa78deedf9.fbx
c9c8ee63-b96c-11e4-a802-0aaa78deedf9,Waving,Waving With Both Hands,Motion,download/c9c8ee63-b96c-11e4-a802-0aaa78deedf9.fbx
c9c7fc2e-b96c-11e4-a802-0aaa78deedf9,Roundhouse Kick,A Roundhouse Kick To The Side Of An Opponent,Motion,download/c9c7fc2e-b96c-11e4-a802-0aaa78deedf9.fbx
c9c8d652-b96c-11e4-a802-0aaa78deedf9,Hit By Car,Getting Hit By A Car While Tired,Motion,download/c9c8d652-b96c-11e4-a802-0aaa78deedf9.fbx
c9c896b0-b96c-11e4-a802-0aaa78deedf9,Hit Reaction,Hit Reaction When Running With Rifle,Motion,download/c9c896b0-b96c-11e4-a802-0aaa78deedf9.fbx
c9cc3298-b96c-11e4-a802-0aaa78deedf9,Flair,Breakdance Flair End,Motion,download/c9cc3298-b96c-11e4-a802-0aaa78deedf9.fbx
c9cc4f13-b96c-11e4-a802-0aaa78deedf9,Sword And Shield Run,Sword And Shield Backward Run,Motion,download/c9cc4f13-b96c-11e4-a802-0aaa78deedf9.fbx
c9ccae10-b96c-11e4-a802-0aaa78deedf9,Stomping,Stomping Foot On Ground,Motion,download/c9ccae10-b96c-11e4-a802-0aaa78deedf9.fbx
c9cd02ca-b96c-11e4-a802-0aaa78deedf9,Ninja Idle,Female Ninja Idle Var. 2,Motion,download/c9cd02ca-b96c-11e4-a802-0aaa78deedf9.fbx
c9ccfcab-b96c-11e4-a802-0aaa78deedf9,Running Backward,Female Run Backward,Motion,download/c9ccfcab-b96c-11e4-a802-0aaa78deedf9.fbx
c9ccefb2-b96c-11e4-a802-0aaa78deedf9,Happy Walk Forward Arc Left,Happy Walking Forward Arc Left,Motion,download/c9ccefb2-b96c-11e4-a802-0aaa78deedf9.fbx
c9cd1b5d-b96c-11e4-a802-0aaa78deedf9,Run,Female Ninja Run,Motion,download/c9cd1b5d-b96c-11e4-a802-0aaa78deedf9.fbx
c9ccf8d5-b96c-11e4-a802-0aaa78deedf9,Walking Arc Left,Female Walk Arc Left,Motion,download/c9ccf8d5-b96c-11e4-a802-0aaa78deedf9.fbx
c9cd0d5d-b96c-11e4-a802-0aaa78deedf9,Hostage Situation Idle - Hostage,Armed Villain Holding A Hostage From Behind,Motion,download/c9cd0d5d-b96c-11e4-a802-0aaa78deedf9.fbx
c9c96f9e-b96c-11e4-a802-0aaa78deedf9,Right Strafe,Running Strafe To The Right,Motion,download/c9c96f9e-b96c-11e4-a802-0aaa78deedf9.fbx
c9cae8e0-b96c-11e4-a802-0aaa78deedf9,Medium Right Side Step,Medium Right Boxing Side Step,Motion,download/c9cae8e0-b96c-11e4-a802-0aaa78deedf9.fbx
c9cb3cd7-b96c-11e4-a802-0aaa78deedf9,Goalkeeper Sidestep,Goalkeeper Right Sidestep,Motion,download/c9cb3cd7-b96c-11e4-a802-0aaa78deedf9.fbx
c9cb0c39-b96c-11e4-a802-0aaa78deedf9,Left Pivot,Low Left Boxing Pivot,Motion,download/c9cb0c39-b96c-11e4-a802-0aaa78deedf9.fbx
c9c682be-b96c-11e4-a802-0aaa78deedf9,Zombie Kicking,Zombie Snap Kick With Rear Foot,Motion,download/c9c682be-b96c-11e4-a802-0aaa78deedf9.fbx
c9c61914-b96c-11e4-a802-0aaa78deedf9,Dodging,Boxing Dodge Advance,Motion,download/c9c61914-b96c-11e4-a802-0aaa78deedf9.fbx
c9c84e7b-b96c-11e4-a802-0aaa78deedf9,Walking,Walking While Aiming Rifle,Motion,download/c9c84e7b-b96c-11e4-a802-0aaa78deedf9.fbx
c9c77b46-b96c-11e4-a802-0aaa78deedf9,Scared,Surprised Jumping Out Of Seat,Motion,download/c9c77b46-b96c-11e4-a802-0aaa78deedf9.fbx
c9c73276-b96c-11e4-a802-0aaa78deedf9,Shopping Cart Dance,Shopping Cart Silly Dance,Motion,download/c9c73276-b96c-11e4-a802-0aaa78deedf9.fbx
c9c6fd7b-b96c-11e4-a802-0aaa78deedf9,Talking,Asking A Question With Two Hands,Motion,download/c9c6fd7b-b96c-11e4-a802-0aaa78deedf9.fbx
c9c6d7aa-b96c-11e4-a802-0aaa78deedf9,Picking Up,Picking Up An Object,Motion,download/c9c6d7aa-b96c-11e4-a802-0aaa78deedf9.fbx
c9c6b2ed-b96c-11e4-a802-0aaa78deedf9,Zombie Stand Up,Zombie Laying On Stomach To Standing Up,Motion,download/c9c6b2ed-b96c-11e4-a802-0aaa78deedf9.fbx
c9c664fa-b96c-11e4-a802-0aaa78deedf9,Jazz Dancing,Female Jazz Dancing 'Arm Push',Motion,download/c9c664fa-b96c-11e4-a802-0aaa78deedf9.fbx
c9c60226-b96c-11e4-a802-0aaa78deedf9,Strafe,Right Male Strafe,Motion,download/c9c60226-b96c-11e4-a802-0aaa78deedf9.fbx
c9c6150e-b96c-11e4-a802-0aaa78deedf9,Climbing,Ladder Climb One Step At A Time,Motion,download/c9c6150e-b96c-11e4-a802-0aaa78deedf9.fbx
c9c88caf-b96c-11e4-a802-0aaa78deedf9,Strafing,Start Left Upright Strafe Run,Motion,download/c9c88caf-b96c-11e4-a802-0aaa78deedf9.fbx
c9c82a82-b96c-11e4-a802-0aaa78deedf9,Falling,Falling Over A Rope Down To The Floor,Motion,download/c9c82a82-b96c-11e4-a802-0aaa78deedf9.fbx
c9c8f4cc-b96c-11e4-a802-0aaa78deedf9,Dodging Right,Dodging To The Right In Place,Motion,download/c9c8f4cc-b96c-11e4-a802-0aaa78deedf9.fbx
c9c8555f-b96c-11e4-a802-0aaa78deedf9,Kneeling Pointing,Kneeling To Pointing,Motion,download/c9c8555f-b96c-11e4-a802-0aaa78deedf9.fbx
c9c7fe60-b96c-11e4-a802-0aaa78deedf9,Petting Animal,Petting An Animal,Motion,download/c9c7fe60-b96c-11e4-a802-0aaa78deedf9.fbx
c9c90cbb-b96c-11e4-a802-0aaa78deedf9,Arm Stretching,Stretching Arms By Pushing The Elbows,Motion,download/c9c90cbb-b96c-11e4-a802-0aaa78deedf9.fbx
c9c91d36-b96c-11e4-a802-0aaa78deedf9,Pointing Forward,Looking Down Then Pointing Forward,Motion,download/c9c91d36-b96c-11e4-a802-0aaa78deedf9.fbx
c9c900c8-b96c-11e4-a802-0aaa78deedf9,Nervously Look Around,Nervously Looking Around Left To Right -  Loop,Motion,download/c9c900c8-b96c-11e4-a802-0aaa78deedf9.fbx
c9c8c5e5-b96c-11e4-a802-0aaa78deedf9,Climbing,Run To Start Climbing,Motion,download/c9c8c5e5-b96c-11e4-a802-0aaa78deedf9.fbx
c9c895ef-b96c-11e4-a802-0aaa78deedf9,Firing Rifle,Firing While Walking With Rifle,Motion,download/c9c895ef-b96c-11e4-a802-0aaa78deedf9.fbx
c9c6b5d6-b96c-11e4-a802-0aaa78deedf9,Zombie Stumbling,Zombie Stumble To The Right And Fall,Motion,download/c9c6b5d6-b96c-11e4-a802-0aaa78deedf9.fbx
c9c6982f-b96c-11e4-a802-0aaa78deedf9,Sitting,Sitting On A Toilet,Motion,download/c9c6982f-b96c-11e4-a802-0aaa78deedf9.fbx
c9c6d01a-b96c-11e4-a802-0aaa78deedf9,Floating,Floating In Air Flailing Arms,Motion,download/c9c6d01a-b96c-11e4-a802-0aaa78deedf9.fbx
c9c798a8-b96c-11e4-a802-0aaa78deedf9,Swimming,Swimming Underwater,Motion,download/c9c798a8-b96c-11e4-a802-0aaa78deedf9.fbx
c9c76dd3-b96c-11e4-a802-0aaa78deedf9,Swing Dancing,Swing Dance Shim Sham Variation 1,Motion,download/c9c76dd3-b96c-11e4-a802-0aaa78deedf9.fbx
c9c76872-b96c-11e4-a802-0aaa78deedf9,Bboy Hip Hop Move,Bboy Hip Hop Variation One,Motion,download/c9c76872-b96c-11e4-a802-0aaa78deedf9.fbx
c9c739e8-b96c-11e4-a802-0aaa78deedf9,Robot Hip Hop Dance,Robot Hip Hop Dance Variation One,Motion,download/c9c739e8-b96c-11e4-a802-0aaa78deedf9.fbx
c9c6f609-b96c-11e4-a802-0aaa78deedf9,House Dancing,House Dance Variation 3,Motion,download/c9c6f609-b96c-11e4-a802-0aaa78deedf9.fbx
c9c71c43-b96c-11e4-a802-0aaa78deedf9,Boxing,Boxing Leading Hand Jab,Motion,download/c9c71c43-b96c-11e4-a802-0aaa78deedf9.fbx
c9c7fcea-b96c-11e4-a802-0aaa78deedf9,Playing Drums,Basic Rock Beat,Motion,download/c9c7fcea-b96c-11e4-a802-0aaa78deedf9.fbx
c9c78618-b96c-11e4-a802-0aaa78deedf9,Singing,Singing While Walking On Stage,Motion,download/c9c78618-b96c-11e4-a802-0aaa78deedf9.fbx
c9c77904-b96c-11e4-a802-0aaa78deedf9,Golf Chip,Golf Swing Chip Shot,Motion,download/c9c77904-b96c-11e4-a802-0aaa78deedf9.fbx
c9cc24cc-b96c-11e4-a802-0aaa78deedf9,Soccer Header,Soccer Header In Place,Motion,download/c9cc24cc-b96c-11e4-a802-0aaa78deedf9.fbx
c9c67f8b-b96c-11e4-a802-0aaa78deedf9,Zombie Punching,Zombie Jab Punch Attack Right Arm,Motion,download/c9c67f8b-b96c-11e4-a802-0aaa78deedf9.fbx
c9c6ab8b-b96c-11e4-a802-0aaa78deedf9,Grab Rifle From The Side,Standing To Ready Pose Grabbing Rifle From Side,Motion,download/c9c6ab8b-b96c-11e4-a802-0aaa78deedf9.fbx
c9ccffb1-b96c-11e4-a802-0aaa78deedf9,Standing Jump,Female Standing Jump In Place,Motion,download/c9ccffb1-b96c-11e4-a802-0aaa78deedf9.fbx
c9ccf445-b96c-11e4-a802-0aaa78deedf9,Happy Idle,Happy Idle Variation 2,Motion,download/c9ccf445-b96c-11e4-a802-0aaa78deedf9.fbx
c9cc3359-b96c-11e4-a802-0aaa78deedf9,Flair,Breakdance Flair,Motion,download/c9cc3359-b96c-11e4-a802-0aaa78deedf9.fbx
c9cc9c32-b96c-11e4-a802-0aaa78deedf9,Kick To The Groin,Receive A Kick To The Groin To Standing,Motion,download/c9cc9c32-b96c-11e4-a802-0aaa78deedf9.fbx
c9cac896-b96c-11e4-a802-0aaa78deedf9,Swing To Land,Swing Backflip To Crouched Land,Motion,download/c9cac896-b96c-11e4-a802-0aaa78deedf9.fbx
c9cca50e-b96c-11e4-a802-0aaa78deedf9,Draw A Great Sword 2,Transition From Standing To Drawing A Great Sword,Motion,download/c9cca50e-b96c-11e4-a802-0aaa78deedf9.fbx
c9cc9aaa-b96c-11e4-a802-0aaa78deedf9,Two Handed Sword Death,Falling Back Death,Motion,download/c9cc9aaa-b96c-11e4-a802-0aaa78deedf9.fbx
c9cc753e-b96c-11e4-a802-0aaa78deedf9,Great Sword Strafe,Great Sword Strafe Right Walk,Motion,download/c9cc753e-b96c-11e4-a802-0aaa78deedf9.fbx
c9cc5f7e-b96c-11e4-a802-0aaa78deedf9,Sword And Shield Crouch Block Idle,Sword And Shield Crouch Block Idle,Motion,download/c9cc5f7e-b96c-11e4-a802-0aaa78deedf9.fbx
c9cc1b0f-b96c-11e4-a802-0aaa78deedf9,Brooklyn Uprock,Breakdance Brooklyn Style Uprocking,Motion,download/c9cc1b0f-b96c-11e4-a802-0aaa78deedf9.fbx
c9ccb404-b96c-11e4-a802-0aaa78deedf9,Mutant Punch,Quick Left Handed Punch,Motion,download/c9ccb404-b96c-11e4-a802-0aaa78deedf9.fbx
c9cd26ca-b96c-11e4-a802-0aaa78deedf9,Brutal Assassination,Victim Brutal Assassination With Pipe Victim,Motion,download/c9cd26ca-b96c-11e4-a802-0aaa78deedf9.fbx
c9ccf998-b96c-11e4-a802-0aaa78deedf9,Walking Backwards,Female Walk Backwards,Motion,download/c9ccf998-b96c-11e4-a802-0aaa78deedf9.fbx
c9cceb09-b96c-11e4-a802-0aaa78deedf9,Action Idle To Standing Idle,Transition From Action Idle To Standing Idle,Motion,download/c9cceb09-b96c-11e4-a802-0aaa78deedf9.fbx
c9cb2cfa-b96c-11e4-a802-0aaa78deedf9,Kettlebell Swing,Russian Kettlebell Swing,Motion,download/c9cb2cfa-b96c-11e4-a802-0aaa78deedf9.fbx
c9cb0936-b96c-11e4-a802-0aaa78deedf9,Receiving An Uppercut,Getting Hit By An Uppercut,Motion,download/c9cb0936-b96c-11e4-a802-0aaa78deedf9.fbx
c9cafaf6-b96c-11e4-a802-0aaa78deedf9,Big Side Hit,Receiving A Big Hit In The Side,Motion,download/c9cafaf6-b96c-11e4-a802-0aaa78deedf9.fbx
c9cae5a2-b96c-11e4-a802-0aaa78deedf9,Short Left Side Step,Short Left Boxing Side Step,Motion,download/c9cae5a2-b96c-11e4-a802-0aaa78deedf9.fbx
c9caa8bf-b96c-11e4-a802-0aaa78deedf9,Fist Fight B,Engaged In A Fist Fight,Motion,download/c9caa8bf-b96c-11e4-a802-0aaa78deedf9.fbx
c9cac353-b96c-11e4-a802-0aaa78deedf9,Situps,Situps,Motion,download/c9cac353-b96c-11e4-a802-0aaa78deedf9.fbx
c9caf807-b96c-11e4-a802-0aaa78deedf9,Kidney Hit,Receiving A Hit In The Kidneys,Motion,download/c9caf807-b96c-11e4-a802-0aaa78deedf9.fbx
c9c68b91-b96c-11e4-a802-0aaa78deedf9,Female Walk,Female Normal Walk,Motion,download/c9c68b91-b96c-11e4-a802-0aaa78deedf9.fbx
c9c65cae-b96c-11e4-a802-0aaa78deedf9,Hip Hop Dancing,Female Hip Hop 'Arm Wave' Dancing,Motion,download/c9c65cae-b96c-11e4-a802-0aaa78deedf9.fbx
c9c645d6-b96c-11e4-a802-0aaa78deedf9,Turning,Male Walk Then Turn With A Rifle,Motion,download/c9c645d6-b96c-11e4-a802-0aaa78deedf9.fbx
c9c6b467-b96c-11e4-a802-0aaa78deedf9,Zombie Idle,Zombie Upright Twitching Idle,Motion,download/c9c6b467-b96c-11e4-a802-0aaa78deedf9.fbx
c9c69248-b96c-11e4-a802-0aaa78deedf9,Female Peek And Aim,Female Turnaround Gun Aim,Motion,download/c9c69248-b96c-11e4-a802-0aaa78deedf9.fbx
314b7218-de23-4e70-a38d-d2dae4a65d41,Standing React Large From Front,Hit Reaction From The Front With Bow,Motion,download/314b7218-de23-4e70-a38d-d2dae4a65d41.fbx
c9ce60d0-b96c-11e4-a802-0aaa78deedf9,Drunk Idle Variation,Drunk Idle Variation Hiccup,Motion,download/c9ce60d0-b96c-11e4-a802-0aaa78deedf9.fbx
54026c13-c161-474e-a187-a4973b1f5bde,Male Action Pose,Push Up,Motion,download/54026c13-c161-474e-a187-a4973b1f5bde.fbx
c9ca807d-b96c-11e4-a802-0aaa78deedf9,Taking Cover Idle,Cover Idle Against A Wall With Rifle,Motion,download/c9ca807d-b96c-11e4-a802-0aaa78deedf9.fbx
c9c958e4-b96c-11e4-a802-0aaa78deedf9,Kiss,Kissing A Taller Person For A Short Period,Motion,download/c9c958e4-b96c-11e4-a802-0aaa78deedf9.fbx
c9c98676-b96c-11e4-a802-0aaa78deedf9,Right Turn,Standing Right Turn,Motion,download/c9c98676-b96c-11e4-a802-0aaa78deedf9.fbx
c9c9959c-b96c-11e4-a802-0aaa78deedf9,Thankful,Being Thankful While Standing,Motion,download/c9c9959c-b96c-11e4-a802-0aaa78deedf9.fbx
c9c95e7a-b96c-11e4-a802-0aaa78deedf9,Climbing Ladder,Climbing Up A Ladder,Motion,download/c9c95e7a-b96c-11e4-a802-0aaa78deedf9.fbx
c9c96924-b96c-11e4-a802-0aaa78deedf9,Right Strafe Walking,Strafe Walking To The Right,Motion,download/c9c96924-b96c-11e4-a802-0aaa78deedf9.fbx
c9c9fa4d-b96c-11e4-a802-0aaa78deedf9,Texting While Standing,Texting On A Smart Phone While Standing,Motion,download/c9c9fa4d-b96c-11e4-a802-0aaa78deedf9.fbx
c9c940be-b96c-11e4-a802-0aaa78deedf9,Mutant Idle,Mutant Stretching Idle,Motion,download/c9c940be-b96c-11e4-a802-0aaa78deedf9.fbx
c9c80676-b96c-11e4-a802-0aaa78deedf9,Hanging Idle,Hanging From A Ledge Idle,Motion,download/c9c80676-b96c-11e4-a802-0aaa78deedf9.fbx
c9c84f3e-b96c-11e4-a802-0aaa78deedf9,Opening,Attempting To Open A Door,Motion,download/c9c84f3e-b96c-11e4-a802-0aaa78deedf9.fbx
c9c89530-b96c-11e4-a802-0aaa78deedf9,Strafing,Start Left Upright Strafe Walk,Motion,download/c9c89530-b96c-11e4-a802-0aaa78deedf9.fbx
460d707b-f0f0-4cea-9db1-c2eda13d8c1f,Standing Block Idle,Blocking With Both Arms Out,Motion,download/460d707b-f0f0-4cea-9db1-c2eda13d8c1f.fbx
c9cbfa52-b96c-11e4-a802-0aaa78deedf9,Turn To Knocked Unconscious,Turn To Getting Knocked Unconscious,Motion,download/c9cbfa52-b96c-11e4-a802-0aaa78deedf9.fbx
c9cc0b63-b96c-11e4-a802-0aaa78deedf9,Crouch Look Around Corner,Crouch Looking Around Corner,Motion,download/c9cc0b63-b96c-11e4-a802-0aaa78deedf9.fbx
c9cc6860-b96c-11e4-a802-0aaa78deedf9,Sword And Shield Casting,Sword And Shield Spell Casting,Motion,download/c9cc6860-b96c-11e4-a802-0aaa78deedf9.fbx
c9cc82f0-b96c-11e4-a802-0aaa78deedf9,Great Sword Impact,Great Sword Blocked Impact,Motion,download/c9cc82f0-b96c-11e4-a802-0aaa78deedf9.fbx
c9cc62ee-b96c-11e4-a802-0aaa78deedf9,Sword And Shield Attack,Sword And Shield Jump Attack,Motion,download/c9cc62ee-b96c-11e4-a802-0aaa78deedf9.fbx
c9cc575e-b96c-11e4-a802-0aaa78deedf9,Sword And Shield Impact,Sword And Shield Blocked Impact,Motion,download/c9cc575e-b96c-11e4-a802-0aaa78deedf9.fbx
c9cc5b9b-b96c-11e4-a802-0aaa78deedf9,Sword And Shield Crouch Idle,Sword And Shield Left Crouch Idle- Loop,Motion,download/c9cc5b9b-b96c-11e4-a802-0aaa78deedf9.fbx
c9cc240a-b96c-11e4-a802-0aaa78deedf9,Zombie Dying,Zombie Getting Hit And Falling Forward,Motion,download/c9cc240a-b96c-11e4-a802-0aaa78deedf9.fbx
c9ccc468-b96c-11e4-a802-0aaa78deedf9,Walking Backward,Backward Walk,Motion,download/c9ccc468-b96c-11e4-a802-0aaa78deedf9.fbx
c9ccc5dd-b96c-11e4-a802-0aaa78deedf9,Standard Run,Standard Running,Motion,download/c9ccc5dd-b96c-11e4-a802-0aaa78deedf9.fbx
c9cc95e9-b96c-11e4-a802-0aaa78deedf9,Great Sword Idle,Great Sword Admiring Idle,Motion,download/c9cc95e9-b96c-11e4-a802-0aaa78deedf9.fbx
c9ccc0b3-b96c-11e4-a802-0aaa78deedf9,Sheath A Great Sword 1,Transition From Idle To Sheathing A Great Sword,Motion,download/c9ccc0b3-b96c-11e4-a802-0aaa78deedf9.fbx
c9cd0819-b96c-11e4-a802-0aaa78deedf9,Double Leg Takedown - Victim,Mma Takedown To Ground And Pound,Motion,download/c9cd0819-b96c-11e4-a802-0aaa78deedf9.fbx
c9cd2609-b96c-11e4-a802-0aaa78deedf9,Brutal Assassination,Attacker Brutal Assassination With Pipe,Motion,download/c9cd2609-b96c-11e4-a802-0aaa78deedf9.fbx
c9cb1308-b96c-11e4-a802-0aaa78deedf9,Hook,Mid Hook Punch To The Head,Motion,download/c9cb1308-b96c-11e4-a802-0aaa78deedf9.fbx
c9cb288f-b96c-11e4-a802-0aaa78deedf9,Sumo High Pull,Sumo High Pull Workout,Motion,download/c9cb288f-b96c-11e4-a802-0aaa78deedf9.fbx
c9cafa24-b96c-11e4-a802-0aaa78deedf9,Rib Hit,Receiving A Hit In The Ribs,Motion,download/c9cafa24-b96c-11e4-a802-0aaa78deedf9.fbx
c9cafdf9-b96c-11e4-a802-0aaa78deedf9,Hit To Body,Receiving A Hit To The Body By A Straight,Motion,download/c9cafdf9-b96c-11e4-a802-0aaa78deedf9.fbx
c9cad103-b96c-11e4-a802-0aaa78deedf9,Burpee,Burpee Workout,Motion,download/c9cad103-b96c-11e4-a802-0aaa78deedf9.fbx
c9c9bf01-b96c-11e4-a802-0aaa78deedf9,Run To Flip,Running To Flip Off Wall,Motion,download/c9c9bf01-b96c-11e4-a802-0aaa78deedf9.fbx
c9c9b2b7-b96c-11e4-a802-0aaa78deedf9,Climbing Down Wall,Climbing Down A Wall,Motion,download/c9c9b2b7-b96c-11e4-a802-0aaa78deedf9.fbx
c9cb03fa-b96c-11e4-a802-0aaa78deedf9,Big Hit To Head,Receiving A Big Hit From A Right Punch,Motion,download/c9cb03fa-b96c-11e4-a802-0aaa78deedf9.fbx
c9caa05e-b96c-11e4-a802-0aaa78deedf9,Idle,Standing Short Idle,Motion,download/c9caa05e-b96c-11e4-a802-0aaa78deedf9.fbx
c9cacc74-b96c-11e4-a802-0aaa78deedf9,Getting Hit Backwards,Getting Hit And Flipping Backwards,Motion,download/c9cacc74-b96c-11e4-a802-0aaa78deedf9.fbx
c9cb9d65-b96c-11e4-a802-0aaa78deedf9,Armada,Capoeira Spin Kick,Motion,download/c9cb9d65-b96c-11e4-a802-0aaa78deedf9.fbx
c9cc0cdf-b96c-11e4-a802-0aaa78deedf9,Stand Cover To Look,Stand Cover To Looking Around A Corner,Motion,download/c9cc0cdf-b96c-11e4-a802-0aaa78deedf9.fbx
c9cbdfd3-b96c-11e4-a802-0aaa78deedf9,Esquiva 2,Capoeira Escape,Motion,download/c9cbdfd3-b96c-11e4-a802-0aaa78deedf9.fbx
c9cc522d-b96c-11e4-a802-0aaa78deedf9,Sword And Shield Slash,Sword And Shield Power Slash,Motion,download/c9cc522d-b96c-11e4-a802-0aaa78deedf9.fbx
c9cc14af-b96c-11e4-a802-0aaa78deedf9,Wiping Sweat,Wiping Sweat Idle,Motion,download/c9cc14af-b96c-11e4-a802-0aaa78deedf9.fbx
c9cc4fd7-b96c-11e4-a802-0aaa78deedf9,Sword And Shield Slash,Sword And Shield Downward Slash,Motion,download/c9cc4fd7-b96c-11e4-a802-0aaa78deedf9.fbx
c9ccfd67-b96c-11e4-a802-0aaa78deedf9,Running Backward Arc,Female Run Backward Arc,Motion,download/c9ccfd67-b96c-11e4-a802-0aaa78deedf9.fbx
c9c8bdea-b96c-11e4-a802-0aaa78deedf9,Turn Right,Turn Right While Crouching,Motion,download/c9c8bdea-b96c-11e4-a802-0aaa78deedf9.fbx
c9cad1c4-b96c-11e4-a802-0aaa78deedf9,Burpee Start,Start Burpee Workout From Fitness Idle,Motion,download/c9cad1c4-b96c-11e4-a802-0aaa78deedf9.fbx
2691bf58-3ef8-4684-a1a7-6154977569e1,Standing Sprint Forward,Sprinting Forward,Motion,download/2691bf58-3ef8-4684-a1a7-6154977569e1.fbx
c9ceccf3-b96c-11e4-a802-0aaa78deedf9,Standing Block Idle,Blocking An Attack With Axe,Motion,download/c9ceccf3-b96c-11e4-a802-0aaa78deedf9.fbx
c9c64e6f-b96c-11e4-a802-0aaa78deedf9,Writing,Male Writing While Seated,Motion,download/c9c64e6f-b96c-11e4-a802-0aaa78deedf9.fbx
c9c62e30-b96c-11e4-a802-0aaa78deedf9,Dying,Dying Shot To The Chest Falling On Two Knees,Motion,download/c9c62e30-b96c-11e4-a802-0aaa78deedf9.fbx
c9c65293-b96c-11e4-a802-0aaa78deedf9,Baseball Catcher,Baseball Catcher Pop Fly,Motion,download/c9c65293-b96c-11e4-a802-0aaa78deedf9.fbx
c9c63255-b96c-11e4-a802-0aaa78deedf9,Drinking,Male Drinking,Motion,download/c9c63255-b96c-11e4-a802-0aaa78deedf9.fbx
c9c62472-b96c-11e4-a802-0aaa78deedf9,Kicking,Double Front Snap Kick,Motion,download/c9c62472-b96c-11e4-a802-0aaa78deedf9.fbx
c9c61ec1-b96c-11e4-a802-0aaa78deedf9,Knife Idle,"Knife On The Rear Hand, Reverse Grip",Motion,download/c9c61ec1-b96c-11e4-a802-0aaa78deedf9.fbx
79682eef-415c-46db-8ab3-d4318a7a13fa,Crouch To Standing,Transition From Crouching To Standing With Bow,Motion,download/79682eef-415c-46db-8ab3-d4318a7a13fa.fbx
5e1bdcb3-4617-46d8-8d98-5f218b7b0269,Standing Torch Jump Running To Standing Idle,Running  Jump To Standing Idle,Motion,download/5e1bdcb3-4617-46d8-8d98-5f218b7b0269.fbx
3bf002cc-5527-4c84-b55c-23db82a48d51,Male Standing Pose,"Left Leg On Object, Left Hand On Knee",Motion,download/3bf002cc-5527-4c84-b55c-23db82a48d51.fbx
f95846bf-6c0c-4429-81c5-d2d58d110a27,Male Action Pose,Pushing With Left Side Of Body,Motion,download/f95846bf-6c0c-4429-81c5-d2d58d110a27.fbx
4ce6d573-d378-4908-9552-42a8a05af500,Male Standing Pose,Left Elbow Resting On Object,Motion,download/4ce6d573-d378-4908-9552-42a8a05af500.fbx
d525734f-e335-4711-91c6-283811398fb4,Male Crouch Pose,"Leaning Forward, Right Hand Supporting",Motion,download/d525734f-e335-4711-91c6-283811398fb4.fbx
1cd09ee2-ba14-464d-9800-cbbbf16a6a2f,Female Locomotion Pose,"Walking, Arms On Hips",Motion,download/1cd09ee2-ba14-464d-9800-cbbbf16a6a2f.fbx
37a8093d-8cbe-424d-9efd-4b3f19df355a,Catwalk Walk Turn 180 Wide R,Male Walk Forward In A Wide Turn To The Right,Motion,download/37a8093d-8cbe-424d-9efd-4b3f19df355a.fbx
03aca155-0078-40a3-a52b-04d3eaa7287d,Standing Block React Large,Block Reaction,Motion,download/03aca155-0078-40a3-a52b-04d3eaa7287d.fbx
4c002217-c976-4f99-b479-e0edd507e258,Catwalk Sequence 03,Female Sequence - Transition To Right Hand On Hip,Motion,download/4c002217-c976-4f99-b479-e0edd507e258.fbx
c83f15d9-1e31-41c7-a1df-dfd6baa6fb60,Catwalk Idle 02,Male Standing Idle 02,Motion,download/c83f15d9-1e31-41c7-a1df-dfd6baa6fb60.fbx
8e84b7ba-606b-4678-89ab-da36be048566,Catwalk Walk Stop,Female Walk Forward To Idle,Motion,download/8e84b7ba-606b-4678-89ab-da36be048566.fbx
b6a59d7d-d02d-48e4-ac30-3edee0d2d9e6,Crouch Walk Right,Walking Right While Crouched,Motion,download/b6a59d7d-d02d-48e4-ac30-3edee0d2d9e6.fbx
c9cda444-b96c-11e4-a802-0aaa78deedf9,Watering,Watering With A Hose,Motion,download/c9cda444-b96c-11e4-a802-0aaa78deedf9.fbx
c9cd9ead-b96c-11e4-a802-0aaa78deedf9,Pull Plant,Kneeling Pulling Up A Plant,Motion,download/c9cd9ead-b96c-11e4-a802-0aaa78deedf9.fbx
c9cda2af-b96c-11e4-a802-0aaa78deedf9,Holding Turn Left,Holding An Object While Turning Left,Motion,download/c9cda2af-b96c-11e4-a802-0aaa78deedf9.fbx
c9c88244-b96c-11e4-a802-0aaa78deedf9,Dive Roll,Dive Roll While Holding Rifle,Motion,download/c9c88244-b96c-11e4-a802-0aaa78deedf9.fbx
c9c88b34-b96c-11e4-a802-0aaa78deedf9,Strafing,Crouched Strafe Run From Left To Stop,Motion,download/c9c88b34-b96c-11e4-a802-0aaa78deedf9.fbx
c9c828f8-b96c-11e4-a802-0aaa78deedf9,Being Carried,Injured And Being Carried To A Safer Place,Motion,download/c9c828f8-b96c-11e4-a802-0aaa78deedf9.fbx
c9c899a0-b96c-11e4-a802-0aaa78deedf9,Death,Death From Standing Idle,Motion,download/c9c899a0-b96c-11e4-a802-0aaa78deedf9.fbx
c9c8877b-b96c-11e4-a802-0aaa78deedf9,Strafing,Crouched Strafe Run Right To Stop,Motion,download/c9c8877b-b96c-11e4-a802-0aaa78deedf9.fbx
c9c87375-b96c-11e4-a802-0aaa78deedf9,Walking Backwards,Walking Backwards While Aiming Rifle,Motion,download/c9c87375-b96c-11e4-a802-0aaa78deedf9.fbx
c9c84906-b96c-11e4-a802-0aaa78deedf9,Laying,Laying On Back,Motion,download/c9c84906-b96c-11e4-a802-0aaa78deedf9.fbx
c9c67dc0-b96c-11e4-a802-0aaa78deedf9,Zombie Idle,Zombie Looking Around,Motion,download/c9c67dc0-b96c-11e4-a802-0aaa78deedf9.fbx
c9c6ceb1-b96c-11e4-a802-0aaa78deedf9,Kneel,Kneeling Warming Hands Over Campfire,Motion,download/c9c6ceb1-b96c-11e4-a802-0aaa78deedf9.fbx
c9c6e0ad-b96c-11e4-a802-0aaa78deedf9,Hip Hop Dancing,Hip Hop Just Listening Dancing Variation,Motion,download/c9c6e0ad-b96c-11e4-a802-0aaa78deedf9.fbx
c9c6f217-b96c-11e4-a802-0aaa78deedf9,Hip Hop Dancing,Hip Hop Runningman Dance,Motion,download/c9c6f217-b96c-11e4-a802-0aaa78deedf9.fbx
c9c6f3bd-b96c-11e4-a802-0aaa78deedf9,Capoeira,Capoeira Kicks,Motion,download/c9c6f3bd-b96c-11e4-a802-0aaa78deedf9.fbx
c9c7084d-b96c-11e4-a802-0aaa78deedf9,Boxing,Back Hand Cross,Motion,download/c9c7084d-b96c-11e4-a802-0aaa78deedf9.fbx
c9c66a19-b96c-11e4-a802-0aaa78deedf9,Jumping,Male Jumping Onto Platform,Motion,download/c9c66a19-b96c-11e4-a802-0aaa78deedf9.fbx
c9c6bd18-b96c-11e4-a802-0aaa78deedf9,Hit Reaction,Hit Reaction While Holding A Rifle,Motion,download/c9c6bd18-b96c-11e4-a802-0aaa78deedf9.fbx
c9c6947c-b96c-11e4-a802-0aaa78deedf9,Pointing,Pointing With Arm Bent,Motion,download/c9c6947c-b96c-11e4-a802-0aaa78deedf9.fbx
c9ca7d50-b96c-11e4-a802-0aaa78deedf9,Golf Pre-Putt,Putt Pre-Shot Grading Routine,Motion,download/c9ca7d50-b96c-11e4-a802-0aaa78deedf9.fbx
c9ca68b5-b96c-11e4-a802-0aaa78deedf9,Golf Drive Setup,Drive Pre-Shot Setup,Motion,download/c9ca68b5-b96c-11e4-a802-0aaa78deedf9.fbx
c9c9ff70-b96c-11e4-a802-0aaa78deedf9,Idle,Looking Over Both Shoulders,Motion,download/c9c9ff70-b96c-11e4-a802-0aaa78deedf9.fbx
c9c91079-b96c-11e4-a802-0aaa78deedf9,Falling Down,Knocked Over And Falling To The Ground,Motion,download/c9c91079-b96c-11e4-a802-0aaa78deedf9.fbx
c9c8d41c-b96c-11e4-a802-0aaa78deedf9,Pulled From Seat,Pulled Out Of Pilot Seat,Motion,download/c9c8d41c-b96c-11e4-a802-0aaa78deedf9.fbx
c9c8ecbd-b96c-11e4-a802-0aaa78deedf9,Crouching,Crouching From Standing Position,Motion,download/c9c8ecbd-b96c-11e4-a802-0aaa78deedf9.fbx
c9c97a12-b96c-11e4-a802-0aaa78deedf9,Right Turn,Standing Right Turn,Motion,download/c9c97a12-b96c-11e4-a802-0aaa78deedf9.fbx
c9c97f8f-b96c-11e4-a802-0aaa78deedf9,Jump,Jumping In Place,Motion,download/c9c97f8f-b96c-11e4-a802-0aaa78deedf9.fbx
c9c99350-b96c-11e4-a802-0aaa78deedf9,Idle,Standing Idle,Motion,download/c9c99350-b96c-11e4-a802-0aaa78deedf9.fbx
c9c95db7-b96c-11e4-a802-0aaa78deedf9,Mutant Jump Attack,Mutant Jump Attack To Idle,Motion,download/c9c95db7-b96c-11e4-a802-0aaa78deedf9.fbx
c9c92388-b96c-11e4-a802-0aaa78deedf9,Cards,Dealing Cards,Motion,download/c9c92388-b96c-11e4-a802-0aaa78deedf9.fbx
c9c68f62-b96c-11e4-a802-0aaa78deedf9,Female Tough Walk,Madeline Walk Like A Cowgirl - 2 Strides Loop,Motion,download/c9c68f62-b96c-11e4-a802-0aaa78deedf9.fbx
c9c81a1d-b96c-11e4-a802-0aaa78deedf9,Look Around,Looking Around At Oneself,Motion,download/c9c81a1d-b96c-11e4-a802-0aaa78deedf9.fbx
c9c7f1df-b96c-11e4-a802-0aaa78deedf9,Quad Punch,Quad Punch Combo,Motion,download/c9c7f1df-b96c-11e4-a802-0aaa78deedf9.fbx
c9c7a914-b96c-11e4-a802-0aaa78deedf9,"Shoulder Throw, Victim",Thrown Over The Shoulder With A Leg Hook By An Aggressor,Motion,download/c9c7a914-b96c-11e4-a802-0aaa78deedf9.fbx
c9c81d97-b96c-11e4-a802-0aaa78deedf9,Being Carried,Being Picked Up And Carried By Someone,Motion,download/c9c81d97-b96c-11e4-a802-0aaa78deedf9.fbx
c9c86aa4-b96c-11e4-a802-0aaa78deedf9,Roll Left,Rolling Left While Aiming Rifle,Motion,download/c9c86aa4-b96c-11e4-a802-0aaa78deedf9.fbx
c9c8214a-b96c-11e4-a802-0aaa78deedf9,Reacting,Being Surprised And Looking Right,Motion,download/c9c8214a-b96c-11e4-a802-0aaa78deedf9.fbx
c9c8f9a7-b96c-11e4-a802-0aaa78deedf9,Running Tired,Running Tired To Dizzy,Motion,download/c9c8f9a7-b96c-11e4-a802-0aaa78deedf9.fbx
c9c8d041-b96c-11e4-a802-0aaa78deedf9,Roll Kicking,Roll Kick Landing On Hands And Knees,Motion,download/c9c8d041-b96c-11e4-a802-0aaa78deedf9.fbx
c9c8cded-b96c-11e4-a802-0aaa78deedf9,Kneeling Inspecting,Kneeling And Inspecting Element With Hands,Motion,download/c9c8cded-b96c-11e4-a802-0aaa78deedf9.fbx
c9c8bc4d-b96c-11e4-a802-0aaa78deedf9,Vault Over Box,Vault Over Box And Hide,Motion,download/c9c8bc4d-b96c-11e4-a802-0aaa78deedf9.fbx
c9cb5fda-b96c-11e4-a802-0aaa78deedf9,Stall Soccerball,Juggling Left Knee Stall Of A Soccer Ball,Motion,download/c9cb5fda-b96c-11e4-a802-0aaa78deedf9.fbx
c9cb0b78-b96c-11e4-a802-0aaa78deedf9,Left Pivot,High Left Boxing Pivot,Motion,download/c9cb0b78-b96c-11e4-a802-0aaa78deedf9.fbx
c9cb653e-b96c-11e4-a802-0aaa78deedf9,Sitting Clap,Sitting Ethusiastic Clap,Motion,download/c9cb653e-b96c-11e4-a802-0aaa78deedf9.fbx
c9cc560f-b96c-11e4-a802-0aaa78deedf9,Sword And Shield Block,Sword And Shield Block To Idle,Motion,download/c9cc560f-b96c-11e4-a802-0aaa78deedf9.fbx
c9cc7780-b96c-11e4-a802-0aaa78deedf9,Great Sword Turn,Great Sword 90 Degree Left Turn,Motion,download/c9cc7780-b96c-11e4-a802-0aaa78deedf9.fbx
c9cc21c2-b96c-11e4-a802-0aaa78deedf9,Breakdance Freezes,Breakdance Freeze Combo,Motion,download/c9cc21c2-b96c-11e4-a802-0aaa78deedf9.fbx
c9cbe86b-b96c-11e4-a802-0aaa78deedf9,Northern Soul Spin Combo,Northern Soul Dance Spin Dip And Splits,Motion,download/c9cbe86b-b96c-11e4-a802-0aaa78deedf9.fbx
c9c9bc34-b96c-11e4-a802-0aaa78deedf9,Freehang Drop,Freehang Drop To Standing,Motion,download/c9c9bc34-b96c-11e4-a802-0aaa78deedf9.fbx
c9c9b5d5-b96c-11e4-a802-0aaa78deedf9,Braced Hang Hop Up,Braced Hang Hop Up To Another Braced Hang,Motion,download/c9c9b5d5-b96c-11e4-a802-0aaa78deedf9.fbx
c9caf5b4-b96c-11e4-a802-0aaa78deedf9,Combo Punch,Eight Punch Combo,Motion,download/c9caf5b4-b96c-11e4-a802-0aaa78deedf9.fbx
c9ca8bbd-b96c-11e4-a802-0aaa78deedf9,Jumping,Male Jumping Over An Obstacle With 2 Hands Planted,Motion,download/c9ca8bbd-b96c-11e4-a802-0aaa78deedf9.fbx
c9ca77de-b96c-11e4-a802-0aaa78deedf9,Golf Post Shot,Post-Shot Course Correction Var 1,Motion,download/c9ca77de-b96c-11e4-a802-0aaa78deedf9.fbx
c9c9a724-b96c-11e4-a802-0aaa78deedf9,Braced Hang Shimmy,Left Braced Hang Shimmy,Motion,download/c9c9a724-b96c-11e4-a802-0aaa78deedf9.fbx
c9c9dff0-b96c-11e4-a802-0aaa78deedf9,Looking Around,Looking Around With Duel Wielded Pistols,Motion,download/c9c9dff0-b96c-11e4-a802-0aaa78deedf9.fbx
c9cafd3d-b96c-11e4-a802-0aaa78deedf9,Stomach Hit,Receiving A Hit In The Stomach,Motion,download/c9cafd3d-b96c-11e4-a802-0aaa78deedf9.fbx
c9ca9df3-b96c-11e4-a802-0aaa78deedf9,Corkscrew Kip Up,Male Sliding Corkscrew To Kip Up,Motion,download/c9ca9df3-b96c-11e4-a802-0aaa78deedf9.fbx
c9cd9de5-b96c-11e4-a802-0aaa78deedf9,Pull Plant,Standing Pulling Up A Plant,Motion,download/c9cd9de5-b96c-11e4-a802-0aaa78deedf9.fbx
c9cd85fa-b96c-11e4-a802-0aaa78deedf9,Hit On Legs,Hit On Back Of Legs With An Object While Running,Motion,download/c9cd85fa-b96c-11e4-a802-0aaa78deedf9.fbx
c9cc85e9-b96c-11e4-a802-0aaa78deedf9,Great Sword Crouching,Great Sword Crouch To Stand,Motion,download/c9cc85e9-b96c-11e4-a802-0aaa78deedf9.fbx
c9cd3e84-b96c-11e4-a802-0aaa78deedf9,Baseball Walk In,Baseball Batter Walking Into Batters Box,Motion,download/c9cd3e84-b96c-11e4-a802-0aaa78deedf9.fbx
c9cd1193-b96c-11e4-a802-0aaa78deedf9,Dwarf Idle,Female Dwarf Standing Idle,Motion,download/c9cd1193-b96c-11e4-a802-0aaa78deedf9.fbx
c9cd28fc-b96c-11e4-a802-0aaa78deedf9,Mma Kick,Mma Low Kick,Motion,download/c9cd28fc-b96c-11e4-a802-0aaa78deedf9.fbx
c9cd5110-b96c-11e4-a802-0aaa78deedf9,Rifle Walk To Stop,Rifle Walking To Standing,Motion,download/c9cd5110-b96c-11e4-a802-0aaa78deedf9.fbx
c9cd23c3-b96c-11e4-a802-0aaa78deedf9,Dwarf Walk,Male Dwarf Walk Forward,Motion,download/c9cd23c3-b96c-11e4-a802-0aaa78deedf9.fbx
c9ccde24-b96c-11e4-a802-0aaa78deedf9,Run Forward,Running Forward In A Sad Disposition,Motion,download/c9ccde24-b96c-11e4-a802-0aaa78deedf9.fbx
c9cd1a9a-b96c-11e4-a802-0aaa78deedf9,Walk Backward Arc,Female Ninja Walk Backward Arc Left,Motion,download/c9cd1a9a-b96c-11e4-a802-0aaa78deedf9.fbx
c9ccd8eb-b96c-11e4-a802-0aaa78deedf9,Standing Up,Standing Up From A Soccer Fall,Motion,download/c9ccd8eb-b96c-11e4-a802-0aaa78deedf9.fbx
c9cce1ef-b96c-11e4-a802-0aaa78deedf9,Right Turn,Turning Right In A Sad Disposition,Motion,download/c9cce1ef-b96c-11e4-a802-0aaa78deedf9.fbx
c9cca398-b96c-11e4-a802-0aaa78deedf9,Draw Sword 2,Transition From Standing To Drawing Sword,Motion,download/c9cca398-b96c-11e4-a802-0aaa78deedf9.fbx
c9cca748-b96c-11e4-a802-0aaa78deedf9,Running Crawl,Running On All Fours,Motion,download/c9cca748-b96c-11e4-a802-0aaa78deedf9.fbx
c9cc8764-b96c-11e4-a802-0aaa78deedf9,Great Sword Slash,Great Sword Crouching Slash,Motion,download/c9cc8764-b96c-11e4-a802-0aaa78deedf9.fbx
c9cc4a62-b96c-11e4-a802-0aaa78deedf9,Sword And Shield Strafe,Sword And Shield Left Strafe Walk,Motion,download/c9cc4a62-b96c-11e4-a802-0aaa78deedf9.fbx
c9cb24a7-b96c-11e4-a802-0aaa78deedf9,Back Squat,Ending Back Squat Workout To Fitness Idle,Motion,download/c9cb24a7-b96c-11e4-a802-0aaa78deedf9.fbx
c9cb3ff4-b96c-11e4-a802-0aaa78deedf9,Goalkeeper Idle,Goalkeeper Idle Holding Ball,Motion,download/c9cb3ff4-b96c-11e4-a802-0aaa78deedf9.fbx
6e2dad1a-2725-4df2-adb9-20dd3007ca8c,Standing 2H Magic Attack 02,Two Handed Casting Spell Fowards,Motion,download/6e2dad1a-2725-4df2-adb9-20dd3007ca8c.fbx
14f7890c-4431-4944-95d0-f7c46a1c538b,Crouch Walk Left,Walking Left While Crouched,Motion,download/14f7890c-4431-4944-95d0-f7c46a1c538b.fbx
20d24be0-b948-477b-9a24-4b562d83687c,Female Laying Pose,"On Right Side, Right Hand Supporting Head",Motion,download/20d24be0-b948-477b-9a24-4b562d83687c.fbx
d787960d-5406-4988-968b-7ade5ac49075,Catwalk Idle 01,Male Standing Idle 01,Motion,download/d787960d-5406-4988-968b-7ade5ac49075.fbx
4d2adf5a-39fa-4aa1-9272-e07c334bc0a3,Standing Walk Forward,Walking Forwards,Motion,download/4d2adf5a-39fa-4aa1-9272-e07c334bc0a3.fbx
055c26a1-0184-4197-8a8e-ea91524c12b3,Catwalk Twist L To Walk 180,Male Twist Left Idle To Walk 180 - Turning Left,Motion,download/055c26a1-0184-4197-8a8e-ea91524c12b3.fbx
aa7e9e1e-0554-438f-bc2e-1b32088f0198,Catwalk Walk Turn 180 Wide L,Male Walk Forward In A Wide Turn To The Left,Motion,download/aa7e9e1e-0554-438f-bc2e-1b32088f0198.fbx
3e6cd013-6a18-4e26-b4cd-f49a47c22d2a,Standing Torch Turn Left 90,Turning 90 Degrees Left With Torch,Motion,download/3e6cd013-6a18-4e26-b4cd-f49a47c22d2a.fbx
01da8857-474f-404d-aa34-2e09e697f02c,Male Standing Pose,"Right Leg On Object, Left Hand On Hip, Right Hand On Chin",Motion,download/01da8857-474f-404d-aa34-2e09e697f02c.fbx
2906468d-f1ee-4444-8c8a-76a95dcaea96,Standing Torch Idle 02,Standing Idle Looking Around,Motion,download/2906468d-f1ee-4444-8c8a-76a95dcaea96.fbx
bc9bacbc-3968-41f8-b813-c95471177c00,Standing Run Forward,Running Forwards,Motion,download/bc9bacbc-3968-41f8-b813-c95471177c00.fbx
c8399864-940e-403a-8602-a3569d7c5420,Standing React Large From Left,Hit Reaction From The Left With Bow,Motion,download/c8399864-940e-403a-8602-a3569d7c5420.fbx
c9ccfbe8-b96c-11e4-a802-0aaa78deedf9,Run Arc Left,Female Run Arc Left,Motion,download/c9ccfbe8-b96c-11e4-a802-0aaa78deedf9.fbx
c9cedab1-b96c-11e4-a802-0aaa78deedf9,Standing Melee Combo Attack Ver. 2,Three Hit Combo Attack With Axe,Motion,download/c9cedab1-b96c-11e4-a802-0aaa78deedf9.fbx
c9cece82-b96c-11e4-a802-0aaa78deedf9,Standing Disarm Underarm,Disarming Axe Underarm,Motion,download/c9cece82-b96c-11e4-a802-0aaa78deedf9.fbx
c9cef01d-b96c-11e4-a802-0aaa78deedf9,Unarmed Turn Right 90,Turning 90 Degrees Right,Motion,download/c9cef01d-b96c-11e4-a802-0aaa78deedf9.fbx
c9cdbb48-b96c-11e4-a802-0aaa78deedf9,Pistol Strafe,Strafe Left With An Aimed Pistol,Motion,download/c9cdbb48-b96c-11e4-a802-0aaa78deedf9.fbx
c9cd7b57-b96c-11e4-a802-0aaa78deedf9,Jog Backward,Soccer Jog Backward,Motion,download/c9cd7b57-b96c-11e4-a802-0aaa78deedf9.fbx
c9cda77e-b96c-11e4-a802-0aaa78deedf9,Pick Fruit,Picking Fruit From Ground,Motion,download/c9cda77e-b96c-11e4-a802-0aaa78deedf9.fbx
c9ceacc6-b96c-11e4-a802-0aaa78deedf9,Standing Draw Arrow,Reloading Bow,Motion,download/c9ceacc6-b96c-11e4-a802-0aaa78deedf9.fbx
c9ce53ae-b96c-11e4-a802-0aaa78deedf9,Injured Stumble Idle,Injured Stumbling Idle,Motion,download/c9ce53ae-b96c-11e4-a802-0aaa78deedf9.fbx
c9ce73bf-b96c-11e4-a802-0aaa78deedf9,Taking A Pill,Laying Taking A Pill,Motion,download/c9ce73bf-b96c-11e4-a802-0aaa78deedf9.fbx
c9c88a71-b96c-11e4-a802-0aaa78deedf9,Bboy Uprock,Bboy Uprock Indian Step,Motion,download/c9c88a71-b96c-11e4-a802-0aaa78deedf9.fbx
c9cb2327-b96c-11e4-a802-0aaa78deedf9,Overhead Squat,End Overhead Squat Workout To Fitness Idle,Motion,download/c9cb2327-b96c-11e4-a802-0aaa78deedf9.fbx
c9cb3a87-b96c-11e4-a802-0aaa78deedf9,Victory,Victory From A Boxing Win,Motion,download/c9cb3a87-b96c-11e4-a802-0aaa78deedf9.fbx
c9cb1f32-b96c-11e4-a802-0aaa78deedf9,Snatch,Snatch Workout,Motion,download/c9cb1f32-b96c-11e4-a802-0aaa78deedf9.fbx
c9cb677f-b96c-11e4-a802-0aaa78deedf9,Standing Clap,Standing Low Clap From Sitting,Motion,download/c9cb677f-b96c-11e4-a802-0aaa78deedf9.fbx
c9cb316a-b96c-11e4-a802-0aaa78deedf9,Kettlebell Swing,Start Russian Kettlebell Swing From Fitness Idle,Motion,download/c9cb316a-b96c-11e4-a802-0aaa78deedf9.fbx
c9c9cc39-b96c-11e4-a802-0aaa78deedf9,Jumping To Hanging,Ledge Hit To Hanging Braced,Motion,download/c9c9cc39-b96c-11e4-a802-0aaa78deedf9.fbx
c9cb6ccd-b96c-11e4-a802-0aaa78deedf9,Fist Pump,High Enthusiasm Fist Pump,Motion,download/c9cb6ccd-b96c-11e4-a802-0aaa78deedf9.fbx
c9c901a0-b96c-11e4-a802-0aaa78deedf9,Focus,Shake Off Head Pain And Focus,Motion,download/c9c901a0-b96c-11e4-a802-0aaa78deedf9.fbx
c9c93013-b96c-11e4-a802-0aaa78deedf9,Crouch Walk Strafe Left,Crouched Rifle Walk Strafe Left,Motion,download/c9c93013-b96c-11e4-a802-0aaa78deedf9.fbx
c9c90efc-b96c-11e4-a802-0aaa78deedf9,Head Gesture,Gesturing Head Side To Side,Motion,download/c9c90efc-b96c-11e4-a802-0aaa78deedf9.fbx
c9c97df8-b96c-11e4-a802-0aaa78deedf9,Crazy Gesture,Crazy Hand Gesture,Motion,download/c9c97df8-b96c-11e4-a802-0aaa78deedf9.fbx
c9c9a063-b96c-11e4-a802-0aaa78deedf9,Left Cover Sneak,Left Standing Sneak Behind Cover,Motion,download/c9c9a063-b96c-11e4-a802-0aaa78deedf9.fbx
c9c9aef0-b96c-11e4-a802-0aaa78deedf9,Pull Heavy Object,Pulling A Heavy Object,Motion,download/c9c9aef0-b96c-11e4-a802-0aaa78deedf9.fbx
c9c63a74-b96c-11e4-a802-0aaa78deedf9,Gunplay,Standing Shooting Rapid Fire,Motion,download/c9c63a74-b96c-11e4-a802-0aaa78deedf9.fbx
c9c649e2-b96c-11e4-a802-0aaa78deedf9,Jumping Down,Male Graceful Jump Down,Motion,download/c9c649e2-b96c-11e4-a802-0aaa78deedf9.fbx
c9c6500d-b96c-11e4-a802-0aaa78deedf9,Talking,Male Talking While Seated,Motion,download/c9c6500d-b96c-11e4-a802-0aaa78deedf9.fbx
c9c6d930-b96c-11e4-a802-0aaa78deedf9,Closing A Lid,Closing The Lid On A Chest Or Box,Motion,download/c9c6d930-b96c-11e4-a802-0aaa78deedf9.fbx
c9c6a211-b96c-11e4-a802-0aaa78deedf9,Praying,Kneeling In Prayer,Motion,download/c9c6a211-b96c-11e4-a802-0aaa78deedf9.fbx
170e8e49-8c1e-430e-8110-bf9c44ce3cd3,Female Action Pose,Attacking,Motion,download/170e8e49-8c1e-430e-8110-bf9c44ce3cd3.fbx
cb90109f-8c5a-4ab5-adfa-79c4c76ed31b,Catwalk Idle Twist L,Male Twist Left Idle,Motion,download/cb90109f-8c5a-4ab5-adfa-79c4c76ed31b.fbx
552212c8-01e2-43e7-8e55-cc81ece5a16f,Catwalk Walk Forward Turn 90R,Male Walk Forward Turning Right 90,Motion,download/552212c8-01e2-43e7-8e55-cc81ece5a16f.fbx
c9ce9ab2-b96c-11e4-a802-0aaa78deedf9,Walk Backward Right,Rifle Walk Backward Right,Motion,download/c9ce9ab2-b96c-11e4-a802-0aaa78deedf9.fbx
c831c4aa-d70f-403c-8fc3-e8df720c4cac,Female Dance Pose,"On Toes, Back Arched",Motion,download/c831c4aa-d70f-403c-8fc3-e8df720c4cac.fbx
dac70582-43d1-435b-8aa6-70da1ba37b66,Male Sitting Pose,"Reclined, Hands Behind Head",Motion,download/dac70582-43d1-435b-8aa6-70da1ba37b66.fbx
9cf58708-0b86-40ae-bcfe-d211289530f7,Male Sitting Pose,Arms Resting On Knees,Motion,download/9cf58708-0b86-40ae-bcfe-d211289530f7.fbx
61c51e24-3e95-4adb-9df7-4c6efb389d78,Female Laying Pose,"Legs Crossed, Arms Supporting",Motion,download/61c51e24-3e95-4adb-9df7-4c6efb389d78.fbx
177cf7c1-c4b0-48fb-8ab9-b7e81e7a2331,Male Dance Pose,Legs Crossed,Motion,download/177cf7c1-c4b0-48fb-8ab9-b7e81e7a2331.fbx
1129449a-6a47-4278-abaf-6e7d67ca9963,Unarmed Equip Torch 02,Equipping Torch And Lighting With Right Hand,Motion,download/1129449a-6a47-4278-abaf-6e7d67ca9963.fbx
c9c66ec0-b96c-11e4-a802-0aaa78deedf9,Cheering,Male Cheering Head Banging,Motion,download/c9c66ec0-b96c-11e4-a802-0aaa78deedf9.fbx
c9c6436d-b96c-11e4-a802-0aaa78deedf9,Leg Sweep,Front Leg Sweep,Motion,download/c9c6436d-b96c-11e4-a802-0aaa78deedf9.fbx
c9c6e5b1-b96c-11e4-a802-0aaa78deedf9,House Dancing,House Dance Variation Two,Motion,download/c9c6e5b1-b96c-11e4-a802-0aaa78deedf9.fbx
c9c6afea-b96c-11e4-a802-0aaa78deedf9,Backflip,Backflip Moving Backward,Motion,download/c9c6afea-b96c-11e4-a802-0aaa78deedf9.fbx
c9c6a70a-b96c-11e4-a802-0aaa78deedf9,Military Signaling,"Military Signal ""Look"" While Crouched",Motion,download/c9c6a70a-b96c-11e4-a802-0aaa78deedf9.fbx
4c161239-3d65-4681-bf30-a55ba3740ffd,Standing Torch Inspect Forward,Inspecting Forwards With Torch - Looop,Motion,download/4c161239-3d65-4681-bf30-a55ba3740ffd.fbx
2fe6b534-784e-444f-accd-9bddb94b5ed2,Standing Torch Melee Attack 05,Two Hit Combo Attack With Torch,Motion,download/2fe6b534-784e-444f-accd-9bddb94b5ed2.fbx
8272e524-2315-468a-96df-5a2d1297fd7a,Unarmed Equip Torch 01,Equipping Torch,Motion,download/8272e524-2315-468a-96df-5a2d1297fd7a.fbx
6ebc2e9b-aba8-40d7-bdac-7ea2cef21cd0,Crouch Turn Left 90,Turning 90 Degrees Left With Bow,Motion,download/6ebc2e9b-aba8-40d7-bdac-7ea2cef21cd0.fbx
9fdcee4e-3a69-4b6e-b970-248897393939,Standing React Large From Back,Hit Reaction From Behind With Bow,Motion,download/9fdcee4e-3a69-4b6e-b970-248897393939.fbx
7e2322af-148e-4e18-a66f-70a8e4d742d3,Crouch Torch Idle 02,Crouch Idle Looking Around,Motion,download/7e2322af-148e-4e18-a66f-70a8e4d742d3.fbx
8a1dbf66-2999-45a4-9255-17d0a3d2b20a,Standing Death Forward 02,Death Reaction Falling Forwards With Bow,Motion,download/8a1dbf66-2999-45a4-9255-17d0a3d2b20a.fbx
64cb8917-9b8b-4ede-9972-04d728cd7085,Male Locomotion Pose,Stepping Forward Looking Left,Motion,download/64cb8917-9b8b-4ede-9972-04d728cd7085.fbx
7ae2d141-55c2-406e-b395-5e4f2bc2af23,Crouch Torch Walk Right,Walking Right While Crouched,Motion,download/7ae2d141-55c2-406e-b395-5e4f2bc2af23.fbx
08b56eb4-f99a-4e1b-a3df-bb543f33dbbf,Male Standing Pose,"Legs Crossed, Left Arm On Object, Right Hand On Hip",Motion,download/08b56eb4-f99a-4e1b-a3df-bb543f33dbbf.fbx
4d1eb9fd-1c87-4782-8324-0c6cac3aa9fb,Male Crouch Pose,"Leaning Against Object, Looking Left",Motion,download/4d1eb9fd-1c87-4782-8324-0c6cac3aa9fb.fbx
da9f9f38-5e04-4a3e-b489-91d4cdd1a90f,Female Dance Pose,"On Right Toes, Left Leg Raised",Motion,download/da9f9f38-5e04-4a3e-b489-91d4cdd1a90f.fbx
c9ceddf6-b96c-11e4-a802-0aaa78deedf9,Standing React Large From Right,Hit Reaction From The Right With Axe,Motion,download/c9ceddf6-b96c-11e4-a802-0aaa78deedf9.fbx
c9cea330-b96c-11e4-a802-0aaa78deedf9,Crouching Turn 90 Left,Rifle Crouched Turn 90 Left,Motion,download/c9cea330-b96c-11e4-a802-0aaa78deedf9.fbx
c9ce8cf6-b96c-11e4-a802-0aaa78deedf9,Run Right,Rifle Run Right,Motion,download/c9ce8cf6-b96c-11e4-a802-0aaa78deedf9.fbx
c9ccc6a1-b96c-11e4-a802-0aaa78deedf9,Running Right Turn,Turning Right While Running,Motion,download/c9ccc6a1-b96c-11e4-a802-0aaa78deedf9.fbx
c9cc5854-b96c-11e4-a802-0aaa78deedf9,Sword And Shield Impact,Sword And Shield Unblocked Impact,Motion,download/c9cc5854-b96c-11e4-a802-0aaa78deedf9.fbx
c9cbeb3e-b96c-11e4-a802-0aaa78deedf9,Northern Soul Floor Spin,Northern Soul Dance Spin On Floor,Motion,download/c9cbeb3e-b96c-11e4-a802-0aaa78deedf9.fbx
c9cafeb8-b96c-11e4-a802-0aaa78deedf9,Hit To Body,Receiving A Hit To The Body By A Uppercut,Motion,download/c9cafeb8-b96c-11e4-a802-0aaa78deedf9.fbx
c9caa63d-b96c-11e4-a802-0aaa78deedf9,Air Squat,Air Squat Workout,Motion,download/c9caa63d-b96c-11e4-a802-0aaa78deedf9.fbx
c9ca927e-b96c-11e4-a802-0aaa78deedf9,Firing Rifle,Repeatedly Firing A Rifle While Crouch Walking,Motion,download/c9ca927e-b96c-11e4-a802-0aaa78deedf9.fbx
c9ca8e91-b96c-11e4-a802-0aaa78deedf9,Swinging,Male One Arm Swing Onto Platform,Motion,download/c9ca8e91-b96c-11e4-a802-0aaa78deedf9.fbx
c9cc96a6-b96c-11e4-a802-0aaa78deedf9,Great Sword Idle,Great Sword Look Around Idle,Motion,download/c9cc96a6-b96c-11e4-a802-0aaa78deedf9.fbx
c9cc83b2-b96c-11e4-a802-0aaa78deedf9,Great Sword Impact,Great Sword Unblocked Impact,Motion,download/c9cc83b2-b96c-11e4-a802-0aaa78deedf9.fbx
c9cc9fec-b96c-11e4-a802-0aaa78deedf9,Soccer Tackle,Standing Fall Over A Soccer Slide Tackle,Motion,download/c9cc9fec-b96c-11e4-a802-0aaa78deedf9.fbx
c9cc40ee-b96c-11e4-a802-0aaa78deedf9,Breakdance Uprock,Breakdance Uprock Start,Motion,download/c9cc40ee-b96c-11e4-a802-0aaa78deedf9.fbx
c9cc1f75-b96c-11e4-a802-0aaa78deedf9,Breakdance Footwork 2,Breakdance Ground Footwork Var 2,Motion,download/c9cc1f75-b96c-11e4-a802-0aaa78deedf9.fbx
c9cbf8c2-b96c-11e4-a802-0aaa78deedf9,Jogging Stumble,Brief Stumble While Jogging,Motion,download/c9cbf8c2-b96c-11e4-a802-0aaa78deedf9.fbx
c9cd0387-b96c-11e4-a802-0aaa78deedf9,Ninja Idle,Female Ninja Idle Var. 3,Motion,download/c9cd0387-b96c-11e4-a802-0aaa78deedf9.fbx
c9ccd171-b96c-11e4-a802-0aaa78deedf9,Falling Into Pool,Losing Balance And Falling Sideways Into A Pool,Motion,download/c9ccd171-b96c-11e4-a802-0aaa78deedf9.fbx
c9cd1318-b96c-11e4-a802-0aaa78deedf9,Surprise Uppercut,Attacker Chase Down Give Surprise Uppercut,Motion,download/c9cd1318-b96c-11e4-a802-0aaa78deedf9.fbx
c9ccd6a0-b96c-11e4-a802-0aaa78deedf9,Fallen Idle,Hurt Ground Idle From A Soccer Fall,Motion,download/c9ccd6a0-b96c-11e4-a802-0aaa78deedf9.fbx
c9cadacd-b96c-11e4-a802-0aaa78deedf9,Illegal Headbutt,Illegal Headbutt With Step,Motion,download/c9cadacd-b96c-11e4-a802-0aaa78deedf9.fbx
c9ca9801-b96c-11e4-a802-0aaa78deedf9,Jumping,Male Jumping Over And Obstacle Out To A Spin,Motion,download/c9ca9801-b96c-11e4-a802-0aaa78deedf9.fbx
c9cb88ed-b96c-11e4-a802-0aaa78deedf9,Sitting Angry,Sitting Highly Aggravated,Motion,download/c9cb88ed-b96c-11e4-a802-0aaa78deedf9.fbx
c9cb2262-b96c-11e4-a802-0aaa78deedf9,Overhead Squat,Start Overhead Squat Workout From Fitness Idle,Motion,download/c9cb2262-b96c-11e4-a802-0aaa78deedf9.fbx
c9cb37b1-b96c-11e4-a802-0aaa78deedf9,Right Pivot,Low Right Boxing Pivot,Motion,download/c9cb37b1-b96c-11e4-a802-0aaa78deedf9.fbx
c9cb0cf9-b96c-11e4-a802-0aaa78deedf9,Right Pivot,High Right Boxing Pivot,Motion,download/c9cb0cf9-b96c-11e4-a802-0aaa78deedf9.fbx
c9caea63-b96c-11e4-a802-0aaa78deedf9,Long Right Side Step,Long Right Boxing Side Step,Motion,download/c9caea63-b96c-11e4-a802-0aaa78deedf9.fbx
c9cb66c1-b96c-11e4-a802-0aaa78deedf9,Sitting Clap,Sitting Ethusiastic High Clap,Motion,download/c9cb66c1-b96c-11e4-a802-0aaa78deedf9.fbx
c9cb6176-b96c-11e4-a802-0aaa78deedf9,Header Soccerball,Juggling Header Of A Soccer Ball,Motion,download/c9cb6176-b96c-11e4-a802-0aaa78deedf9.fbx
c9c91ba2-b96c-11e4-a802-0aaa78deedf9,Happy Hand Gesture,Happy Forward Hand Gesture,Motion,download/c9c91ba2-b96c-11e4-a802-0aaa78deedf9.fbx
c9c92112-b96c-11e4-a802-0aaa78deedf9,Relieved Sigh,Sighing In Relief,Motion,download/c9c92112-b96c-11e4-a802-0aaa78deedf9.fbx
c9cc31d6-b96c-11e4-a802-0aaa78deedf9,Goalie Throw,Goalie Overhand Throw,Motion,download/c9cc31d6-b96c-11e4-a802-0aaa78deedf9.fbx
c9c9b37a-b96c-11e4-a802-0aaa78deedf9,Pull Heavy Object Stop,Stop Pulling A Heavy Object,Motion,download/c9c9b37a-b96c-11e4-a802-0aaa78deedf9.fbx
c9c9543b-b96c-11e4-a802-0aaa78deedf9,Kiss,Kissing A Shorter Person For A Short Period,Motion,download/c9c9543b-b96c-11e4-a802-0aaa78deedf9.fbx
c9c92f55-b96c-11e4-a802-0aaa78deedf9,Firing Rifle,Repeatedly Firing While Walking With Rifle,Motion,download/c9c92f55-b96c-11e4-a802-0aaa78deedf9.fbx
c9c95057-b96c-11e4-a802-0aaa78deedf9,Prone Forward Stop,Prone Move Forward To Stop In Prone Position,Motion,download/c9c95057-b96c-11e4-a802-0aaa78deedf9.fbx
c9c9b1f3-b96c-11e4-a802-0aaa78deedf9,Pistol Run,Running With Aimed Pistol,Motion,download/c9c9b1f3-b96c-11e4-a802-0aaa78deedf9.fbx
c9c96391-b96c-11e4-a802-0aaa78deedf9,Honking Horn,Hitting Steering Wheel In Driving Idle,Motion,download/c9c96391-b96c-11e4-a802-0aaa78deedf9.fbx
c9c92d0c-b96c-11e4-a802-0aaa78deedf9,Crouched Run,Running Crouched With Rifle,Motion,download/c9c92d0c-b96c-11e4-a802-0aaa78deedf9.fbx
c9c9ae20-b96c-11e4-a802-0aaa78deedf9,Braced Hang,Braced Hang From Mid-Air,Motion,download/c9c9ae20-b96c-11e4-a802-0aaa78deedf9.fbx
c9c977a7-b96c-11e4-a802-0aaa78deedf9,Walking,Walking With A Swagger,Motion,download/c9c977a7-b96c-11e4-a802-0aaa78deedf9.fbx
c9c9ef96-b96c-11e4-a802-0aaa78deedf9,Right Turn W/ Briefcase,Female Right Turn With Briefcase,Motion,download/c9c9ef96-b96c-11e4-a802-0aaa78deedf9.fbx
c9ca5210-b96c-11e4-a802-0aaa78deedf9,"Having A Meeting, Female",Having A Meeting W/ Another At A Desk,Motion,download/c9ca5210-b96c-11e4-a802-0aaa78deedf9.fbx
c9ca0249-b96c-11e4-a802-0aaa78deedf9,Talking Phone Pacing,Male Talking On The Cell Phone While Pacing Back And Forth,Motion,download/c9ca0249-b96c-11e4-a802-0aaa78deedf9.fbx
c9ca7157-b96c-11e4-a802-0aaa78deedf9,Golf Putt Failure,Post-Putting Failed Shot Gesture Var 2,Motion,download/c9ca7157-b96c-11e4-a802-0aaa78deedf9.fbx
c9c80212-b96c-11e4-a802-0aaa78deedf9,Magic Heal,Casting A Healing Spell With One Hand,Motion,download/c9c80212-b96c-11e4-a802-0aaa78deedf9.fbx
c9c861cc-b96c-11e4-a802-0aaa78deedf9,Spit Reaction,Getting Spit In Face And Drawing Weapon,Motion,download/c9c861cc-b96c-11e4-a802-0aaa78deedf9.fbx
c9c8d1bd-b96c-11e4-a802-0aaa78deedf9,Right Turn,Turning Right With Rifle,Motion,download/c9c8d1bd-b96c-11e4-a802-0aaa78deedf9.fbx
c9c8a927-b96c-11e4-a802-0aaa78deedf9,Spat In Face,Painfully Getting Spat On In The Face,Motion,download/c9c8a927-b96c-11e4-a802-0aaa78deedf9.fbx
c9c88bf1-b96c-11e4-a802-0aaa78deedf9,Headspin End,Breakdance Headspin End,Motion,download/c9c88bf1-b96c-11e4-a802-0aaa78deedf9.fbx
c9c877e6-b96c-11e4-a802-0aaa78deedf9,Stand To Crouch,Standing To Crouching Transition,Motion,download/c9c877e6-b96c-11e4-a802-0aaa78deedf9.fbx
c9ce8499-b96c-11e4-a802-0aaa78deedf9,Jump Push Up,Jump Push Up,Motion,download/c9ce8499-b96c-11e4-a802-0aaa78deedf9.fbx
c9cea835-b96c-11e4-a802-0aaa78deedf9,Death From Right,Rifle Death From Right Side,Motion,download/c9cea835-b96c-11e4-a802-0aaa78deedf9.fbx
c9cef4a7-b96c-11e4-a802-0aaa78deedf9,Dancing Twerk,Dancing The Twerk,Motion,download/c9cef4a7-b96c-11e4-a802-0aaa78deedf9.fbx
c9cec07a-b96c-11e4-a802-0aaa78deedf9,Standing Run Forward,Running Forward With Bow,Motion,download/c9cec07a-b96c-11e4-a802-0aaa78deedf9.fbx
c9ce680a-b96c-11e4-a802-0aaa78deedf9,Stroke Shaking Head,Stroke Victim Laying Shaking Head,Motion,download/c9ce680a-b96c-11e4-a802-0aaa78deedf9.fbx
c9cd48df-b96c-11e4-a802-0aaa78deedf9,Twist Dance,Doing The Twist Dance,Motion,download/c9cd48df-b96c-11e4-a802-0aaa78deedf9.fbx
c9cd5d03-b96c-11e4-a802-0aaa78deedf9,Rifle Turn,135 Degree Right Turn,Motion,download/c9cd5d03-b96c-11e4-a802-0aaa78deedf9.fbx
c9ce59ae-b96c-11e4-a802-0aaa78deedf9,Drunk Walk,Drunk Walk Forward,Motion,download/c9ce59ae-b96c-11e4-a802-0aaa78deedf9.fbx
59638101-83cb-4f5b-9ecc-5f3184b1669c,Crouch Turn Left 90,Turning 90 Degrees Left,Motion,download/59638101-83cb-4f5b-9ecc-5f3184b1669c.fbx
c9cedd30-b96c-11e4-a802-0aaa78deedf9,Standing React Large From Left,Hit Reaction From The Left With Axe,Motion,download/c9cedd30-b96c-11e4-a802-0aaa78deedf9.fbx
c9cd70bb-b96c-11e4-a802-0aaa78deedf9,Rifle Turn And Kick,Rifle Turn And Kick In Door,Motion,download/c9cd70bb-b96c-11e4-a802-0aaa78deedf9.fbx
c9ce93c8-b96c-11e4-a802-0aaa78deedf9,Sprint Backward,Rifle Sprint Backward,Motion,download/c9ce93c8-b96c-11e4-a802-0aaa78deedf9.fbx
c9ceeb89-b96c-11e4-a802-0aaa78deedf9,Unarmed Idle Looking Ver. 2,Looking Around,Motion,download/c9ceeb89-b96c-11e4-a802-0aaa78deedf9.fbx
c9cee10b-b96c-11e4-a802-0aaa78deedf9,Standing Taunt Battlecry,Battlecry With Axe,Motion,download/c9cee10b-b96c-11e4-a802-0aaa78deedf9.fbx
c9cd385b-b96c-11e4-a802-0aaa78deedf9,Mma Kick,Mma Medium Kick,Motion,download/c9cd385b-b96c-11e4-a802-0aaa78deedf9.fbx
c9cd86bc-b96c-11e4-a802-0aaa78deedf9,Fall Flat,Falling Flat On Face From A Hit To The Back While Running,Motion,download/c9cd86bc-b96c-11e4-a802-0aaa78deedf9.fbx
c9cd93a9-b96c-11e4-a802-0aaa78deedf9,Pain Gesture,Sporty Granny Back Pain Gesture,Motion,download/c9cd93a9-b96c-11e4-a802-0aaa78deedf9.fbx
c9cc45b3-b96c-11e4-a802-0aaa78deedf9,Breakdance Uprock Var 2,Breakdance Uprock Footwork Var. 2,Motion,download/c9cc45b3-b96c-11e4-a802-0aaa78deedf9.fbx
c9cc3bc3-b96c-11e4-a802-0aaa78deedf9,Breakdance 1990,Breakdance Single Handstand Spin Start,Motion,download/c9cc3bc3-b96c-11e4-a802-0aaa78deedf9.fbx
c9cc1324-b96c-11e4-a802-0aaa78deedf9,Walk With Rifle,Walking With Rifle At Waist Level 3 Cycle,Motion,download/c9cc1324-b96c-11e4-a802-0aaa78deedf9.fbx
c9cbd4d9-b96c-11e4-a802-0aaa78deedf9,Zombie Walk,Zombie Walking,Motion,download/c9cbd4d9-b96c-11e4-a802-0aaa78deedf9.fbx
c9cc0199-b96c-11e4-a802-0aaa78deedf9,Crouch Turn To Stand,Crouch Turn 180 To Stand,Motion,download/c9cc0199-b96c-11e4-a802-0aaa78deedf9.fbx
c9cb4cf2-b96c-11e4-a802-0aaa78deedf9,Offensive Idle,Offensive Soccer Idle,Motion,download/c9cb4cf2-b96c-11e4-a802-0aaa78deedf9.fbx
c9cb6b49-b96c-11e4-a802-0aaa78deedf9,Standing Clap,Sitting To Standing Wide Clap,Motion,download/c9cb6b49-b96c-11e4-a802-0aaa78deedf9.fbx
c9cb40b5-b96c-11e4-a802-0aaa78deedf9,Goalkeeper Catch,Goalkeeper Running Jump Catch Ball High Height,Motion,download/c9cb40b5-b96c-11e4-a802-0aaa78deedf9.fbx
c9cc2281-b96c-11e4-a802-0aaa78deedf9,Zombie Biting,Zombie Standing To Biting On The Ground,Motion,download/c9cc2281-b96c-11e4-a802-0aaa78deedf9.fbx
c9cbb798-b96c-11e4-a802-0aaa78deedf9,Martelo 2,Capoeira High Kick,Motion,download/c9cbb798-b96c-11e4-a802-0aaa78deedf9.fbx
c9cc79c9-b96c-11e4-a802-0aaa78deedf9,Great Sword 180 Turn,Great Sword Run 180 Turn,Motion,download/c9cc79c9-b96c-11e4-a802-0aaa78deedf9.fbx
c9cc6c51-b96c-11e4-a802-0aaa78deedf9,Sword And Shield Turn,Sword And Shield 90 Degree Right Turn,Motion,download/c9cc6c51-b96c-11e4-a802-0aaa78deedf9.fbx
c9cb785c-b96c-11e4-a802-0aaa78deedf9,Sitting Yell,Yelling While Sitting Up,Motion,download/c9cb785c-b96c-11e4-a802-0aaa78deedf9.fbx
c9cba630-b96c-11e4-a802-0aaa78deedf9,Chapa-Giratoria,Capoeira Forward Kick,Motion,download/c9cba630-b96c-11e4-a802-0aaa78deedf9.fbx
c9cc8bd6-b96c-11e4-a802-0aaa78deedf9,Great Sword Jump Attack,Great Sword Jump Attack From Run,Motion,download/c9cc8bd6-b96c-11e4-a802-0aaa78deedf9.fbx
c9ccdeef-b96c-11e4-a802-0aaa78deedf9,Run Forward Arc Left,Running Left Arc In A Sad Disposition,Motion,download/c9ccdeef-b96c-11e4-a802-0aaa78deedf9.fbx
c9cc8822-b96c-11e4-a802-0aaa78deedf9,Great Sword Crouching,Great Sword Crouch To Block,Motion,download/c9cc8822-b96c-11e4-a802-0aaa78deedf9.fbx
c9ccd9a7-b96c-11e4-a802-0aaa78deedf9,Action Idle To Fight Idle,Transition From Action Idle To Fight Idle,Motion,download/c9ccd9a7-b96c-11e4-a802-0aaa78deedf9.fbx
c9ccaa5c-b96c-11e4-a802-0aaa78deedf9,Running Up Stairs,Running Up Stairs,Motion,download/c9ccaa5c-b96c-11e4-a802-0aaa78deedf9.fbx
c9cd2486-b96c-11e4-a802-0aaa78deedf9,Orc Idle,Male Orc Standing Idle,Motion,download/c9cd2486-b96c-11e4-a802-0aaa78deedf9.fbx
c9cd20bb-b96c-11e4-a802-0aaa78deedf9,Left Turn,Female Ninja Left Turn In Place,Motion,download/c9cd20bb-b96c-11e4-a802-0aaa78deedf9.fbx
c9ccee21-b96c-11e4-a802-0aaa78deedf9,Jump,Jump In Place,Motion,download/c9ccee21-b96c-11e4-a802-0aaa78deedf9.fbx
c9cd3f43-b96c-11e4-a802-0aaa78deedf9,Baseball Walk Out,Baseball Batter Walking Out Of Batters Box,Motion,download/c9cd3f43-b96c-11e4-a802-0aaa78deedf9.fbx
c9cae4da-b96c-11e4-a802-0aaa78deedf9,Jab Cross,Boxing Jab Cross Medium,Motion,download/c9cae4da-b96c-11e4-a802-0aaa78deedf9.fbx
c9cb033b-b96c-11e4-a802-0aaa78deedf9,Light Hit To Head,Receiving A Light Hit From A Left Punch,Motion,download/c9cb033b-b96c-11e4-a802-0aaa78deedf9.fbx
c9caf698-b96c-11e4-a802-0aaa78deedf9,Big Kidney Hit,Receiving A Big Hit In The Kidneys,Motion,download/c9caf698-b96c-11e4-a802-0aaa78deedf9.fbx
c9cb06f7-b96c-11e4-a802-0aaa78deedf9,Medium Hit To Head,Receiving A Medium Hit From A Straight Punch,Motion,download/c9cb06f7-b96c-11e4-a802-0aaa78deedf9.fbx
c9c9eed5-b96c-11e4-a802-0aaa78deedf9,Standing W/Briefcase Idle,Standing Idle Holding Suitcase,Motion,download/c9c9eed5-b96c-11e4-a802-0aaa78deedf9.fbx
c9ca8d0f-b96c-11e4-a802-0aaa78deedf9,Jumping,Male Jumping Over An Obstacle With 1 Hand Planted,Motion,download/c9ca8d0f-b96c-11e4-a802-0aaa78deedf9.fbx
c9cd1ce1-b96c-11e4-a802-0aaa78deedf9,Running Arc,Female Ninja Run Arc Right,Motion,download/c9cd1ce1-b96c-11e4-a802-0aaa78deedf9.fbx
c9cd45ea-b96c-11e4-a802-0aaa78deedf9,Baseball Bunt,Baseball Bunt Swing,Motion,download/c9cd45ea-b96c-11e4-a802-0aaa78deedf9.fbx
c9cd40c3-b96c-11e4-a802-0aaa78deedf9,Baseball Hit,Baseball Base Hit - Single,Motion,download/c9cd40c3-b96c-11e4-a802-0aaa78deedf9.fbx
c9ccccfa-b96c-11e4-a802-0aaa78deedf9,Turn Left 45 Degrees,Turn Left 45 Degrees While Aiming Rifle,Motion,download/c9ccccfa-b96c-11e4-a802-0aaa78deedf9.fbx
c9cd8bfa-b96c-11e4-a802-0aaa78deedf9,Spin In Place,Standing Spin In Place,Motion,download/c9cd8bfa-b96c-11e4-a802-0aaa78deedf9.fbx
c9cda5e7-b96c-11e4-a802-0aaa78deedf9,Cow Milking,Milking A Cow,Motion,download/c9cda5e7-b96c-11e4-a802-0aaa78deedf9.fbx
c9cc7f1e-b96c-11e4-a802-0aaa78deedf9,Great Sword Slash,Great Sword Low Slash,Motion,download/c9cc7f1e-b96c-11e4-a802-0aaa78deedf9.fbx
c9cc1658-b96c-11e4-a802-0aaa78deedf9,Paddling,Paddling A Single Oar Canoe,Motion,download/c9cc1658-b96c-11e4-a802-0aaa78deedf9.fbx
c9cc8097-b96c-11e4-a802-0aaa78deedf9,Great Sword Blocking,Great Sword Standing To Block,Motion,download/c9cc8097-b96c-11e4-a802-0aaa78deedf9.fbx
c9caa766-b96c-11e4-a802-0aaa78deedf9,Fist Fight A,Engaged In A Fist Fight,Motion,download/c9caa766-b96c-11e4-a802-0aaa78deedf9.fbx
c9c9ec93-b96c-11e4-a802-0aaa78deedf9,Left Turn W/Briefcase,Male Left Turn With Briefcase,Motion,download/c9c9ec93-b96c-11e4-a802-0aaa78deedf9.fbx
c9c9d6d5-b96c-11e4-a802-0aaa78deedf9,Fishing Cast,Fishing Cast And Reel In,Motion,download/c9c9d6d5-b96c-11e4-a802-0aaa78deedf9.fbx
c9c99715-b96c-11e4-a802-0aaa78deedf9,Running,Running With Intention,Motion,download/c9c99715-b96c-11e4-a802-0aaa78deedf9.fbx
c9cc52f4-b96c-11e4-a802-0aaa78deedf9,Sword And Shield Block,Sword And Shield Idle To Block,Motion,download/c9cc52f4-b96c-11e4-a802-0aaa78deedf9.fbx
c9cc7600-b96c-11e4-a802-0aaa78deedf9,Great Sword 180 Turn,Great Sword Walk 180 Turn,Motion,download/c9cc7600-b96c-11e4-a802-0aaa78deedf9.fbx
c9cc4740-b96c-11e4-a802-0aaa78deedf9,Sword And Shield Run,Sword And Shield Run,Motion,download/c9cc4740-b96c-11e4-a802-0aaa78deedf9.fbx
c9cc6481-b96c-11e4-a802-0aaa78deedf9,Sword And Shield Attack,Sword And Shield Low Attack,Motion,download/c9cc6481-b96c-11e4-a802-0aaa78deedf9.fbx
c9cc1c35-b96c-11e4-a802-0aaa78deedf9,Crossleg Freeze,Breakdance Crossleg Freeze Transition To Stand,Motion,download/c9cc1c35-b96c-11e4-a802-0aaa78deedf9.fbx
f7d02af6-a8e6-4423-9c2e-f02c96e0a652,Crouch Walk Right,Walking Right With Bow,Motion,download/f7d02af6-a8e6-4423-9c2e-f02c96e0a652.fbx
14ea273c-ab33-4551-a36b-8d9c7a5bf22c,Standing Torch Melee Attack Stab,Forward Stab Attack With Torch,Motion,download/14ea273c-ab33-4551-a36b-8d9c7a5bf22c.fbx
c9ceaf01-b96c-11e4-a802-0aaa78deedf9,Standing Death Forward 01,Death Reaction Falling Forwards With Bow,Motion,download/c9ceaf01-b96c-11e4-a802-0aaa78deedf9.fbx
c9ceee9c-b96c-11e4-a802-0aaa78deedf9,Unarmed Run Forward,Running Forward,Motion,download/c9ceee9c-b96c-11e4-a802-0aaa78deedf9.fbx
9c6a2004-2e4e-4d6e-8cdb-aba2c1cf8624,Female Crouch Pose,Examine Backwards,Motion,download/9c6a2004-2e4e-4d6e-8cdb-aba2c1cf8624.fbx
0f26e52f-b58e-46b3-b67c-af94a4a8f285,Catwalk Walk Stop Twist R,Female Walk Forward To Twist Right Idle,Motion,download/0f26e52f-b58e-46b3-b67c-af94a4a8f285.fbx
c9ceb494-b96c-11e4-a802-0aaa78deedf9,Unarmed Idle 01,Standing Idle Unarmed,Motion,download/c9ceb494-b96c-11e4-a802-0aaa78deedf9.fbx
c9ce8259-b96c-11e4-a802-0aaa78deedf9,Circle Crunch,Circle Crunch On Floor,Motion,download/c9ce8259-b96c-11e4-a802-0aaa78deedf9.fbx
c9cce7b7-b96c-11e4-a802-0aaa78deedf9,Standing Idle To Fight Idle,Transition From Standing Idle To Fight Idle,Motion,download/c9cce7b7-b96c-11e4-a802-0aaa78deedf9.fbx
c9cca0a4-b96c-11e4-a802-0aaa78deedf9,Kick To The Groin,Receive A Kick To The Groin To Falling Down,Motion,download/c9cca0a4-b96c-11e4-a802-0aaa78deedf9.fbx
c9ced340-b96c-11e4-a802-0aaa78deedf9,Standing Melee Attack Downward,Downward Attack With Axe,Motion,download/c9ced340-b96c-11e4-a802-0aaa78deedf9.fbx
c1283d5c-255d-40df-92b6-84e1e0421b28,Catwalk Twist L To Walk 180,Female Twist Left Idle To Walk 180 - Turning Left,Motion,download/c1283d5c-255d-40df-92b6-84e1e0421b28.fbx
c9cd6935-b96c-11e4-a802-0aaa78deedf9,Rifle Crouch Turn,135 Degree Left Turn,Motion,download/c9cd6935-b96c-11e4-a802-0aaa78deedf9.fbx
c9cd8836-b96c-11e4-a802-0aaa78deedf9,Hit To Side Of Body,Hit To Side Of The Body With Object While Running,Motion,download/c9cd8836-b96c-11e4-a802-0aaa78deedf9.fbx
c9cd6e7e-b96c-11e4-a802-0aaa78deedf9,Rifle Crouch Idle To Walk,Rifle Crouch Idle To Crouch Walk,Motion,download/c9cd6e7e-b96c-11e4-a802-0aaa78deedf9.fbx
c9ccfa55-b96c-11e4-a802-0aaa78deedf9,Walking Backward Arc Right,Female Walk Backward Arc Right,Motion,download/c9ccfa55-b96c-11e4-a802-0aaa78deedf9.fbx
c9cc37d3-b96c-11e4-a802-0aaa78deedf9,Breakdance Freeze Var 2,Breakdance Single Handstand Freeze Var 2,Motion,download/c9cc37d3-b96c-11e4-a802-0aaa78deedf9.fbx
c9cb8a3b-b96c-11e4-a802-0aaa78deedf9,Sitting Angry,Sitting Highly Aggravated,Motion,download/c9cb8a3b-b96c-11e4-a802-0aaa78deedf9.fbx
c9c99c82-b96c-11e4-a802-0aaa78deedf9,Hard Landing,Mid-Air Falling To A Hard Landing,Motion,download/c9c99c82-b96c-11e4-a802-0aaa78deedf9.fbx
c9cb53b0-b96c-11e4-a802-0aaa78deedf9,Head Hit,Receiving A Big Hit To The Head From A Right Punch,Motion,download/c9cb53b0-b96c-11e4-a802-0aaa78deedf9.fbx
c9cb5234-b96c-11e4-a802-0aaa78deedf9,Head Hit,Receiving A Medium Hit To The Head From A Left Punch,Motion,download/c9cb5234-b96c-11e4-a802-0aaa78deedf9.fbx
c9cb1594-b96c-11e4-a802-0aaa78deedf9,Lead Jab,Long Body Jab,Motion,download/c9cb1594-b96c-11e4-a802-0aaa78deedf9.fbx
c9caed58-b96c-11e4-a802-0aaa78deedf9,Left Block,High Left Block,Motion,download/c9caed58-b96c-11e4-a802-0aaa78deedf9.fbx
c9caebc0-b96c-11e4-a802-0aaa78deedf9,Long Step Forward,Long Boxing Step Forward,Motion,download/c9caebc0-b96c-11e4-a802-0aaa78deedf9.fbx
c9cac590-b96c-11e4-a802-0aaa78deedf9,Run To Rolling,Run Ro Roll Eveade To Run,Motion,download/c9cac590-b96c-11e4-a802-0aaa78deedf9.fbx
c9cb04b8-b96c-11e4-a802-0aaa78deedf9,Medium Hit To Head,Receiving A Medium Hit From A Right Punch,Motion,download/c9cb04b8-b96c-11e4-a802-0aaa78deedf9.fbx
c9cb09fa-b96c-11e4-a802-0aaa78deedf9,Throw,Throwing An Object From A Standard Pose,Motion,download/c9cb09fa-b96c-11e4-a802-0aaa78deedf9.fbx
c9cb63ba-b96c-11e4-a802-0aaa78deedf9,Sitting Clap,Sitting Ethusiastic Clap,Motion,download/c9cb63ba-b96c-11e4-a802-0aaa78deedf9.fbx
c9c9a98d-b96c-11e4-a802-0aaa78deedf9,Left Turn,Standing Left Turn Sans Rotation,Motion,download/c9c9a98d-b96c-11e4-a802-0aaa78deedf9.fbx
c9c91c6e-b96c-11e4-a802-0aaa78deedf9,Acknowledging,Acknowledging Gesture,Motion,download/c9c91c6e-b96c-11e4-a802-0aaa78deedf9.fbx
c9c972d1-b96c-11e4-a802-0aaa78deedf9,Idle,Standing Idle,Motion,download/c9c972d1-b96c-11e4-a802-0aaa78deedf9.fbx
c9c9ab0e-b96c-11e4-a802-0aaa78deedf9,Braced Hang Hop Left,Braced Hang Hop Left To Another Braced Hang,Motion,download/c9c9ab0e-b96c-11e4-a802-0aaa78deedf9.fbx
c9c98dbb-b96c-11e4-a802-0aaa78deedf9,Falling To Roll,Mid-Air Falling Into A Roll,Motion,download/c9c98dbb-b96c-11e4-a802-0aaa78deedf9.fbx
c9c9841d-b96c-11e4-a802-0aaa78deedf9,Left Turn,Standing Left Turn,Motion,download/c9c9841d-b96c-11e4-a802-0aaa78deedf9.fbx
84d66e2b-b1ee-4219-ba9d-ece0382a1ac4,Unarmed Idle 01,Unarmed Idle,Motion,download/84d66e2b-b1ee-4219-ba9d-ece0382a1ac4.fbx
3ab11171-f610-463d-84ad-addc22120a45,Standing Death Backward 01,Death Reaction Falling Backwards With Bow,Motion,download/3ab11171-f610-463d-84ad-addc22120a45.fbx
a85411b3-247b-4f3a-b47c-826381a53980,Standing React Large From Right,Hit Reaction From The Right With Bow,Motion,download/a85411b3-247b-4f3a-b47c-826381a53980.fbx
5ccc29e1-11c4-4cd6-98db-87da34c04ae3,Fall B Land To Standing Idle,Land From Fall B To Standing Idle,Motion,download/5ccc29e1-11c4-4cd6-98db-87da34c04ae3.fbx
37425bc0-64ff-4207-b32d-9942fccb1025,Standing Torch Melee Attack 04,Two Hit Combo Attack With Torch,Motion,download/37425bc0-64ff-4207-b32d-9942fccb1025.fbx
c9cb6c0f-b96c-11e4-a802-0aaa78deedf9,Fist Pump,Less Enthusiastic Fist Pump,Motion,download/c9cb6c0f-b96c-11e4-a802-0aaa78deedf9.fbx
c9cba02e-b96c-11e4-a802-0aaa78deedf9,Au To Role,Capoeira Cartwheel To Roll Escape,Motion,download/c9cba02e-b96c-11e4-a802-0aaa78deedf9.fbx
c9c9829c-b96c-11e4-a802-0aaa78deedf9,Left Strafe Walk,Walking Strafe To The Left,Motion,download/c9c9829c-b96c-11e4-a802-0aaa78deedf9.fbx
c9c959ad-b96c-11e4-a802-0aaa78deedf9,Administering Cpr,Administering Cpr To A Victim On The Ground,Motion,download/c9c959ad-b96c-11e4-a802-0aaa78deedf9.fbx
c9c95f5e-b96c-11e4-a802-0aaa78deedf9,Dive Roll,Dive Roll From Standing,Motion,download/c9c95f5e-b96c-11e4-a802-0aaa78deedf9.fbx
c9c9965a-b96c-11e4-a802-0aaa78deedf9,Idle,Ready Pose To Adjusting Stance,Motion,download/c9c9965a-b96c-11e4-a802-0aaa78deedf9.fbx
c9c99a2b-b96c-11e4-a802-0aaa78deedf9,Crouched Sneaking Left,Crouched Cover Sneaking Left,Motion,download/c9c99a2b-b96c-11e4-a802-0aaa78deedf9.fbx
c9ca614b-b96c-11e4-a802-0aaa78deedf9,Golf Drive,Big Drive,Motion,download/c9ca614b-b96c-11e4-a802-0aaa78deedf9.fbx
c9ca5a94-b96c-11e4-a802-0aaa78deedf9,Golf Chip,Medium Chip Shot,Motion,download/c9ca5a94-b96c-11e4-a802-0aaa78deedf9.fbx
c9ca0631-b96c-11e4-a802-0aaa78deedf9,Searching Files High,Searching The Top Drawer Of A File Cabinet,Motion,download/c9ca0631-b96c-11e4-a802-0aaa78deedf9.fbx
c9c9fb33-b96c-11e4-a802-0aaa78deedf9,Texting,Standing Texting On Phone,Motion,download/c9c9fb33-b96c-11e4-a802-0aaa78deedf9.fbx
c9c9456e-b96c-11e4-a802-0aaa78deedf9,Crouch Rapid Fire,Rapid Fire While In Crouch Posistion,Motion,download/c9c9456e-b96c-11e4-a802-0aaa78deedf9.fbx
c9c93840-b96c-11e4-a802-0aaa78deedf9,Strafing Jump,Jumping While Strafing Right,Motion,download/c9c93840-b96c-11e4-a802-0aaa78deedf9.fbx
c9c9b7c5-b96c-11e4-a802-0aaa78deedf9,Right Hook,Right Hook Punch From Idle,Motion,download/c9c9b7c5-b96c-11e4-a802-0aaa78deedf9.fbx
c9c9d0d6-b96c-11e4-a802-0aaa78deedf9,Falling To Roll,Mid-Air Falling Into A Roll Game Blend,Motion,download/c9c9d0d6-b96c-11e4-a802-0aaa78deedf9.fbx
c9c9c626-b96c-11e4-a802-0aaa78deedf9,Uppercut,Standing Left Uppercut Punch,Motion,download/c9c9c626-b96c-11e4-a802-0aaa78deedf9.fbx
c9ca6b7d-b96c-11e4-a802-0aaa78deedf9,Golf Tee Up,Placing Tee Into The Ground,Motion,download/c9ca6b7d-b96c-11e4-a802-0aaa78deedf9.fbx
c9c9d617-b96c-11e4-a802-0aaa78deedf9,Pushing,Pushing A Heavy Object,Motion,download/c9c9d617-b96c-11e4-a802-0aaa78deedf9.fbx
c9c84593-b96c-11e4-a802-0aaa78deedf9,Climbing Down,Climbing Down To Standing,Motion,download/c9c84593-b96c-11e4-a802-0aaa78deedf9.fbx
c9c8c75e-b96c-11e4-a802-0aaa78deedf9,Crouch Walk,Crouched Against Wall To Crouch Walk,Motion,download/c9c8c75e-b96c-11e4-a802-0aaa78deedf9.fbx
c9c8dc34-b96c-11e4-a802-0aaa78deedf9,Looking Right,Quickly Looking To The Right,Motion,download/c9c8dc34-b96c-11e4-a802-0aaa78deedf9.fbx
c9c8cbb3-b96c-11e4-a802-0aaa78deedf9,Patting,Patting On The Back,Motion,download/c9c8cbb3-b96c-11e4-a802-0aaa78deedf9.fbx
c9c8a565-b96c-11e4-a802-0aaa78deedf9,Knocked Down,Knocked Down To Stomach,Motion,download/c9c8a565-b96c-11e4-a802-0aaa78deedf9.fbx
c9c87dd0-b96c-11e4-a802-0aaa78deedf9,Running Dive Roll,Rifle Run Dive Roll To Stopped,Motion,download/c9c87dd0-b96c-11e4-a802-0aaa78deedf9.fbx
c9c85d41-b96c-11e4-a802-0aaa78deedf9,Helping Out,Helping Someone Into A Vehicle,Motion,download/c9c85d41-b96c-11e4-a802-0aaa78deedf9.fbx
c9c85311-b96c-11e4-a802-0aaa78deedf9,Carrying Turn,Carrying Someone To Turn Left,Motion,download/c9c85311-b96c-11e4-a802-0aaa78deedf9.fbx
c9c8c6a4-b96c-11e4-a802-0aaa78deedf9,Sneaking Forward,Sneaking Forward Quickly,Motion,download/c9c8c6a4-b96c-11e4-a802-0aaa78deedf9.fbx
c9c89a5c-b96c-11e4-a802-0aaa78deedf9,Crouch Running,Crouch To Running While Aiming Rifle,Motion,download/c9c89a5c-b96c-11e4-a802-0aaa78deedf9.fbx
c9c83d6c-b96c-11e4-a802-0aaa78deedf9,Laying,Laying On Back Idle,Motion,download/c9c83d6c-b96c-11e4-a802-0aaa78deedf9.fbx
c9c835e6-b96c-11e4-a802-0aaa78deedf9,Throwing,Throwing And Object,Motion,download/c9c835e6-b96c-11e4-a802-0aaa78deedf9.fbx
c9c849de-b96c-11e4-a802-0aaa78deedf9,Jumping,Step Up To Jump Over Object,Motion,download/c9c849de-b96c-11e4-a802-0aaa78deedf9.fbx
c9c7392c-b96c-11e4-a802-0aaa78deedf9,Snake Hip Hop Dance,Snake Hip Hop Dance,Motion,download/c9c7392c-b96c-11e4-a802-0aaa78deedf9.fbx
c9c70517-b96c-11e4-a802-0aaa78deedf9,Boxing,Boxing Idle,Motion,download/c9c70517-b96c-11e4-a802-0aaa78deedf9.fbx
c9c6fe3b-b96c-11e4-a802-0aaa78deedf9,Lifting,Pick Up Object And Examine,Motion,download/c9c6fe3b-b96c-11e4-a802-0aaa78deedf9.fbx
c9cc27cd-b96c-11e4-a802-0aaa78deedf9,Defender,Running To Tackle,Motion,download/c9cc27cd-b96c-11e4-a802-0aaa78deedf9.fbx
c9c70319-b96c-11e4-a802-0aaa78deedf9,Boxing,Boxing Back Hand Uppercut,Motion,download/c9c70319-b96c-11e4-a802-0aaa78deedf9.fbx
c9cc2d10-b96c-11e4-a802-0aaa78deedf9,Soccer Spin,Soccer 360 Spin,Motion,download/c9cc2d10-b96c-11e4-a802-0aaa78deedf9.fbx
c9c73337-b96c-11e4-a802-0aaa78deedf9,Strafe,Running Sideways Facing Forward,Motion,download/c9c73337-b96c-11e4-a802-0aaa78deedf9.fbx
c9c6eb62-b96c-11e4-a802-0aaa78deedf9,Dancing,Ballet Dance Variation One,Motion,download/c9c6eb62-b96c-11e4-a802-0aaa78deedf9.fbx
c9c7090b-b96c-11e4-a802-0aaa78deedf9,Boxing,Body Punch To The Knee,Motion,download/c9c7090b-b96c-11e4-a802-0aaa78deedf9.fbx
c9c69167-b96c-11e4-a802-0aaa78deedf9,Femme Peek Around Corner,Female Peek Around Corner With Gun,Motion,download/c9c69167-b96c-11e4-a802-0aaa78deedf9.fbx
c9c64507-b96c-11e4-a802-0aaa78deedf9,Leg Sweep,Back Leg Sweep,Motion,download/c9c64507-b96c-11e4-a802-0aaa78deedf9.fbx
c9c623a5-b96c-11e4-a802-0aaa78deedf9,Kicking,Male Front Snap Kick With The Rear Foot Retreating,Motion,download/c9c623a5-b96c-11e4-a802-0aaa78deedf9.fbx
c9c619e3-b96c-11e4-a802-0aaa78deedf9,Dodging,Boxing Dodge Retreat,Motion,download/c9c619e3-b96c-11e4-a802-0aaa78deedf9.fbx
c9c61f91-b96c-11e4-a802-0aaa78deedf9,Kicking,Male Front Snap Kick With The Lead Foot,Motion,download/c9c61f91-b96c-11e4-a802-0aaa78deedf9.fbx
c9c62efe-b96c-11e4-a802-0aaa78deedf9,Dying,Dying Shot To Back Of Head Falling On Two Knees,Motion,download/c9c62efe-b96c-11e4-a802-0aaa78deedf9.fbx
c9c7f89a-b96c-11e4-a802-0aaa78deedf9,Cross Punch,A Cross Punch,Motion,download/c9c7f89a-b96c-11e4-a802-0aaa78deedf9.fbx
c9c83298-b96c-11e4-a802-0aaa78deedf9,Strafe,Strafe Right With Rifle,Motion,download/c9c83298-b96c-11e4-a802-0aaa78deedf9.fbx
c9c928d0-b96c-11e4-a802-0aaa78deedf9,Crouch Run Backwards,Running Backwards Crouched While Aiming Rifle,Motion,download/c9c928d0-b96c-11e4-a802-0aaa78deedf9.fbx
c9c911f9-b96c-11e4-a802-0aaa78deedf9,Cocky Head Turn,Turning Head To The Side In A Cocky Manner,Motion,download/c9c911f9-b96c-11e4-a802-0aaa78deedf9.fbx
c9c83e34-b96c-11e4-a802-0aaa78deedf9,Aiming,Turning Around To Aim Gun,Motion,download/c9c83e34-b96c-11e4-a802-0aaa78deedf9.fbx
c9c86340-b96c-11e4-a802-0aaa78deedf9,Hit Reaction,Hit Reaction From Rifle Crouched,Motion,download/c9c86340-b96c-11e4-a802-0aaa78deedf9.fbx
c9c830ee-b96c-11e4-a802-0aaa78deedf9,Getting Bit,Getting Bit On Arm,Motion,download/c9c830ee-b96c-11e4-a802-0aaa78deedf9.fbx
c9c874fa-b96c-11e4-a802-0aaa78deedf9,Strafe Left,Rifle Walk Strafe Left,Motion,download/c9c874fa-b96c-11e4-a802-0aaa78deedf9.fbx
c9c6eaa4-b96c-11e4-a802-0aaa78deedf9,Injured Walk,Injury On Right Leg And Arm,Motion,download/c9c6eaa4-b96c-11e4-a802-0aaa78deedf9.fbx
c9c69cbf-b96c-11e4-a802-0aaa78deedf9,Fireball,Street Fighter Hadouken,Motion,download/c9c69cbf-b96c-11e4-a802-0aaa78deedf9.fbx
c9c6be88-b96c-11e4-a802-0aaa78deedf9,Pistol Idle,"Idle Holding Pistol, Kicking Out And Shaking Legs",Motion,download/c9c6be88-b96c-11e4-a802-0aaa78deedf9.fbx
c9c6c767-b96c-11e4-a802-0aaa78deedf9,Bayonet Stab,Advancing And Stabbing With Rifle Bayonet Or Spear,Motion,download/c9c6c767-b96c-11e4-a802-0aaa78deedf9.fbx
c9c7a1ab-b96c-11e4-a802-0aaa78deedf9,Standing Thumbs Up,Giving Thumbs Up While Standing,Motion,download/c9c7a1ab-b96c-11e4-a802-0aaa78deedf9.fbx
c9c742cb-b96c-11e4-a802-0aaa78deedf9,Samba Dancing,Female Samba Pagode Variation Five- Loop,Motion,download/c9c742cb-b96c-11e4-a802-0aaa78deedf9.fbx
c9c709c6-b96c-11e4-a802-0aaa78deedf9,Samba Dancing,Samba Gandy Variation 1,Motion,download/c9c709c6-b96c-11e4-a802-0aaa78deedf9.fbx
c9c7303c-b96c-11e4-a802-0aaa78deedf9,Stable Sword Outward Slash,Outward Slashing With A Sword Standing Stable,Motion,download/c9c7303c-b96c-11e4-a802-0aaa78deedf9.fbx
c9c726b2-b96c-11e4-a802-0aaa78deedf9,Walking,Side Step From Corner Of Ring,Motion,download/c9c726b2-b96c-11e4-a802-0aaa78deedf9.fbx
c9c794fc-b96c-11e4-a802-0aaa78deedf9,Dice Idle,Tapping Fingers From A Sitting Position,Motion,download/c9c794fc-b96c-11e4-a802-0aaa78deedf9.fbx
c9c62fce-b96c-11e4-a802-0aaa78deedf9,Dying,Dying Shot To The Head Falling On Two Knees,Motion,download/c9c62fce-b96c-11e4-a802-0aaa78deedf9.fbx
c9c60c4f-b96c-11e4-a802-0aaa78deedf9,Knee Kick Lead,Kicking With Lead Foot,Motion,download/c9c60c4f-b96c-11e4-a802-0aaa78deedf9.fbx
